2026-09-03 16:34:32.837 [background-preinit] INFO  o.h.validator.internal.util.Version - HV000001: Hibernate Validator 8.0.1.Final
2026-09-03 16:34:33.094 [Test worker] INFO  r.i.i.p.ChunkedTest - Starting ChunkedTest using Java 21.0.9 with PID 5596 (started by USER in D:\gpb_tasks\publisher-change-food-card)
2026-09-03 16:34:33.096 [Test worker] INFO  r.i.i.p.ChunkedTest - No active profile set, falling back to 1 default profile: "default"
2026-09-03 16:34:34.372 [Test worker] INFO  o.s.d.r.c.RepositoryConfigurationDelegate - Bootstrapping Spring Data JPA repositories in DEFAULT mode.
2026-09-03 16:34:34.504 [Test worker] INFO  o.s.d.r.c.RepositoryConfigurationDelegate - Finished Spring Data repository scanning in 104 ms. Found 1 JPA repository interface.
2026-09-03 16:34:34.509 [Test worker] INFO  o.s.d.r.c.RepositoryConfigurationDelegate - Bootstrapping Spring Data JPA repositories in DEFAULT mode.
2026-09-03 16:34:34.524 [Test worker] INFO  o.s.d.r.c.RepositoryConfigurationDelegate - Finished Spring Data repository scanning in 14 ms. Found 3 JPA repository interfaces.
2026-09-03 16:34:36.825 [Test worker] INFO  o.s.b.w.e.tomcat.TomcatWebServer - Tomcat initialized with port 8081 (http)
2026-09-03 16:34:36.865 [Test worker] INFO  o.a.coyote.http11.Http11NioProtocol - Initializing ProtocolHandler ["http-nio-8081"]
2026-09-03 16:34:36.869 [Test worker] INFO  o.a.catalina.core.StandardService - Starting service [Tomcat]
2026-09-03 16:34:36.870 [Test worker] INFO  o.a.catalina.core.StandardEngine - Starting Servlet engine: [Apache Tomcat/10.1.26]
2026-09-03 16:34:37.030 [Test worker] INFO  o.a.c.c.C.[Tomcat].[localhost].[/] - Initializing Spring embedded WebApplicationContext
2026-09-03 16:34:37.030 [Test worker] INFO  o.s.b.w.s.c.ServletWebServerApplicationContext - Root WebApplicationContext: initialization completed in 3848 ms
2026-09-03 16:34:37.399 [Test worker] INFO  o.h.jpa.internal.util.LogHelper - HHH000204: Processing PersistenceUnitInfo [name: oracle]
2026-09-03 16:34:37.630 [Test worker] INFO  org.hibernate.Version - HHH000412: Hibernate ORM core version 6.5.2.Final
2026-09-03 16:34:37.748 [Test worker] INFO  o.h.c.i.RegionFactoryInitiator - HHH000026: Second-level cache disabled
2026-09-03 16:34:38.891 [Test worker] INFO  o.s.o.j.p.SpringPersistenceUnitInfo - No LoadTimeWeaver setup: ignoring JPA class transformer
2026-09-03 16:34:38.986 [Test worker] INFO  com.zaxxer.hikari.HikariDataSource - HikariPool-1 - Starting...
2026-09-03 16:34:39.045 [Test worker] INFO  com.zaxxer.hikari.pool.HikariPool - HikariPool-1 - Added connection oracle.jdbc.driver.T4CConnection@75cbf0ec
2026-09-03 16:34:39.049 [Test worker] INFO  com.zaxxer.hikari.HikariDataSource - HikariPool-1 - Start completed.
2026-09-03 16:34:39.148 [Test worker] WARN  org.hibernate.dialect.Dialect - HHH000511: The 11.2.0 version for [org.hibernate.dialect.OracleDialect] is no longer supported, hence certain features may not work properly. The minimum supported version is 19.0.0. Check the community dialects project for available legacy versions.
2026-09-03 16:34:39.161 [Test worker] WARN  org.hibernate.orm.deprecation - HHH90000025: OracleDialect does not need to be specified explicitly using 'hibernate.dialect' (remove the property setting and it will be selected by default)
2026-09-03 16:34:42.716 [Test worker] INFO  o.h.e.t.j.p.i.JtaPlatformInitiator - HHH000489: No JTA platform available (set 'hibernate.transaction.jta.platform' to enable JTA platform integration)
2026-09-03 16:34:42.723 [Test worker] INFO  o.s.o.j.LocalContainerEntityManagerFactoryBean - Initialized JPA EntityManagerFactory for persistence unit 'oracle'
2026-09-03 16:34:42.751 [Test worker] INFO  o.h.jpa.internal.util.LogHelper - HHH000204: Processing PersistenceUnitInfo [name: postgres]
2026-09-03 16:34:42.757 [Test worker] INFO  o.h.c.i.RegionFactoryInitiator - HHH000026: Second-level cache disabled
2026-09-03 16:34:42.779 [Test worker] INFO  o.s.o.j.p.SpringPersistenceUnitInfo - No LoadTimeWeaver setup: ignoring JPA class transformer
2026-09-03 16:34:42.781 [Test worker] INFO  com.zaxxer.hikari.HikariDataSource - HikariPool-2 - Starting...
2026-09-03 16:34:42.842 [Test worker] INFO  com.zaxxer.hikari.pool.HikariPool - HikariPool-2 - Added connection org.postgresql.jdbc.PgConnection@77ae3184
2026-09-03 16:34:42.843 [Test worker] INFO  com.zaxxer.hikari.HikariDataSource - HikariPool-2 - Start completed.
2026-09-03 16:34:42.886 [Test worker] WARN  org.hibernate.orm.deprecation - HHH90000025: PostgreSQLDialect does not need to be specified explicitly using 'hibernate.dialect' (remove the property setting and it will be selected by default)
2026-09-03 16:34:43.419 [Test worker] INFO  o.h.e.t.j.p.i.JtaPlatformInitiator - HHH000489: No JTA platform available (set 'hibernate.transaction.jta.platform' to enable JTA platform integration)
2026-09-03 16:34:43.419 [Test worker] INFO  o.s.o.j.LocalContainerEntityManagerFactoryBean - Initialized JPA EntityManagerFactory for persistence unit 'postgres'
2026-09-03 16:34:44.435 [Test worker] WARN  o.s.b.a.o.j.JpaBaseConfiguration$JpaWebConfiguration - spring.jpa.open-in-view is enabled by default. Therefore, database queries may be performed during view rendering. Explicitly configure spring.jpa.open-in-view to disable this warning
2026-09-03 16:34:45.321 [Test worker] INFO  n.d.b.g.s.a.GrpcServerFactoryAutoConfiguration - Detected grpc-netty-shaded: Creating ShadedNettyGrpcServerFactory
2026-09-03 16:34:45.858 [Test worker] INFO  o.a.coyote.http11.Http11NioProtocol - Starting ProtocolHandler ["http-nio-8081"]
2026-09-03 16:34:45.891 [Test worker] INFO  o.s.b.w.e.tomcat.TomcatWebServer - Tomcat started on port 8081 (http) with context path '/'
2026-09-03 16:34:46.168 [Test worker] INFO  n.d.b.g.s.s.AbstractGrpcServerFactory - Registered gRPC service: ru.itone.illya4gurenko.grpc.FileUploadService, bean: fileUploadGrpcService, class: ru.itone.illya4gurenko.publisher_change_food_card.controller.FileUploadGrpcService
2026-09-03 16:34:46.168 [Test worker] INFO  n.d.b.g.s.s.AbstractGrpcServerFactory - Registered gRPC service: grpc.health.v1.Health, bean: grpcHealthService, class: io.grpc.protobuf.services.HealthServiceImpl
2026-09-03 16:34:46.168 [Test worker] INFO  n.d.b.g.s.s.AbstractGrpcServerFactory - Registered gRPC service: grpc.reflection.v1alpha.ServerReflection, bean: protoReflectionService, class: io.grpc.protobuf.services.ProtoReflectionService
2026-09-03 16:34:46.655 [Test worker] INFO  n.d.b.g.s.s.GrpcServerLifecycle - gRPC Server started, listening on address: *, port: 9090
2026-09-03 16:34:46.677 [Test worker] INFO  r.i.i.p.ChunkedTest - Started ChunkedTest in 15.032 seconds (process running for 53.246)
2026-09-03 16:34:48.292 [http-nio-8081-exec-1] INFO  o.a.c.c.C.[Tomcat].[localhost].[/] - Initializing Spring DispatcherServlet 'dispatcherServlet'
2026-09-03 16:34:48.293 [http-nio-8081-exec-1] INFO  o.s.web.servlet.DispatcherServlet - Initializing Servlet 'dispatcherServlet'
2026-09-03 16:34:48.295 [http-nio-8081-exec-1] INFO  o.s.web.servlet.DispatcherServlet - Completed initialization in 1 ms
2026-09-03 16:34:48.514 [http-nio-8081-exec-1] INFO  r.i.i.p.service.GenerateDirService - create 3 state directory
2026-09-03 16:34:48.515 [http-nio-8081-exec-1] INFO  r.i.i.p.service.GenerateDirService - file: Z001002.GPB_ENROLL5.298 move to in-progress from controller
2026-09-03 16:34:48.520 [http-nio-8081-exec-1] INFO  r.i.i.p.service.ProcessFileService - start process file: Z001002.GPB_ENROLL5.298
2026-09-03 16:34:48.526 [http-nio-8081-exec-1] INFO  r.i.i.p.s.visitor.EnrollVisitor - title: Z001002.GPB_ENROLL5.298 is valid
2026-09-03 16:34:48.904 [http-nio-8081-exec-1] INFO  r.i.i.p.service.GenerateDirService - create 3 state directory
2026-09-03 16:34:48.906 [http-nio-8081-exec-1] INFO  r.i.i.p.service.GenerateDirService - file: Z001002.GPB_ENROLL5.298 move to success
2026-09-03 16:34:48.906 [http-nio-8081-exec-1] INFO  r.i.i.p.service.ProcessFileService - file: Z001002.GPB_ENROLL5.298 move in success
2026-09-03 16:34:48.907 [http-nio-8081-exec-1] INFO  r.i.i.p.c.FileChunkedController - file: Z001002.GPB_ENROLL5.298 success chunked get
2026-09-03 16:34:49.880 [http-nio-8081-exec-3] INFO  r.i.i.p.service.GenerateDirService - create 3 state directory
2026-09-03 16:34:49.882 [http-nio-8081-exec-3] INFO  r.i.i.p.service.GenerateDirService - file: Z001002.GPB_ENROLL6.298 move to in-progress from controller
2026-09-03 16:34:49.889 [http-nio-8081-exec-3] INFO  r.i.i.p.service.ProcessFileService - start process file: Z001002.GPB_ENROLL6.298
2026-09-03 16:34:49.892 [http-nio-8081-exec-3] INFO  r.i.i.p.s.visitor.EnrollVisitor - title: Z001002.GPB_ENROLL6.298 is valid
2026-09-03 16:34:49.961 [http-nio-8081-exec-3] INFO  r.i.i.p.service.GenerateDirService - create 3 state directory
2026-09-03 16:34:49.963 [http-nio-8081-exec-3] INFO  r.i.i.p.service.GenerateDirService - file: Z001002.GPB_ENROLL6.298 move to success
2026-09-03 16:34:49.963 [http-nio-8081-exec-3] INFO  r.i.i.p.service.ProcessFileService - file: Z001002.GPB_ENROLL6.298 move in success
2026-09-03 16:34:49.964 [http-nio-8081-exec-3] INFO  r.i.i.p.c.FileChunkedController - file: Z001002.GPB_ENROLL6.298 success chunked get
2026-09-03 16:34:49.987 [http-nio-8081-exec-4] WARN  r.i.i.p.c.FileChunkedController - file: Z001002.GPB_ENROLL6.298 is exist in db
2026-09-03 16:34:50.115 [http-nio-8081-exec-8] WARN  r.i.i.p.c.FileChunkedController - empty name
2026-09-03 16:34:50.116 [http-nio-8081-exec-8] WARN  r.i.i.p.c.FileChunkedController - empty headers
2026-09-03 16:34:50.128 [Test worker] INFO  o.s.t.c.s.AnnotationConfigContextLoaderUtils - Could not detect default configuration classes for test class [ru.itone.illya4gurenko.publisher_change_food_card.base.ContextLoadsTest]: ContextLoadsTest does not declare any static, non-private, non-final, nested classes annotated with @Configuration.
2026-09-03 16:34:50.131 [Test worker] INFO  o.s.b.t.c.SpringBootTestContextBootstrapper - Found @SpringBootConfiguration ru.itone.illya4gurenko.publisher_change_food_card.PublisherChangeFoodCardApplication for test class ru.itone.illya4gurenko.publisher_change_food_card.base.ContextLoadsTest
2026-09-03 16:34:50.175 [Test worker] INFO  o.s.t.c.s.AnnotationConfigContextLoaderUtils - Could not detect default configuration classes for test class [ru.itone.illya4gurenko.publisher_change_food_card.grpc.GrpcTest]: GrpcTest does not declare any static, non-private, non-final, nested classes annotated with @Configuration.
2026-09-03 16:34:50.178 [Test worker] INFO  o.s.b.t.c.SpringBootTestContextBootstrapper - Found @SpringBootConfiguration ru.itone.illya4gurenko.publisher_change_food_card.PublisherChangeFoodCardApplication for test class ru.itone.illya4gurenko.publisher_change_food_card.grpc.GrpcTest
2026-09-03 16:34:51.094 [grpc-default-executor-1] INFO  r.i.i.p.c.FileUploadGrpcService - get grpc-chunk for file: Z001002.GPB_ENROLL1.298
2026-09-03 16:34:51.095 [grpc-default-executor-1] INFO  r.i.i.p.service.GenerateDirService - create 3 state directory
2026-09-03 16:34:51.096 [grpc-default-executor-1] INFO  r.i.i.p.c.FileUploadGrpcService - gRPC stream end. get 219 byte for file 'Z001002.GPB_ENROLL1.298'
2026-09-03 16:34:51.103 [grpc-default-executor-1] INFO  r.i.i.p.service.ProcessFileService - start process file: Z001002.GPB_ENROLL1.298
2026-09-03 16:34:51.105 [grpc-default-executor-1] INFO  r.i.i.p.s.visitor.EnrollVisitor - title: Z001002.GPB_ENROLL1.298 is valid
2026-09-03 16:34:51.152 [grpc-default-executor-1] INFO  r.i.i.p.service.GenerateDirService - create 3 state directory
2026-09-03 16:34:51.153 [grpc-default-executor-1] INFO  r.i.i.p.service.GenerateDirService - file: Z001002.GPB_ENROLL1.298 move to success
2026-09-03 16:34:51.153 [grpc-default-executor-1] INFO  r.i.i.p.service.ProcessFileService - file: Z001002.GPB_ENROLL1.298 move in success
2026-09-03 16:34:51.281 [grpc-default-executor-1] INFO  r.i.i.p.c.FileUploadGrpcService - get grpc-chunk for file: Z001002.GPB_ENROLL7.298
2026-09-03 16:34:51.281 [grpc-default-executor-1] INFO  r.i.i.p.service.GenerateDirService - create 3 state directory
2026-09-03 16:34:51.282 [grpc-default-executor-1] INFO  r.i.i.p.c.FileUploadGrpcService - gRPC stream end. get 219 byte for file 'Z001002.GPB_ENROLL7.298'
2026-09-03 16:34:51.287 [grpc-default-executor-1] INFO  r.i.i.p.service.ProcessFileService - start process file: Z001002.GPB_ENROLL7.298
2026-09-03 16:34:51.288 [grpc-default-executor-1] INFO  r.i.i.p.s.visitor.EnrollVisitor - title: Z001002.GPB_ENROLL7.298 is valid
2026-09-03 16:34:51.332 [grpc-default-executor-1] INFO  r.i.i.p.service.GenerateDirService - create 3 state directory
2026-09-03 16:34:51.332 [grpc-default-executor-1] INFO  r.i.i.p.service.GenerateDirService - file: Z001002.GPB_ENROLL7.298 move to success
2026-09-03 16:34:51.333 [grpc-default-executor-1] INFO  r.i.i.p.service.ProcessFileService - file: Z001002.GPB_ENROLL7.298 move in success
2026-09-03 16:34:51.339 [grpc-default-executor-2] INFO  r.i.i.p.c.FileUploadGrpcService - get grpc-chunk for file: Z001002.GPB_ENROLL7.298
2026-09-03 16:34:51.340 [grpc-default-executor-2] INFO  r.i.i.p.service.GenerateDirService - create 3 state directory
2026-09-03 16:34:51.340 [grpc-default-executor-2] INFO  r.i.i.p.c.FileUploadGrpcService - gRPC stream end. get 219 byte for file 'Z001002.GPB_ENROLL7.298'
2026-09-03 16:34:51.345 [grpc-default-executor-2] WARN  r.i.i.p.service.ProcessFileService - file exist in db: Z001002.GPB_ENROLL7.298
2026-09-03 16:34:51.345 [grpc-default-executor-2] ERROR r.i.i.p.c.FileUploadGrpcService - error process file: Z001002.GPB_ENROLL7.298
ru.itone.illya4gurenko.publisher_change_food_card.exception.FileProcessingException: file already exist
	at ru.itone.illya4gurenko.publisher_change_food_card.service.ProcessFileService.process(ProcessFileService.java:33)
	at ru.itone.illya4gurenko.publisher_change_food_card.controller.FileUploadGrpcService$1.onCompleted(FileUploadGrpcService.java:84)
	at io.grpc.stub.ServerCalls$StreamingServerCallHandler$StreamingServerCallListener.onHalfClose(ServerCalls.java:273)
	at io.grpc.PartialForwardingServerCallListener.onHalfClose(PartialForwardingServerCallListener.java:35)
	at io.grpc.ForwardingServerCallListener.onHalfClose(ForwardingServerCallListener.java:23)
	at io.grpc.ForwardingServerCallListener$SimpleForwardingServerCallListener.onHalfClose(ForwardingServerCallListener.java:40)
	at io.grpc.Contexts$ContextualizedServerCallListener.onHalfClose(Contexts.java:86)
	at io.grpc.internal.ServerCallImpl$ServerStreamListenerImpl.halfClosed(ServerCallImpl.java:356)
	at io.grpc.internal.ServerImpl$JumpToApplicationThreadServerStreamListener$1HalfClosed.runInContext(ServerImpl.java:861)
	at io.grpc.internal.ContextRunnable.run(ContextRunnable.java:37)
	at io.grpc.internal.SerializingExecutor.run(SerializingExecutor.java:133)
	at java.base/java.util.concurrent.ThreadPoolExecutor.runWorker(ThreadPoolExecutor.java:1144)
	at java.base/java.util.concurrent.ThreadPoolExecutor$Worker.run(ThreadPoolExecutor.java:642)
	at java.base/java.lang.Thread.run(Thread.java:1583)
2026-09-03 16:34:51.366 [Test worker] INFO  o.s.t.c.s.AnnotationConfigContextLoaderUtils - Could not detect default configuration classes for test class [ru.itone.illya4gurenko.publisher_change_food_card.controller.MultipartTest]: MultipartTest does not declare any static, non-private, non-final, nested classes annotated with @Configuration.
2026-09-03 16:34:51.369 [Test worker] INFO  o.s.b.t.c.SpringBootTestContextBootstrapper - Found @SpringBootConfiguration ru.itone.illya4gurenko.publisher_change_food_card.PublisherChangeFoodCardApplication for test class ru.itone.illya4gurenko.publisher_change_food_card.controller.MultipartTest
2026-09-03 16:34:51.505 [http-nio-8081-exec-5] INFO  r.i.i.p.service.GenerateDirService - create 3 state directory
2026-09-03 16:34:51.506 [http-nio-8081-exec-5] INFO  r.i.i.p.service.GenerateDirService - file: Z001002.GPB_ENROLL8.298 move to in-progress from controller
2026-09-03 16:34:51.511 [http-nio-8081-exec-5] INFO  r.i.i.p.service.ProcessFileService - start process file: Z001002.GPB_ENROLL8.298
2026-09-03 16:34:51.512 [http-nio-8081-exec-5] INFO  r.i.i.p.s.visitor.EnrollVisitor - title: Z001002.GPB_ENROLL8.298 is valid
2026-09-03 16:34:51.554 [http-nio-8081-exec-5] INFO  r.i.i.p.service.GenerateDirService - create 3 state directory
2026-09-03 16:34:51.555 [http-nio-8081-exec-5] INFO  r.i.i.p.service.GenerateDirService - file: Z001002.GPB_ENROLL8.298 move to success
2026-09-03 16:34:51.555 [http-nio-8081-exec-5] INFO  r.i.i.p.service.ProcessFileService - file: Z001002.GPB_ENROLL8.298 move in success
2026-09-03 16:34:51.556 [http-nio-8081-exec-5] INFO  r.i.i.p.c.FileMultipartController - file: Z001002.GPB_ENROLL8.298 success multipart get
2026-09-03 16:34:51.641 [http-nio-8081-exec-6] INFO  r.i.i.p.service.GenerateDirService - create 3 state directory
2026-09-03 16:34:51.643 [http-nio-8081-exec-6] INFO  r.i.i.p.service.GenerateDirService - file: Z001002.GPB_ENROLL9.298 move to in-progress from controller
2026-09-03 16:34:51.647 [http-nio-8081-exec-6] INFO  r.i.i.p.service.ProcessFileService - start process file: Z001002.GPB_ENROLL9.298
2026-09-03 16:34:51.648 [http-nio-8081-exec-6] INFO  r.i.i.p.s.visitor.EnrollVisitor - title: Z001002.GPB_ENROLL9.298 is valid
2026-09-03 16:34:51.689 [http-nio-8081-exec-6] INFO  r.i.i.p.service.GenerateDirService - create 3 state directory
2026-09-03 16:34:51.690 [http-nio-8081-exec-6] INFO  r.i.i.p.service.GenerateDirService - file: Z001002.GPB_ENROLL9.298 move to success
2026-09-03 16:34:51.690 [http-nio-8081-exec-6] INFO  r.i.i.p.service.ProcessFileService - file: Z001002.GPB_ENROLL9.298 move in success
2026-09-03 16:34:51.690 [http-nio-8081-exec-6] INFO  r.i.i.p.c.FileMultipartController - file: Z001002.GPB_ENROLL9.298 success multipart get
2026-09-03 16:34:51.703 [http-nio-8081-exec-7] WARN  r.i.i.p.c.FileMultipartController - file: Z001002.GPB_ENROLL9.298 is exist in db
2026-09-03 16:34:51.713 [Test worker] INFO  o.s.t.c.s.AnnotationConfigContextLoaderUtils - Could not detect default configuration classes for test class [ru.itone.illya4gurenko.publisher_change_food_card.local.SystemDirTest]: SystemDirTest does not declare any static, non-private, non-final, nested classes annotated with @Configuration.
2026-09-03 16:34:51.715 [Test worker] INFO  o.s.b.t.c.SpringBootTestContextBootstrapper - Found @SpringBootConfiguration ru.itone.illya4gurenko.publisher_change_food_card.PublisherChangeFoodCardApplication for test class ru.itone.illya4gurenko.publisher_change_food_card.local.SystemDirTest
2026-09-03 16:34:51.771 [Test worker] INFO  r.i.i.p.service.CheckDirService - service get new file: Z001002.GPB_ENROLL1.298
2026-09-03 16:34:51.775 [Test worker] INFO  r.i.i.p.service.ProcessFileService - start process file: Z001002.GPB_ENROLL1.298
2026-09-03 16:34:51.775 [Test worker] INFO  r.i.i.p.service.GenerateDirService - create 3 state directory
2026-09-03 16:34:51.776 [Test worker] INFO  r.i.i.p.service.GenerateDirService - file: Z001002.GPB_ENROLL1.298 move to in-progress
2026-09-03 16:34:51.777 [Test worker] INFO  r.i.i.p.s.visitor.EnrollVisitor - title: Z001002.GPB_ENROLL1.298 is valid
2026-09-03 16:34:51.819 [Test worker] INFO  r.i.i.p.service.GenerateDirService - create 3 state directory
2026-09-03 16:34:51.820 [Test worker] INFO  r.i.i.p.service.GenerateDirService - file: Z001002.GPB_ENROLL1.298 move to success
2026-09-03 16:34:51.820 [Test worker] INFO  r.i.i.p.service.ProcessFileService - file: Z001002.GPB_ENROLL1.298 move in success
2026-09-03 16:34:51.892 [Test worker] INFO  r.i.i.p.service.CheckDirService - service get new file: Z001002.GPB_ENROLL2.298
2026-09-03 16:34:51.896 [Test worker] INFO  r.i.i.p.service.ProcessFileService - start process file: Z001002.GPB_ENROLL2.298
2026-09-03 16:34:51.897 [Test worker] INFO  r.i.i.p.service.GenerateDirService - create 3 state directory
2026-09-03 16:34:51.897 [Test worker] INFO  r.i.i.p.service.GenerateDirService - file: Z001002.GPB_ENROLL2.298 move to in-progress
2026-09-03 16:34:51.898 [Test worker] INFO  r.i.i.p.s.visitor.EnrollVisitor - title: Z001002.GPB_ENROLL2.298 is valid
2026-09-03 16:34:51.926 [Test worker] WARN  r.i.i.p.s.visitor.EnrollVisitor - invalid trailer: T                  5
2026-09-03 16:34:51.940 [Test worker] WARN  r.i.i.p.service.ProcessFileService - Validation failed for file Z001002.GPB_ENROLL2.298: File contains validation errors
2026-09-03 16:34:51.952 [Test worker] INFO  r.i.i.p.service.GenerateDirService - create 3 state directory
2026-09-03 16:34:51.953 [Test worker] INFO  r.i.i.p.service.GenerateDirService - file: Z001002.GPB_ENROLL2.298 move to error
2026-09-03 16:34:52.030 [Test worker] INFO  r.i.i.p.service.CheckDirService - service get new file: Z001002.GPB_ENROLL3.298
2026-09-03 16:34:52.034 [Test worker] INFO  r.i.i.p.service.ProcessFileService - start process file: Z001002.GPB_ENROLL3.298
2026-09-03 16:34:52.034 [Test worker] INFO  r.i.i.p.service.GenerateDirService - create 3 state directory
2026-09-03 16:34:52.035 [Test worker] INFO  r.i.i.p.service.GenerateDirService - file: Z001002.GPB_ENROLL3.298 move to in-progress
2026-09-03 16:34:52.036 [Test worker] INFO  r.i.i.p.s.visitor.EnrollVisitor - title: Z001002.GPB_ENROLL3.298 is valid
2026-09-03 16:34:52.042 [Test worker] WARN  r.i.i.p.s.visitor.EnrollVisitor - invalid header: H hhhhhh
2026-09-03 16:34:52.050 [Test worker] WARN  r.i.i.p.s.visitor.EnrollVisitor - invalid header: Петров Петр Петрович                                                                                0000000000000000              ZR             1500.50
2026-09-03 16:34:52.059 [Test worker] WARN  r.i.i.p.s.visitor.EnrollVisitor - invalid header: T                  1
2026-09-03 16:34:52.069 [Test worker] WARN  r.i.i.p.service.ProcessFileService - Validation failed for file Z001002.GPB_ENROLL3.298: invalid structure file
2026-09-03 16:34:52.081 [Test worker] INFO  r.i.i.p.service.GenerateDirService - create 3 state directory
2026-09-03 16:34:52.082 [Test worker] INFO  r.i.i.p.service.GenerateDirService - file: Z001002.GPB_ENROLL3.298 move to error
2026-09-03 16:34:52.167 [Test worker] INFO  r.i.i.p.service.CheckDirService - service get new file: Z001002.GPB_ENROLL4.298
2026-09-03 16:34:52.171 [Test worker] INFO  r.i.i.p.service.ProcessFileService - start process file: Z001002.GPB_ENROLL4.298
2026-09-03 16:34:52.171 [Test worker] INFO  r.i.i.p.service.GenerateDirService - create 3 state directory
2026-09-03 16:34:52.172 [Test worker] INFO  r.i.i.p.service.GenerateDirService - file: Z001002.GPB_ENROLL4.298 move to in-progress
2026-09-03 16:34:52.173 [Test worker] INFO  r.i.i.p.s.visitor.EnrollVisitor - title: Z001002.GPB_ENROLL4.298 is valid
2026-09-03 16:34:52.182 [Test worker] WARN  r.i.i.p.s.visitor.EnrollVisitor - body: Петров Петр Петрович                                                                                0000000000000000              ZR            -1500.50, has error: [ValidationError[code=B05, message=amount mustn`t <0: -1500.50]]
2026-09-03 16:34:52.197 [Test worker] WARN  r.i.i.p.service.ProcessFileService - Validation failed for file Z001002.GPB_ENROLL4.298: File contains validation errors
2026-09-03 16:34:52.207 [Test worker] INFO  r.i.i.p.service.GenerateDirService - create 3 state directory
2026-09-03 16:34:52.208 [Test worker] INFO  r.i.i.p.service.GenerateDirService - file: Z001002.GPB_ENROLL4.298 move to error
2026-09-03 16:34:52.506 [SpringApplicationShutdownHook] INFO  n.d.b.g.s.s.GrpcServerLifecycle - Completed gRPC server shutdown
2026-09-03 16:34:52.527 [SpringApplicationShutdownHook] INFO  o.s.o.j.LocalContainerEntityManagerFactoryBean - Closing JPA EntityManagerFactory for persistence unit 'postgres'
2026-09-03 16:34:52.529 [SpringApplicationShutdownHook] INFO  com.zaxxer.hikari.HikariDataSource - HikariPool-2 - Shutdown initiated...
2026-09-03 16:34:52.542 [SpringApplicationShutdownHook] INFO  com.zaxxer.hikari.HikariDataSource - HikariPool-2 - Shutdown completed.
2026-09-03 16:34:52.543 [SpringApplicationShutdownHook] INFO  o.s.o.j.LocalContainerEntityManagerFactoryBean - Closing JPA EntityManagerFactory for persistence unit 'oracle'
2026-09-03 16:34:52.546 [SpringApplicationShutdownHook] INFO  com.zaxxer.hikari.HikariDataSource - HikariPool-1 - Shutdown initiated...
2026-09-03 16:34:52.578 [SpringApplicationShutdownHook] INFO  com.zaxxer.hikari.HikariDataSource - HikariPool-1 - Shutdown completed.
2026-09-06 11:41:07.013 [background-preinit] INFO  o.h.validator.internal.util.Version - HV000001: Hibernate Validator 8.0.1.Final
2026-09-06 11:41:07.104 [Test worker] INFO  r.i.i.p.local.SystemDirTest - Starting SystemDirTest using Java 21.0.9 with PID 15272 (started by USER in D:\gpb_tasks\publisher-change-food-card)
2026-09-06 11:41:07.106 [Test worker] INFO  r.i.i.p.local.SystemDirTest - No active profile set, falling back to 1 default profile: "default"
2026-09-06 11:41:08.226 [Test worker] INFO  o.s.d.r.c.RepositoryConfigurationDelegate - Bootstrapping Spring Data JPA repositories in DEFAULT mode.
2026-09-06 11:41:08.301 [Test worker] INFO  o.s.d.r.c.RepositoryConfigurationDelegate - Finished Spring Data repository scanning in 59 ms. Found 1 JPA repository interface.
2026-09-06 11:41:08.303 [Test worker] INFO  o.s.d.r.c.RepositoryConfigurationDelegate - Bootstrapping Spring Data JPA repositories in DEFAULT mode.
2026-09-06 11:41:08.313 [Test worker] INFO  o.s.d.r.c.RepositoryConfigurationDelegate - Finished Spring Data repository scanning in 9 ms. Found 3 JPA repository interfaces.
2026-09-06 11:41:10.025 [Test worker] INFO  o.s.b.w.e.tomcat.TomcatWebServer - Tomcat initialized with port 8081 (http)
2026-09-06 11:41:10.052 [Test worker] INFO  o.a.coyote.http11.Http11NioProtocol - Initializing ProtocolHandler ["http-nio-8081"]
2026-09-06 11:41:10.055 [Test worker] INFO  o.a.catalina.core.StandardService - Starting service [Tomcat]
2026-09-06 11:41:10.056 [Test worker] INFO  o.a.catalina.core.StandardEngine - Starting Servlet engine: [Apache Tomcat/10.1.26]
2026-09-06 11:41:10.190 [Test worker] INFO  o.a.c.c.C.[Tomcat].[localhost].[/] - Initializing Spring embedded WebApplicationContext
2026-09-06 11:41:10.191 [Test worker] INFO  o.s.b.w.s.c.ServletWebServerApplicationContext - Root WebApplicationContext: initialization completed in 3044 ms
2026-09-06 11:41:10.554 [Test worker] INFO  o.h.jpa.internal.util.LogHelper - HHH000204: Processing PersistenceUnitInfo [name: oracle]
2026-09-06 11:41:10.728 [Test worker] INFO  org.hibernate.Version - HHH000412: Hibernate ORM core version 6.5.2.Final
2026-09-06 11:41:10.825 [Test worker] INFO  o.h.c.i.RegionFactoryInitiator - HHH000026: Second-level cache disabled
2026-09-06 11:41:11.751 [Test worker] INFO  o.s.o.j.p.SpringPersistenceUnitInfo - No LoadTimeWeaver setup: ignoring JPA class transformer
2026-09-06 11:41:11.827 [Test worker] INFO  com.zaxxer.hikari.HikariDataSource - HikariPool-1 - Starting...
2026-09-06 11:41:11.886 [Test worker] INFO  com.zaxxer.hikari.pool.HikariPool - HikariPool-1 - Added connection oracle.jdbc.driver.T4CConnection@7e72ba8
2026-09-06 11:41:11.891 [Test worker] INFO  com.zaxxer.hikari.HikariDataSource - HikariPool-1 - Start completed.
2026-09-06 11:41:12.011 [Test worker] WARN  org.hibernate.dialect.Dialect - HHH000511: The 11.2.0 version for [org.hibernate.dialect.OracleDialect] is no longer supported, hence certain features may not work properly. The minimum supported version is 19.0.0. Check the community dialects project for available legacy versions.
2026-09-06 11:41:12.024 [Test worker] WARN  org.hibernate.orm.deprecation - HHH90000025: OracleDialect does not need to be specified explicitly using 'hibernate.dialect' (remove the property setting and it will be selected by default)
2026-09-06 11:41:14.675 [Test worker] INFO  o.h.e.t.j.p.i.JtaPlatformInitiator - HHH000489: No JTA platform available (set 'hibernate.transaction.jta.platform' to enable JTA platform integration)
2026-09-06 11:41:14.681 [Test worker] INFO  o.s.o.j.LocalContainerEntityManagerFactoryBean - Initialized JPA EntityManagerFactory for persistence unit 'oracle'
2026-09-06 11:41:14.703 [Test worker] INFO  o.h.jpa.internal.util.LogHelper - HHH000204: Processing PersistenceUnitInfo [name: postgres]
2026-09-06 11:41:14.708 [Test worker] INFO  o.h.c.i.RegionFactoryInitiator - HHH000026: Second-level cache disabled
2026-09-06 11:41:14.730 [Test worker] INFO  o.s.o.j.p.SpringPersistenceUnitInfo - No LoadTimeWeaver setup: ignoring JPA class transformer
2026-09-06 11:41:14.732 [Test worker] INFO  com.zaxxer.hikari.HikariDataSource - HikariPool-2 - Starting...
2026-09-06 11:41:14.771 [Test worker] INFO  com.zaxxer.hikari.pool.HikariPool - HikariPool-2 - Added connection org.postgresql.jdbc.PgConnection@54dd0009
2026-09-06 11:41:14.771 [Test worker] INFO  com.zaxxer.hikari.HikariDataSource - HikariPool-2 - Start completed.
2026-09-06 11:41:14.792 [Test worker] WARN  org.hibernate.orm.deprecation - HHH90000025: PostgreSQLDialect does not need to be specified explicitly using 'hibernate.dialect' (remove the property setting and it will be selected by default)
2026-09-06 11:41:15.249 [Test worker] INFO  o.h.e.t.j.p.i.JtaPlatformInitiator - HHH000489: No JTA platform available (set 'hibernate.transaction.jta.platform' to enable JTA platform integration)
2026-09-06 11:41:15.249 [Test worker] INFO  o.s.o.j.LocalContainerEntityManagerFactoryBean - Initialized JPA EntityManagerFactory for persistence unit 'postgres'
2026-09-06 11:41:16.100 [Test worker] WARN  o.s.b.a.o.j.JpaBaseConfiguration$JpaWebConfiguration - spring.jpa.open-in-view is enabled by default. Therefore, database queries may be performed during view rendering. Explicitly configure spring.jpa.open-in-view to disable this warning
2026-09-06 11:41:16.930 [Test worker] INFO  n.d.b.g.s.a.GrpcServerFactoryAutoConfiguration - Detected grpc-netty-shaded: Creating ShadedNettyGrpcServerFactory
2026-09-06 11:41:17.370 [Test worker] INFO  o.a.coyote.http11.Http11NioProtocol - Starting ProtocolHandler ["http-nio-8081"]
2026-09-06 11:41:17.392 [Test worker] INFO  o.s.b.w.e.tomcat.TomcatWebServer - Tomcat started on port 8081 (http) with context path '/'
2026-09-06 11:41:17.619 [Test worker] INFO  n.d.b.g.s.s.AbstractGrpcServerFactory - Registered gRPC service: ru.itone.illya4gurenko.grpc.FileUploadService, bean: fileUploadGrpcService, class: ru.itone.illya4gurenko.publisher_change_food_card.controller.FileUploadGrpcService
2026-09-06 11:41:17.619 [Test worker] INFO  n.d.b.g.s.s.AbstractGrpcServerFactory - Registered gRPC service: grpc.health.v1.Health, bean: grpcHealthService, class: io.grpc.protobuf.services.HealthServiceImpl
2026-09-06 11:41:17.619 [Test worker] INFO  n.d.b.g.s.s.AbstractGrpcServerFactory - Registered gRPC service: grpc.reflection.v1alpha.ServerReflection, bean: protoReflectionService, class: io.grpc.protobuf.services.ProtoReflectionService
2026-09-06 11:41:18.053 [Test worker] INFO  n.d.b.g.s.s.GrpcServerLifecycle - gRPC Server started, listening on address: *, port: 9090
2026-09-06 11:41:18.073 [Test worker] INFO  r.i.i.p.local.SystemDirTest - Started SystemDirTest in 11.802 seconds (process running for 46.865)
2026-09-06 11:41:19.289 [Test worker] INFO  r.i.i.p.service.CheckDirService - service get new file: Z001002.ERRORCOUNT_ENROLL2.298
2026-09-06 11:41:19.295 [Test worker] INFO  r.i.i.p.service.ProcessFileService - start process file: Z001002.ERRORCOUNT_ENROLL2.298
2026-09-06 11:41:19.297 [Test worker] INFO  r.i.i.p.service.GenerateDirService - create 3 state directory
2026-09-06 11:41:19.300 [Test worker] INFO  r.i.i.p.service.GenerateDirService - file: Z001002.ERRORCOUNT_ENROLL2.298 move to in-progress
2026-09-06 11:41:19.305 [Test worker] INFO  r.i.i.p.s.visitor.EnrollVisitor - title: Z001002.ERRORCOUNT_ENROLL2.298 is valid
2026-09-06 11:41:19.471 [Test worker] WARN  r.i.i.p.s.visitor.EnrollVisitor - invalid trailer: T                  5
2026-09-06 11:41:19.487 [Test worker] WARN  r.i.i.p.service.ProcessFileService - Validation failed for file Z001002.ERRORCOUNT_ENROLL2.298: File contains validation errors
2026-09-06 11:41:19.584 [Test worker] INFO  r.i.i.p.service.GenerateDirService - create 3 state directory
2026-09-06 11:41:19.585 [Test worker] INFO  r.i.i.p.service.GenerateDirService - file: Z001002.ERRORCOUNT_ENROLL2.298 move to error
2026-09-06 11:41:20.367 [SpringApplicationShutdownHook] INFO  n.d.b.g.s.s.GrpcServerLifecycle - Completed gRPC server shutdown
2026-09-06 11:41:20.387 [SpringApplicationShutdownHook] INFO  o.s.o.j.LocalContainerEntityManagerFactoryBean - Closing JPA EntityManagerFactory for persistence unit 'postgres'
2026-09-06 11:41:20.388 [SpringApplicationShutdownHook] INFO  com.zaxxer.hikari.HikariDataSource - HikariPool-2 - Shutdown initiated...
2026-09-06 11:41:20.400 [SpringApplicationShutdownHook] INFO  com.zaxxer.hikari.HikariDataSource - HikariPool-2 - Shutdown completed.
2026-09-06 11:41:20.401 [SpringApplicationShutdownHook] INFO  o.s.o.j.LocalContainerEntityManagerFactoryBean - Closing JPA EntityManagerFactory for persistence unit 'oracle'
2026-09-06 11:41:20.402 [SpringApplicationShutdownHook] INFO  com.zaxxer.hikari.HikariDataSource - HikariPool-1 - Shutdown initiated...
2026-09-06 11:41:20.437 [SpringApplicationShutdownHook] INFO  com.zaxxer.hikari.HikariDataSource - HikariPool-1 - Shutdown completed.
2026-09-06 12:09:09.325 [background-preinit] INFO  o.h.validator.internal.util.Version - HV000001: Hibernate Validator 8.0.1.Final
2026-09-06 12:09:09.412 [Test worker] INFO  r.i.i.p.base.ContextLoadsTest - Starting ContextLoadsTest using Java 21.0.9 with PID 12132 (started by USER in D:\gpb_tasks\publisher-change-food-card)
2026-09-06 12:09:09.413 [Test worker] INFO  r.i.i.p.base.ContextLoadsTest - No active profile set, falling back to 1 default profile: "default"
2026-09-06 12:09:10.260 [Test worker] INFO  o.s.d.r.c.RepositoryConfigurationDelegate - Bootstrapping Spring Data JPA repositories in DEFAULT mode.
2026-09-06 12:09:10.327 [Test worker] INFO  o.s.d.r.c.RepositoryConfigurationDelegate - Finished Spring Data repository scanning in 49 ms. Found 1 JPA repository interface.
2026-09-06 12:09:10.330 [Test worker] INFO  o.s.d.r.c.RepositoryConfigurationDelegate - Bootstrapping Spring Data JPA repositories in DEFAULT mode.
2026-09-06 12:09:10.344 [Test worker] INFO  o.s.d.r.c.RepositoryConfigurationDelegate - Finished Spring Data repository scanning in 13 ms. Found 3 JPA repository interfaces.
2026-09-06 12:09:11.746 [Test worker] INFO  o.s.b.w.e.tomcat.TomcatWebServer - Tomcat initialized with port 8081 (http)
2026-09-06 12:09:11.774 [Test worker] INFO  o.a.coyote.http11.Http11NioProtocol - Initializing ProtocolHandler ["http-nio-8081"]
2026-09-06 12:09:11.778 [Test worker] INFO  o.a.catalina.core.StandardService - Starting service [Tomcat]
2026-09-06 12:09:11.779 [Test worker] INFO  o.a.catalina.core.StandardEngine - Starting Servlet engine: [Apache Tomcat/10.1.26]
2026-09-06 12:09:11.899 [Test worker] INFO  o.a.c.c.C.[Tomcat].[localhost].[/] - Initializing Spring embedded WebApplicationContext
2026-09-06 12:09:11.900 [Test worker] INFO  o.s.b.w.s.c.ServletWebServerApplicationContext - Root WebApplicationContext: initialization completed in 2454 ms
2026-09-06 12:09:12.174 [Test worker] INFO  o.h.jpa.internal.util.LogHelper - HHH000204: Processing PersistenceUnitInfo [name: oracle]
2026-09-06 12:09:12.274 [Test worker] INFO  org.hibernate.Version - HHH000412: Hibernate ORM core version 6.5.2.Final
2026-09-06 12:09:12.331 [Test worker] INFO  o.h.c.i.RegionFactoryInitiator - HHH000026: Second-level cache disabled
2026-09-06 12:09:13.032 [Test worker] INFO  o.s.o.j.p.SpringPersistenceUnitInfo - No LoadTimeWeaver setup: ignoring JPA class transformer
2026-09-06 12:09:13.092 [Test worker] INFO  com.zaxxer.hikari.HikariDataSource - HikariPool-1 - Starting...
2026-09-06 12:09:13.153 [Test worker] INFO  com.zaxxer.hikari.pool.HikariPool - HikariPool-1 - Added connection oracle.jdbc.driver.T4CConnection@5bb9b328
2026-09-06 12:09:13.157 [Test worker] INFO  com.zaxxer.hikari.HikariDataSource - HikariPool-1 - Start completed.
2026-09-06 12:09:13.230 [Test worker] WARN  org.hibernate.dialect.Dialect - HHH000511: The 11.2.0 version for [org.hibernate.dialect.OracleDialect] is no longer supported, hence certain features may not work properly. The minimum supported version is 19.0.0. Check the community dialects project for available legacy versions.
2026-09-06 12:09:13.237 [Test worker] WARN  org.hibernate.orm.deprecation - HHH90000025: OracleDialect does not need to be specified explicitly using 'hibernate.dialect' (remove the property setting and it will be selected by default)
2026-09-06 12:09:15.169 [Test worker] INFO  o.h.e.t.j.p.i.JtaPlatformInitiator - HHH000489: No JTA platform available (set 'hibernate.transaction.jta.platform' to enable JTA platform integration)
2026-09-06 12:09:15.174 [Test worker] INFO  o.s.o.j.LocalContainerEntityManagerFactoryBean - Initialized JPA EntityManagerFactory for persistence unit 'oracle'
2026-09-06 12:09:15.192 [Test worker] INFO  o.h.jpa.internal.util.LogHelper - HHH000204: Processing PersistenceUnitInfo [name: postgres]
2026-09-06 12:09:15.196 [Test worker] INFO  o.h.c.i.RegionFactoryInitiator - HHH000026: Second-level cache disabled
2026-09-06 12:09:15.218 [Test worker] INFO  o.s.o.j.p.SpringPersistenceUnitInfo - No LoadTimeWeaver setup: ignoring JPA class transformer
2026-09-06 12:09:15.219 [Test worker] INFO  com.zaxxer.hikari.HikariDataSource - HikariPool-2 - Starting...
2026-09-06 12:09:15.256 [Test worker] INFO  com.zaxxer.hikari.pool.HikariPool - HikariPool-2 - Added connection org.postgresql.jdbc.PgConnection@4e8e025a
2026-09-06 12:09:15.257 [Test worker] INFO  com.zaxxer.hikari.HikariDataSource - HikariPool-2 - Start completed.
2026-09-06 12:09:15.275 [Test worker] WARN  org.hibernate.orm.deprecation - HHH90000025: PostgreSQLDialect does not need to be specified explicitly using 'hibernate.dialect' (remove the property setting and it will be selected by default)
2026-09-06 12:09:15.660 [Test worker] INFO  o.h.e.t.j.p.i.JtaPlatformInitiator - HHH000489: No JTA platform available (set 'hibernate.transaction.jta.platform' to enable JTA platform integration)
2026-09-06 12:09:15.661 [Test worker] INFO  o.s.o.j.LocalContainerEntityManagerFactoryBean - Initialized JPA EntityManagerFactory for persistence unit 'postgres'
2026-09-06 12:09:16.322 [Test worker] WARN  o.s.b.a.o.j.JpaBaseConfiguration$JpaWebConfiguration - spring.jpa.open-in-view is enabled by default. Therefore, database queries may be performed during view rendering. Explicitly configure spring.jpa.open-in-view to disable this warning
2026-09-06 12:09:16.878 [Test worker] INFO  n.d.b.g.s.a.GrpcServerFactoryAutoConfiguration - Detected grpc-netty-shaded: Creating ShadedNettyGrpcServerFactory
2026-09-06 12:09:17.170 [Test worker] INFO  o.a.coyote.http11.Http11NioProtocol - Starting ProtocolHandler ["http-nio-8081"]
2026-09-06 12:09:17.189 [Test worker] INFO  o.s.b.w.e.tomcat.TomcatWebServer - Tomcat started on port 8081 (http) with context path '/'
2026-09-06 12:09:17.320 [Test worker] INFO  n.d.b.g.s.s.AbstractGrpcServerFactory - Registered gRPC service: ru.itone.illya4gurenko.grpc.FileUploadService, bean: fileUploadGrpcService, class: ru.itone.illya4gurenko.publisher_change_food_card.controller.FileUploadGrpcService
2026-09-06 12:09:17.321 [Test worker] INFO  n.d.b.g.s.s.AbstractGrpcServerFactory - Registered gRPC service: grpc.health.v1.Health, bean: grpcHealthService, class: io.grpc.protobuf.services.HealthServiceImpl
2026-09-06 12:09:17.321 [Test worker] INFO  n.d.b.g.s.s.AbstractGrpcServerFactory - Registered gRPC service: grpc.reflection.v1alpha.ServerReflection, bean: protoReflectionService, class: io.grpc.protobuf.services.ProtoReflectionService
2026-09-06 12:09:17.529 [Test worker] INFO  n.d.b.g.s.s.GrpcServerLifecycle - gRPC Server started, listening on address: *, port: 9090
2026-09-06 12:09:17.544 [Test worker] INFO  r.i.i.p.base.ContextLoadsTest - Started ContextLoadsTest in 9.101 seconds (process running for 42.937)
2026-09-06 12:09:18.471 [Test worker] INFO  o.s.t.c.s.AnnotationConfigContextLoaderUtils - Could not detect default configuration classes for test class [ru.itone.illya4gurenko.publisher_change_food_card.controller.ChunkedTest]: ChunkedTest does not declare any static, non-private, non-final, nested classes annotated with @Configuration.
2026-09-06 12:09:18.483 [Test worker] INFO  o.s.b.t.c.SpringBootTestContextBootstrapper - Found @SpringBootConfiguration ru.itone.illya4gurenko.publisher_change_food_card.PublisherChangeFoodCardApplication for test class ru.itone.illya4gurenko.publisher_change_food_card.controller.ChunkedTest
2026-09-06 12:09:18.692 [http-nio-8081-exec-1] INFO  o.a.c.c.C.[Tomcat].[localhost].[/] - Initializing Spring DispatcherServlet 'dispatcherServlet'
2026-09-06 12:09:18.692 [http-nio-8081-exec-1] INFO  o.s.web.servlet.DispatcherServlet - Initializing Servlet 'dispatcherServlet'
2026-09-06 12:09:18.694 [http-nio-8081-exec-1] INFO  o.s.web.servlet.DispatcherServlet - Completed initialization in 1 ms
2026-09-06 12:09:18.851 [http-nio-8081-exec-1] INFO  r.i.i.p.service.GenerateDirService - create 3 state directory
2026-09-06 12:09:18.853 [http-nio-8081-exec-1] INFO  r.i.i.p.service.GenerateDirService - file: Z001002.VALID_ENROLL2.298 move to in-progress from controller
2026-09-06 12:09:18.857 [http-nio-8081-exec-1] INFO  r.i.i.p.service.ProcessFileService - start process file: Z001002.VALID_ENROLL2.298
2026-09-06 12:09:18.863 [http-nio-8081-exec-1] INFO  r.i.i.p.s.visitor.EnrollVisitor - title: Z001002.VALID_ENROLL2.298 is valid
2026-09-06 12:09:19.270 [http-nio-8081-exec-1] INFO  r.i.i.p.service.GenerateDirService - create 3 state directory
2026-09-06 12:09:19.271 [http-nio-8081-exec-1] INFO  r.i.i.p.service.GenerateDirService - file: Z001002.VALID_ENROLL2.298 move to success
2026-09-06 12:09:19.271 [http-nio-8081-exec-1] INFO  r.i.i.p.service.ProcessFileService - file: Z001002.VALID_ENROLL2.298 move in success
2026-09-06 12:09:19.272 [http-nio-8081-exec-1] INFO  r.i.i.p.c.FileChunkedController - file: Z001002.VALID_ENROLL2.298 success chunked get
2026-09-06 12:09:19.802 [http-nio-8081-exec-2] INFO  r.i.i.p.service.GenerateDirService - create 3 state directory
2026-09-06 12:09:19.803 [http-nio-8081-exec-2] INFO  r.i.i.p.service.GenerateDirService - file: Z001002.VALIDINTIME_ENROLL2.298 move to in-progress from controller
2026-09-06 12:09:19.807 [http-nio-8081-exec-2] INFO  r.i.i.p.service.ProcessFileService - start process file: Z001002.VALIDINTIME_ENROLL2.298
2026-09-06 12:09:19.808 [http-nio-8081-exec-2] INFO  r.i.i.p.s.visitor.EnrollVisitor - title: Z001002.VALIDINTIME_ENROLL2.298 is valid
2026-09-06 12:09:19.874 [http-nio-8081-exec-2] INFO  r.i.i.p.service.GenerateDirService - create 3 state directory
2026-09-06 12:09:19.875 [http-nio-8081-exec-2] INFO  r.i.i.p.service.GenerateDirService - file: Z001002.VALIDINTIME_ENROLL2.298 move to success
2026-09-06 12:09:19.875 [http-nio-8081-exec-2] INFO  r.i.i.p.service.ProcessFileService - file: Z001002.VALIDINTIME_ENROLL2.298 move in success
2026-09-06 12:09:19.875 [http-nio-8081-exec-2] INFO  r.i.i.p.c.FileChunkedController - file: Z001002.VALIDINTIME_ENROLL2.298 success chunked get
2026-09-06 12:09:19.964 [http-nio-8081-exec-3] INFO  r.i.i.p.service.GenerateDirService - create 3 state directory
2026-09-06 12:09:19.965 [http-nio-8081-exec-3] INFO  r.i.i.p.service.GenerateDirService - file: Z001002.ERRORHEADER_ENROLL2.298 move to in-progress from controller
2026-09-06 12:09:19.969 [http-nio-8081-exec-3] INFO  r.i.i.p.service.ProcessFileService - start process file: Z001002.ERRORHEADER_ENROLL2.298
2026-09-06 12:09:19.970 [http-nio-8081-exec-3] INFO  r.i.i.p.s.visitor.EnrollVisitor - title: Z001002.ERRORHEADER_ENROLL2.298 is valid
2026-09-06 12:09:19.975 [http-nio-8081-exec-3] WARN  r.i.i.p.s.visitor.EnrollVisitor - invalid header: H CORRUPTED_HEADER_DATA_12345
2026-09-06 12:09:19.989 [http-nio-8081-exec-3] WARN  r.i.i.p.s.visitor.EnrollVisitor - invalid header: Иванов Иван Иванович                                                                                40817810099910004321          ZR             1500.50
2026-09-06 12:09:20.001 [http-nio-8081-exec-3] WARN  r.i.i.p.s.visitor.EnrollVisitor - invalid header: T                   1
2026-09-06 12:09:20.009 [http-nio-8081-exec-3] WARN  r.i.i.p.service.ProcessFileService - Validation failed for file Z001002.ERRORHEADER_ENROLL2.298: invalid structure file
2026-09-06 12:09:20.024 [http-nio-8081-exec-3] INFO  r.i.i.p.service.GenerateDirService - create 3 state directory
2026-09-06 12:09:20.025 [http-nio-8081-exec-3] INFO  r.i.i.p.service.GenerateDirService - file: Z001002.ERRORHEADER_ENROLL2.298 move to error
2026-09-06 12:09:20.025 [http-nio-8081-exec-3] INFO  r.i.i.p.c.FileChunkedController - file: Z001002.ERRORHEADER_ENROLL2.298 success chunked get
2026-09-06 12:09:20.113 [http-nio-8081-exec-5] INFO  r.i.i.p.service.GenerateDirService - create 3 state directory
2026-09-06 12:09:20.115 [http-nio-8081-exec-5] INFO  r.i.i.p.service.GenerateDirService - file: Z001002.VALID_ENROLL2.298 move to in-progress from controller
2026-09-06 12:09:20.119 [http-nio-8081-exec-5] INFO  r.i.i.p.service.ProcessFileService - start process file: Z001002.VALID_ENROLL2.298
2026-09-06 12:09:20.120 [http-nio-8081-exec-5] INFO  r.i.i.p.s.visitor.EnrollVisitor - title: Z001002.VALID_ENROLL2.298 is valid
2026-09-06 12:09:20.165 [http-nio-8081-exec-5] INFO  r.i.i.p.service.GenerateDirService - create 3 state directory
2026-09-06 12:09:20.167 [http-nio-8081-exec-5] INFO  r.i.i.p.service.GenerateDirService - file: Z001002.VALID_ENROLL2.298 move to success
2026-09-06 12:09:20.167 [http-nio-8081-exec-5] INFO  r.i.i.p.service.ProcessFileService - file: Z001002.VALID_ENROLL2.298 move in success
2026-09-06 12:09:20.167 [http-nio-8081-exec-5] INFO  r.i.i.p.c.FileChunkedController - file: Z001002.VALID_ENROLL2.298 success chunked get
2026-09-06 12:09:20.190 [http-nio-8081-exec-4] WARN  r.i.i.p.c.FileChunkedController - file: Z001002.VALID_ENROLL2.298 is exist in db
2026-09-06 12:09:20.203 [Test worker] INFO  o.s.t.c.s.AnnotationConfigContextLoaderUtils - Could not detect default configuration classes for test class [ru.itone.illya4gurenko.publisher_change_food_card.controller.MultipartTest]: MultipartTest does not declare any static, non-private, non-final, nested classes annotated with @Configuration.
2026-09-06 12:09:20.206 [Test worker] INFO  o.s.b.t.c.SpringBootTestContextBootstrapper - Found @SpringBootConfiguration ru.itone.illya4gurenko.publisher_change_food_card.PublisherChangeFoodCardApplication for test class ru.itone.illya4gurenko.publisher_change_food_card.controller.MultipartTest
2026-09-06 12:09:20.331 [http-nio-8081-exec-6] INFO  r.i.i.p.service.GenerateDirService - create 3 state directory
2026-09-06 12:09:20.332 [http-nio-8081-exec-6] INFO  r.i.i.p.service.GenerateDirService - file: Z001002.ERRORCOUNT_ENROLL1.298 move to in-progress from controller
2026-09-06 12:09:20.337 [http-nio-8081-exec-6] INFO  r.i.i.p.service.ProcessFileService - start process file: Z001002.ERRORCOUNT_ENROLL1.298
2026-09-06 12:09:20.338 [http-nio-8081-exec-6] INFO  r.i.i.p.s.visitor.EnrollVisitor - title: Z001002.ERRORCOUNT_ENROLL1.298 is valid
2026-09-06 12:09:20.368 [http-nio-8081-exec-6] WARN  r.i.i.p.s.visitor.EnrollVisitor - invalid trailer: T                  10
2026-09-06 12:09:20.385 [http-nio-8081-exec-6] WARN  r.i.i.p.service.ProcessFileService - Validation failed for file Z001002.ERRORCOUNT_ENROLL1.298: File contains validation errors
2026-09-06 12:09:20.398 [http-nio-8081-exec-6] INFO  r.i.i.p.service.GenerateDirService - create 3 state directory
2026-09-06 12:09:20.399 [http-nio-8081-exec-6] INFO  r.i.i.p.service.GenerateDirService - file: Z001002.ERRORCOUNT_ENROLL1.298 move to error
2026-09-06 12:09:20.400 [http-nio-8081-exec-6] INFO  r.i.i.p.c.FileMultipartController - file: Z001002.ERRORCOUNT_ENROLL1.298 success multipart get
2026-09-06 12:09:20.487 [http-nio-8081-exec-7] INFO  r.i.i.p.service.GenerateDirService - create 3 state directory
2026-09-06 12:09:20.488 [http-nio-8081-exec-7] INFO  r.i.i.p.service.GenerateDirService - file: Z001002.VALIDINTIME_ENROLL2.298 move to in-progress from controller
2026-09-06 12:09:20.492 [http-nio-8081-exec-7] INFO  r.i.i.p.service.ProcessFileService - start process file: Z001002.VALIDINTIME_ENROLL2.298
2026-09-06 12:09:20.495 [http-nio-8081-exec-7] INFO  r.i.i.p.s.visitor.EnrollVisitor - title: Z001002.VALIDINTIME_ENROLL2.298 is valid
2026-09-06 12:09:20.553 [http-nio-8081-exec-7] INFO  r.i.i.p.service.GenerateDirService - create 3 state directory
2026-09-06 12:09:20.554 [http-nio-8081-exec-7] INFO  r.i.i.p.service.GenerateDirService - file: Z001002.VALIDINTIME_ENROLL2.298 move to success
2026-09-06 12:09:20.554 [http-nio-8081-exec-7] INFO  r.i.i.p.service.ProcessFileService - file: Z001002.VALIDINTIME_ENROLL2.298 move in success
2026-09-06 12:09:20.554 [http-nio-8081-exec-7] INFO  r.i.i.p.c.FileMultipartController - file: Z001002.VALIDINTIME_ENROLL2.298 success multipart get
2026-09-06 12:09:20.643 [http-nio-8081-exec-8] INFO  r.i.i.p.service.GenerateDirService - create 3 state directory
2026-09-06 12:09:20.644 [http-nio-8081-exec-8] INFO  r.i.i.p.service.GenerateDirService - file: Z001002.VALID_ENROLL2.298 move to in-progress from controller
2026-09-06 12:09:20.648 [http-nio-8081-exec-8] INFO  r.i.i.p.service.ProcessFileService - start process file: Z001002.VALID_ENROLL2.298
2026-09-06 12:09:20.650 [http-nio-8081-exec-8] INFO  r.i.i.p.s.visitor.EnrollVisitor - title: Z001002.VALID_ENROLL2.298 is valid
2026-09-06 12:09:20.691 [http-nio-8081-exec-8] INFO  r.i.i.p.service.GenerateDirService - create 3 state directory
2026-09-06 12:09:20.693 [http-nio-8081-exec-8] INFO  r.i.i.p.service.GenerateDirService - file: Z001002.VALID_ENROLL2.298 move to success
2026-09-06 12:09:20.693 [http-nio-8081-exec-8] INFO  r.i.i.p.service.ProcessFileService - file: Z001002.VALID_ENROLL2.298 move in success
2026-09-06 12:09:20.693 [http-nio-8081-exec-8] INFO  r.i.i.p.c.FileMultipartController - file: Z001002.VALID_ENROLL2.298 success multipart get
2026-09-06 12:09:20.705 [http-nio-8081-exec-9] WARN  r.i.i.p.c.FileMultipartController - file: Z001002.VALID_ENROLL2.298 is exist in db
2026-09-06 12:09:20.776 [http-nio-8081-exec-10] INFO  r.i.i.p.service.GenerateDirService - create 3 state directory
2026-09-06 12:09:20.777 [http-nio-8081-exec-10] INFO  r.i.i.p.service.GenerateDirService - file: Z001002.ERRORTRAILER_ENROLL2.298 move to in-progress from controller
2026-09-06 12:09:20.783 [http-nio-8081-exec-10] INFO  r.i.i.p.service.ProcessFileService - start process file: Z001002.ERRORTRAILER_ENROLL2.298
2026-09-06 12:09:20.785 [http-nio-8081-exec-10] INFO  r.i.i.p.s.visitor.EnrollVisitor - title: Z001002.ERRORTRAILER_ENROLL2.298 is valid
2026-09-06 12:09:20.808 [http-nio-8081-exec-10] WARN  r.i.i.p.s.visitor.EnrollVisitor - invalid trailer: INVALID_TRAILER_STRING_FORMAT
2026-09-06 12:09:20.820 [http-nio-8081-exec-10] WARN  r.i.i.p.service.ProcessFileService - Validation failed for file Z001002.ERRORTRAILER_ENROLL2.298: File contains validation errors
2026-09-06 12:09:20.836 [http-nio-8081-exec-10] INFO  r.i.i.p.service.GenerateDirService - create 3 state directory
2026-09-06 12:09:20.837 [http-nio-8081-exec-10] INFO  r.i.i.p.service.GenerateDirService - file: Z001002.ERRORTRAILER_ENROLL2.298 move to error
2026-09-06 12:09:20.837 [http-nio-8081-exec-10] INFO  r.i.i.p.c.FileMultipartController - file: Z001002.ERRORTRAILER_ENROLL2.298 success multipart get
2026-09-06 12:09:20.923 [http-nio-8081-exec-1] INFO  r.i.i.p.service.GenerateDirService - create 3 state directory
2026-09-06 12:09:20.924 [http-nio-8081-exec-1] INFO  r.i.i.p.service.GenerateDirService - file: Z001002.ERRORBODY_ENROLL2.298 move to in-progress from controller
2026-09-06 12:09:20.930 [http-nio-8081-exec-1] INFO  r.i.i.p.service.ProcessFileService - start process file: Z001002.ERRORBODY_ENROLL2.298
2026-09-06 12:09:20.931 [http-nio-8081-exec-1] INFO  r.i.i.p.s.visitor.EnrollVisitor - title: Z001002.ERRORBODY_ENROLL2.298 is valid
2026-09-06 12:09:20.942 [http-nio-8081-exec-1] WARN  r.i.i.p.s.visitor.EnrollVisitor - body: Алексеев Алексей Алексеевич                                                                         40817810099910009999          DR            -5000.00, has error: [ValidationError[code=B05, message=amount mustn`t <0: -5000.00]]
2026-09-06 12:09:20.962 [http-nio-8081-exec-1] WARN  r.i.i.p.service.ProcessFileService - Validation failed for file Z001002.ERRORBODY_ENROLL2.298: File contains validation errors
2026-09-06 12:09:20.974 [http-nio-8081-exec-1] INFO  r.i.i.p.service.GenerateDirService - create 3 state directory
2026-09-06 12:09:20.975 [http-nio-8081-exec-1] INFO  r.i.i.p.service.GenerateDirService - file: Z001002.ERRORBODY_ENROLL2.298 move to error
2026-09-06 12:09:20.975 [http-nio-8081-exec-1] INFO  r.i.i.p.c.FileMultipartController - file: Z001002.ERRORBODY_ENROLL2.298 success multipart get
2026-09-06 12:09:21.054 [http-nio-8081-exec-2] INFO  r.i.i.p.service.GenerateDirService - create 3 state directory
2026-09-06 12:09:21.055 [http-nio-8081-exec-2] INFO  r.i.i.p.service.GenerateDirService - file: Z001002.VALID_ENROLL2.298 move to in-progress from controller
2026-09-06 12:09:21.059 [http-nio-8081-exec-2] INFO  r.i.i.p.service.ProcessFileService - start process file: Z001002.VALID_ENROLL2.298
2026-09-06 12:09:21.061 [http-nio-8081-exec-2] INFO  r.i.i.p.s.visitor.EnrollVisitor - title: Z001002.VALID_ENROLL2.298 is valid
2026-09-06 12:09:21.105 [http-nio-8081-exec-2] INFO  r.i.i.p.service.GenerateDirService - create 3 state directory
2026-09-06 12:09:21.106 [http-nio-8081-exec-2] INFO  r.i.i.p.service.GenerateDirService - file: Z001002.VALID_ENROLL2.298 move to success
2026-09-06 12:09:21.107 [http-nio-8081-exec-2] INFO  r.i.i.p.service.ProcessFileService - file: Z001002.VALID_ENROLL2.298 move in success
2026-09-06 12:09:21.107 [http-nio-8081-exec-2] INFO  r.i.i.p.c.FileMultipartController - file: Z001002.VALID_ENROLL2.298 success multipart get
2026-09-06 12:09:21.200 [http-nio-8081-exec-3] INFO  r.i.i.p.service.GenerateDirService - create 3 state directory
2026-09-06 12:09:21.203 [http-nio-8081-exec-3] INFO  r.i.i.p.service.GenerateDirService - file: Z001002.ERRORHEADER_ENROLL2.298 move to in-progress from controller
2026-09-06 12:09:21.208 [http-nio-8081-exec-3] INFO  r.i.i.p.service.ProcessFileService - start process file: Z001002.ERRORHEADER_ENROLL2.298
2026-09-06 12:09:21.210 [http-nio-8081-exec-3] INFO  r.i.i.p.s.visitor.EnrollVisitor - title: Z001002.ERRORHEADER_ENROLL2.298 is valid
2026-09-06 12:09:21.216 [http-nio-8081-exec-3] WARN  r.i.i.p.s.visitor.EnrollVisitor - invalid header: H CORRUPTED_HEADER_DATA_12345
2026-09-06 12:09:21.226 [http-nio-8081-exec-3] WARN  r.i.i.p.s.visitor.EnrollVisitor - invalid header: Иванов Иван Иванович                                                                                40817810099910004321          ZR             1500.50
2026-09-06 12:09:21.236 [http-nio-8081-exec-3] WARN  r.i.i.p.s.visitor.EnrollVisitor - invalid header: T                   1
2026-09-06 12:09:21.247 [http-nio-8081-exec-3] WARN  r.i.i.p.service.ProcessFileService - Validation failed for file Z001002.ERRORHEADER_ENROLL2.298: invalid structure file
2026-09-06 12:09:21.259 [http-nio-8081-exec-3] INFO  r.i.i.p.service.GenerateDirService - create 3 state directory
2026-09-06 12:09:21.261 [http-nio-8081-exec-3] INFO  r.i.i.p.service.GenerateDirService - file: Z001002.ERRORHEADER_ENROLL2.298 move to error
2026-09-06 12:09:21.262 [http-nio-8081-exec-3] INFO  r.i.i.p.c.FileMultipartController - file: Z001002.ERRORHEADER_ENROLL2.298 success multipart get
2026-09-06 12:09:21.288 [Test worker] INFO  o.s.t.c.s.AnnotationConfigContextLoaderUtils - Could not detect default configuration classes for test class [ru.itone.illya4gurenko.publisher_change_food_card.grpc.GrpcTest]: GrpcTest does not declare any static, non-private, non-final, nested classes annotated with @Configuration.
2026-09-06 12:09:21.296 [Test worker] INFO  o.s.b.t.c.SpringBootTestContextBootstrapper - Found @SpringBootConfiguration ru.itone.illya4gurenko.publisher_change_food_card.PublisherChangeFoodCardApplication for test class ru.itone.illya4gurenko.publisher_change_food_card.grpc.GrpcTest
2026-09-06 12:09:21.897 [grpc-default-executor-1] INFO  r.i.i.p.c.FileUploadGrpcService - get grpc-chunk for file: Z001002.VALID_ENROLL2.298
2026-09-06 12:09:21.898 [grpc-default-executor-1] INFO  r.i.i.p.service.GenerateDirService - create 3 state directory
2026-09-06 12:09:21.902 [grpc-default-executor-1] INFO  r.i.i.p.c.FileUploadGrpcService - gRPC stream end. get 222 byte for file 'Z001002.VALID_ENROLL2.298'
2026-09-06 12:09:21.912 [grpc-default-executor-1] INFO  r.i.i.p.service.ProcessFileService - start process file: Z001002.VALID_ENROLL2.298
2026-09-06 12:09:21.914 [grpc-default-executor-1] INFO  r.i.i.p.s.visitor.EnrollVisitor - title: Z001002.VALID_ENROLL2.298 is valid
2026-09-06 12:09:21.968 [grpc-default-executor-1] INFO  r.i.i.p.service.GenerateDirService - create 3 state directory
2026-09-06 12:09:21.969 [grpc-default-executor-1] INFO  r.i.i.p.service.GenerateDirService - file: Z001002.VALID_ENROLL2.298 move to success
2026-09-06 12:09:21.969 [grpc-default-executor-1] INFO  r.i.i.p.service.ProcessFileService - file: Z001002.VALID_ENROLL2.298 move in success
2026-09-06 12:09:22.058 [grpc-default-executor-1] INFO  r.i.i.p.c.FileUploadGrpcService - get grpc-chunk for file: Z001002.VALIDINTIME_ENROLL2.298
2026-09-06 12:09:22.059 [grpc-default-executor-1] INFO  r.i.i.p.service.GenerateDirService - create 3 state directory
2026-09-06 12:09:22.065 [grpc-default-executor-1] INFO  r.i.i.p.c.FileUploadGrpcService - gRPC stream end. get 410 byte for file 'Z001002.VALIDINTIME_ENROLL2.298'
2026-09-06 12:09:22.069 [grpc-default-executor-1] INFO  r.i.i.p.service.ProcessFileService - start process file: Z001002.VALIDINTIME_ENROLL2.298
2026-09-06 12:09:22.070 [grpc-default-executor-1] INFO  r.i.i.p.s.visitor.EnrollVisitor - title: Z001002.VALIDINTIME_ENROLL2.298 is valid
2026-09-06 12:09:22.138 [grpc-default-executor-1] INFO  r.i.i.p.service.GenerateDirService - create 3 state directory
2026-09-06 12:09:22.139 [grpc-default-executor-1] INFO  r.i.i.p.service.GenerateDirService - file: Z001002.VALIDINTIME_ENROLL2.298 move to success
2026-09-06 12:09:22.140 [grpc-default-executor-1] INFO  r.i.i.p.service.ProcessFileService - file: Z001002.VALIDINTIME_ENROLL2.298 move in success
2026-09-06 12:09:22.207 [grpc-default-executor-0] INFO  r.i.i.p.c.FileUploadGrpcService - get grpc-chunk for file: Z001002.ERRORBODY_ENROLL2.298
2026-09-06 12:09:22.209 [grpc-default-executor-0] INFO  r.i.i.p.service.GenerateDirService - create 3 state directory
2026-09-06 12:09:22.213 [grpc-default-executor-0] INFO  r.i.i.p.c.FileUploadGrpcService - gRPC stream end. get 229 byte for file 'Z001002.ERRORBODY_ENROLL2.298'
2026-09-06 12:09:22.217 [grpc-default-executor-0] INFO  r.i.i.p.service.ProcessFileService - start process file: Z001002.ERRORBODY_ENROLL2.298
2026-09-06 12:09:22.218 [grpc-default-executor-0] INFO  r.i.i.p.s.visitor.EnrollVisitor - title: Z001002.ERRORBODY_ENROLL2.298 is valid
2026-09-06 12:09:22.228 [grpc-default-executor-0] WARN  r.i.i.p.s.visitor.EnrollVisitor - body: Алексеев Алексей Алексеевич                                                                         40817810099910009999          DR            -5000.00, has error: [ValidationError[code=B05, message=amount mustn`t <0: -5000.00]]
2026-09-06 12:09:22.240 [grpc-default-executor-0] WARN  r.i.i.p.service.ProcessFileService - Validation failed for file Z001002.ERRORBODY_ENROLL2.298: File contains validation errors
2026-09-06 12:09:22.252 [grpc-default-executor-0] INFO  r.i.i.p.service.GenerateDirService - create 3 state directory
2026-09-06 12:09:22.253 [grpc-default-executor-0] INFO  r.i.i.p.service.GenerateDirService - file: Z001002.ERRORBODY_ENROLL2.298 move to error
2026-09-06 12:09:22.318 [grpc-default-executor-1] INFO  r.i.i.p.c.FileUploadGrpcService - get grpc-chunk for file: Z001002.ERRORTRAILER_ENROLL2.298
2026-09-06 12:09:22.319 [grpc-default-executor-1] INFO  r.i.i.p.service.GenerateDirService - create 3 state directory
2026-09-06 12:09:22.321 [grpc-default-executor-1] INFO  r.i.i.p.c.FileUploadGrpcService - gRPC stream end. get 230 byte for file 'Z001002.ERRORTRAILER_ENROLL2.298'
2026-09-06 12:09:22.327 [grpc-default-executor-1] INFO  r.i.i.p.service.ProcessFileService - start process file: Z001002.ERRORTRAILER_ENROLL2.298
2026-09-06 12:09:22.330 [grpc-default-executor-1] INFO  r.i.i.p.s.visitor.EnrollVisitor - title: Z001002.ERRORTRAILER_ENROLL2.298 is valid
2026-09-06 12:09:22.354 [grpc-default-executor-1] WARN  r.i.i.p.s.visitor.EnrollVisitor - invalid trailer: INVALID_TRAILER_STRING_FORMAT
2026-09-06 12:09:22.365 [grpc-default-executor-1] WARN  r.i.i.p.service.ProcessFileService - Validation failed for file Z001002.ERRORTRAILER_ENROLL2.298: File contains validation errors
2026-09-06 12:09:22.375 [grpc-default-executor-1] INFO  r.i.i.p.service.GenerateDirService - create 3 state directory
2026-09-06 12:09:22.376 [grpc-default-executor-1] INFO  r.i.i.p.service.GenerateDirService - file: Z001002.ERRORTRAILER_ENROLL2.298 move to error
2026-09-06 12:09:22.397 [Test worker] INFO  o.s.t.c.s.AnnotationConfigContextLoaderUtils - Could not detect default configuration classes for test class [ru.itone.illya4gurenko.publisher_change_food_card.local.SystemDirTest]: SystemDirTest does not declare any static, non-private, non-final, nested classes annotated with @Configuration.
2026-09-06 12:09:22.403 [Test worker] INFO  o.s.b.t.c.SpringBootTestContextBootstrapper - Found @SpringBootConfiguration ru.itone.illya4gurenko.publisher_change_food_card.PublisherChangeFoodCardApplication for test class ru.itone.illya4gurenko.publisher_change_food_card.local.SystemDirTest
2026-09-06 12:09:22.999 [SpringApplicationShutdownHook] INFO  n.d.b.g.s.s.GrpcServerLifecycle - Completed gRPC server shutdown
2026-09-06 12:09:23.064 [SpringApplicationShutdownHook] INFO  o.s.o.j.LocalContainerEntityManagerFactoryBean - Closing JPA EntityManagerFactory for persistence unit 'postgres'
2026-09-06 12:09:23.067 [SpringApplicationShutdownHook] INFO  com.zaxxer.hikari.HikariDataSource - HikariPool-2 - Shutdown initiated...
2026-09-06 12:09:23.100 [SpringApplicationShutdownHook] INFO  com.zaxxer.hikari.HikariDataSource - HikariPool-2 - Shutdown completed.
2026-09-06 12:09:23.100 [SpringApplicationShutdownHook] INFO  o.s.o.j.LocalContainerEntityManagerFactoryBean - Closing JPA EntityManagerFactory for persistence unit 'oracle'
2026-09-06 12:09:23.102 [SpringApplicationShutdownHook] INFO  com.zaxxer.hikari.HikariDataSource - HikariPool-1 - Shutdown initiated...
2026-09-06 12:09:23.154 [SpringApplicationShutdownHook] INFO  com.zaxxer.hikari.HikariDataSource - HikariPool-1 - Shutdown completed.
2026-09-06 12:22:15.258 [background-preinit] INFO  o.h.validator.internal.util.Version - HV000001: Hibernate Validator 8.0.1.Final
2026-09-06 12:22:15.412 [Test worker] INFO  r.i.i.p.grpc.GrpcTest - Starting GrpcTest using Java 21.0.9 with PID 1324 (started by USER in D:\gpb_tasks\publisher-change-food-card)
2026-09-06 12:22:15.415 [Test worker] INFO  r.i.i.p.grpc.GrpcTest - No active profile set, falling back to 1 default profile: "default"
2026-09-06 12:22:16.393 [Test worker] INFO  o.s.d.r.c.RepositoryConfigurationDelegate - Bootstrapping Spring Data JPA repositories in DEFAULT mode.
2026-09-06 12:22:16.473 [Test worker] INFO  o.s.d.r.c.RepositoryConfigurationDelegate - Finished Spring Data repository scanning in 62 ms. Found 1 JPA repository interface.
2026-09-06 12:22:16.475 [Test worker] INFO  o.s.d.r.c.RepositoryConfigurationDelegate - Bootstrapping Spring Data JPA repositories in DEFAULT mode.
2026-09-06 12:22:16.487 [Test worker] INFO  o.s.d.r.c.RepositoryConfigurationDelegate - Finished Spring Data repository scanning in 11 ms. Found 3 JPA repository interfaces.
2026-09-06 12:22:17.876 [Test worker] INFO  o.s.b.w.e.tomcat.TomcatWebServer - Tomcat initialized with port 8081 (http)
2026-09-06 12:22:17.896 [Test worker] INFO  o.a.coyote.http11.Http11NioProtocol - Initializing ProtocolHandler ["http-nio-8081"]
2026-09-06 12:22:17.901 [Test worker] INFO  o.a.catalina.core.StandardService - Starting service [Tomcat]
2026-09-06 12:22:17.901 [Test worker] INFO  o.a.catalina.core.StandardEngine - Starting Servlet engine: [Apache Tomcat/10.1.26]
2026-09-06 12:22:18.011 [Test worker] INFO  o.a.c.c.C.[Tomcat].[localhost].[/] - Initializing Spring embedded WebApplicationContext
2026-09-06 12:22:18.012 [Test worker] INFO  o.s.b.w.s.c.ServletWebServerApplicationContext - Root WebApplicationContext: initialization completed in 2524 ms
2026-09-06 12:22:18.276 [Test worker] INFO  o.h.jpa.internal.util.LogHelper - HHH000204: Processing PersistenceUnitInfo [name: oracle]
2026-09-06 12:22:18.403 [Test worker] INFO  org.hibernate.Version - HHH000412: Hibernate ORM core version 6.5.2.Final
2026-09-06 12:22:18.464 [Test worker] INFO  o.h.c.i.RegionFactoryInitiator - HHH000026: Second-level cache disabled
2026-09-06 12:22:19.171 [Test worker] INFO  o.s.o.j.p.SpringPersistenceUnitInfo - No LoadTimeWeaver setup: ignoring JPA class transformer
2026-09-06 12:22:19.229 [Test worker] INFO  com.zaxxer.hikari.HikariDataSource - HikariPool-1 - Starting...
2026-09-06 12:22:19.288 [Test worker] INFO  com.zaxxer.hikari.pool.HikariPool - HikariPool-1 - Added connection oracle.jdbc.driver.T4CConnection@4c77b675
2026-09-06 12:22:19.292 [Test worker] INFO  com.zaxxer.hikari.HikariDataSource - HikariPool-1 - Start completed.
2026-09-06 12:22:19.370 [Test worker] WARN  org.hibernate.dialect.Dialect - HHH000511: The 11.2.0 version for [org.hibernate.dialect.OracleDialect] is no longer supported, hence certain features may not work properly. The minimum supported version is 19.0.0. Check the community dialects project for available legacy versions.
2026-09-06 12:22:19.377 [Test worker] WARN  org.hibernate.orm.deprecation - HHH90000025: OracleDialect does not need to be specified explicitly using 'hibernate.dialect' (remove the property setting and it will be selected by default)
2026-09-06 12:22:21.322 [Test worker] INFO  o.h.e.t.j.p.i.JtaPlatformInitiator - HHH000489: No JTA platform available (set 'hibernate.transaction.jta.platform' to enable JTA platform integration)
2026-09-06 12:22:21.327 [Test worker] INFO  o.s.o.j.LocalContainerEntityManagerFactoryBean - Initialized JPA EntityManagerFactory for persistence unit 'oracle'
2026-09-06 12:22:21.346 [Test worker] INFO  o.h.jpa.internal.util.LogHelper - HHH000204: Processing PersistenceUnitInfo [name: postgres]
2026-09-06 12:22:21.351 [Test worker] INFO  o.h.c.i.RegionFactoryInitiator - HHH000026: Second-level cache disabled
2026-09-06 12:22:21.374 [Test worker] INFO  o.s.o.j.p.SpringPersistenceUnitInfo - No LoadTimeWeaver setup: ignoring JPA class transformer
2026-09-06 12:22:21.376 [Test worker] INFO  com.zaxxer.hikari.HikariDataSource - HikariPool-2 - Starting...
2026-09-06 12:22:21.420 [Test worker] INFO  com.zaxxer.hikari.pool.HikariPool - HikariPool-2 - Added connection org.postgresql.jdbc.PgConnection@6b877761
2026-09-06 12:22:21.420 [Test worker] INFO  com.zaxxer.hikari.HikariDataSource - HikariPool-2 - Start completed.
2026-09-06 12:22:21.438 [Test worker] WARN  org.hibernate.orm.deprecation - HHH90000025: PostgreSQLDialect does not need to be specified explicitly using 'hibernate.dialect' (remove the property setting and it will be selected by default)
2026-09-06 12:22:21.847 [Test worker] INFO  o.h.e.t.j.p.i.JtaPlatformInitiator - HHH000489: No JTA platform available (set 'hibernate.transaction.jta.platform' to enable JTA platform integration)
2026-09-06 12:22:21.848 [Test worker] INFO  o.s.o.j.LocalContainerEntityManagerFactoryBean - Initialized JPA EntityManagerFactory for persistence unit 'postgres'
2026-09-06 12:22:22.523 [Test worker] WARN  o.s.b.a.o.j.JpaBaseConfiguration$JpaWebConfiguration - spring.jpa.open-in-view is enabled by default. Therefore, database queries may be performed during view rendering. Explicitly configure spring.jpa.open-in-view to disable this warning
2026-09-06 12:22:23.080 [Test worker] INFO  n.d.b.g.s.a.GrpcServerFactoryAutoConfiguration - Detected grpc-netty-shaded: Creating ShadedNettyGrpcServerFactory
2026-09-06 12:22:23.390 [Test worker] INFO  o.a.coyote.http11.Http11NioProtocol - Starting ProtocolHandler ["http-nio-8081"]
2026-09-06 12:22:23.419 [Test worker] INFO  o.s.b.w.e.tomcat.TomcatWebServer - Tomcat started on port 8081 (http) with context path '/'
2026-09-06 12:22:23.547 [Test worker] INFO  n.d.b.g.s.s.AbstractGrpcServerFactory - Registered gRPC service: ru.itone.illya4gurenko.grpc.FileUploadService, bean: fileUploadGrpcService, class: ru.itone.illya4gurenko.publisher_change_food_card.controller.FileUploadGrpcService
2026-09-06 12:22:23.547 [Test worker] INFO  n.d.b.g.s.s.AbstractGrpcServerFactory - Registered gRPC service: grpc.health.v1.Health, bean: grpcHealthService, class: io.grpc.protobuf.services.HealthServiceImpl
2026-09-06 12:22:23.547 [Test worker] INFO  n.d.b.g.s.s.AbstractGrpcServerFactory - Registered gRPC service: grpc.reflection.v1alpha.ServerReflection, bean: protoReflectionService, class: io.grpc.protobuf.services.ProtoReflectionService
2026-09-06 12:22:23.763 [Test worker] INFO  n.d.b.g.s.s.GrpcServerLifecycle - gRPC Server started, listening on address: *, port: 9090
2026-09-06 12:22:23.782 [Test worker] INFO  r.i.i.p.grpc.GrpcTest - Started GrpcTest in 9.278 seconds (process running for 42.939)
2026-09-06 12:22:25.093 [grpc-default-executor-1] INFO  r.i.i.p.c.FileUploadGrpcService - get grpc-chunk for file: Z001002.VALID_ENROLL2.298
2026-09-06 12:22:25.097 [grpc-default-executor-1] INFO  r.i.i.p.service.GenerateDirService - create 3 state directory
2026-09-06 12:22:25.100 [grpc-default-executor-1] INFO  r.i.i.p.c.FileUploadGrpcService - gRPC stream end. get 222 byte for file 'Z001002.VALID_ENROLL2.298'
2026-09-06 12:22:25.187 [grpc-default-executor-1] INFO  r.i.i.p.service.ProcessFileService - start process file: Z001002.VALID_ENROLL2.298
2026-09-06 12:22:25.193 [grpc-default-executor-1] INFO  r.i.i.p.s.visitor.EnrollVisitor - title: Z001002.VALID_ENROLL2.298 is valid
2026-09-06 12:22:25.550 [grpc-default-executor-1] INFO  r.i.i.p.service.GenerateDirService - create 3 state directory
2026-09-06 12:22:25.553 [grpc-default-executor-1] INFO  r.i.i.p.service.GenerateDirService - file: Z001002.VALID_ENROLL2.298 move to success
2026-09-06 12:22:25.553 [grpc-default-executor-1] INFO  r.i.i.p.service.ProcessFileService - file: Z001002.VALID_ENROLL2.298 move in success
2026-09-06 12:22:26.136 [grpc-default-executor-1] INFO  r.i.i.p.c.FileUploadGrpcService - get grpc-chunk for file: Z001002.VALIDINTIME_ENROLL2.298
2026-09-06 12:22:26.138 [grpc-default-executor-1] INFO  r.i.i.p.service.GenerateDirService - create 3 state directory
2026-09-06 12:22:26.142 [grpc-default-executor-1] INFO  r.i.i.p.c.FileUploadGrpcService - gRPC stream end. get 410 byte for file 'Z001002.VALIDINTIME_ENROLL2.298'
2026-09-06 12:22:26.148 [grpc-default-executor-1] INFO  r.i.i.p.service.ProcessFileService - start process file: Z001002.VALIDINTIME_ENROLL2.298
2026-09-06 12:22:26.149 [grpc-default-executor-1] INFO  r.i.i.p.s.visitor.EnrollVisitor - title: Z001002.VALIDINTIME_ENROLL2.298 is valid
2026-09-06 12:22:26.211 [grpc-default-executor-1] INFO  r.i.i.p.service.GenerateDirService - create 3 state directory
2026-09-06 12:22:26.212 [grpc-default-executor-1] INFO  r.i.i.p.service.GenerateDirService - file: Z001002.VALIDINTIME_ENROLL2.298 move to success
2026-09-06 12:22:26.212 [grpc-default-executor-1] INFO  r.i.i.p.service.ProcessFileService - file: Z001002.VALIDINTIME_ENROLL2.298 move in success
2026-09-06 12:22:26.303 [grpc-default-executor-0] INFO  r.i.i.p.c.FileUploadGrpcService - get grpc-chunk for file: Z001002.ERRORBODY_ENROLL2.298
2026-09-06 12:22:26.304 [grpc-default-executor-0] INFO  r.i.i.p.service.GenerateDirService - create 3 state directory
2026-09-06 12:22:26.307 [grpc-default-executor-0] INFO  r.i.i.p.c.FileUploadGrpcService - gRPC stream end. get 229 byte for file 'Z001002.ERRORBODY_ENROLL2.298'
2026-09-06 12:22:26.313 [grpc-default-executor-0] INFO  r.i.i.p.service.ProcessFileService - start process file: Z001002.ERRORBODY_ENROLL2.298
2026-09-06 12:22:26.314 [grpc-default-executor-0] INFO  r.i.i.p.s.visitor.EnrollVisitor - title: Z001002.ERRORBODY_ENROLL2.298 is valid
2026-09-06 12:22:26.326 [grpc-default-executor-0] WARN  r.i.i.p.s.visitor.EnrollVisitor - body: Алексеев Алексей Алексеевич                                                                         40817810099910009999          DR            -5000.00, has error: [ValidationError[code=B05, message=amount mustn`t <0: -5000.00]]
2026-09-06 12:22:26.349 [grpc-default-executor-0] WARN  r.i.i.p.service.ProcessFileService - Validation failed for file Z001002.ERRORBODY_ENROLL2.298: File contains validation errors
2026-09-06 12:22:26.364 [grpc-default-executor-0] INFO  r.i.i.p.service.GenerateDirService - create 3 state directory
2026-09-06 12:22:26.364 [grpc-default-executor-0] INFO  r.i.i.p.service.GenerateDirService - file: Z001002.ERRORBODY_ENROLL2.298 move to error
2026-09-06 12:22:26.365 [grpc-default-executor-0] ERROR r.i.i.p.c.FileUploadGrpcService - error process file: Z001002.ERRORBODY_ENROLL2.298
ru.itone.illya4gurenko.publisher_change_food_card.exception.FileValidationException: File contains validation errors
	at ru.itone.illya4gurenko.publisher_change_food_card.service.visitor.EnrollVisitor.visit(EnrollVisitor.java:85)
	at java.base/java.nio.file.FileChannelLinesSpliterator.forEachRemaining(FileChannelLinesSpliterator.java:130)
	at java.base/java.util.stream.ReferencePipeline$Head.forEach(ReferencePipeline.java:762)
	at ru.itone.illya4gurenko.publisher_change_food_card.service.ProcessFileService.process(ProcessFileService.java:54)
	at ru.itone.illya4gurenko.publisher_change_food_card.controller.FileUploadGrpcService$1.onCompleted(FileUploadGrpcService.java:84)
	at io.grpc.stub.ServerCalls$StreamingServerCallHandler$StreamingServerCallListener.onHalfClose(ServerCalls.java:273)
	at io.grpc.PartialForwardingServerCallListener.onHalfClose(PartialForwardingServerCallListener.java:35)
	at io.grpc.ForwardingServerCallListener.onHalfClose(ForwardingServerCallListener.java:23)
	at io.grpc.ForwardingServerCallListener$SimpleForwardingServerCallListener.onHalfClose(ForwardingServerCallListener.java:40)
	at io.grpc.Contexts$ContextualizedServerCallListener.onHalfClose(Contexts.java:86)
	at io.grpc.internal.ServerCallImpl$ServerStreamListenerImpl.halfClosed(ServerCallImpl.java:356)
	at io.grpc.internal.ServerImpl$JumpToApplicationThreadServerStreamListener$1HalfClosed.runInContext(ServerImpl.java:861)
	at io.grpc.internal.ContextRunnable.run(ContextRunnable.java:37)
	at io.grpc.internal.SerializingExecutor.run(SerializingExecutor.java:133)
	at java.base/java.util.concurrent.ThreadPoolExecutor.runWorker(ThreadPoolExecutor.java:1144)
	at java.base/java.util.concurrent.ThreadPoolExecutor$Worker.run(ThreadPoolExecutor.java:642)
	at java.base/java.lang.Thread.run(Thread.java:1583)
2026-09-06 12:22:26.449 [grpc-default-executor-1] INFO  r.i.i.p.c.FileUploadGrpcService - get grpc-chunk for file: Z001002.ERRORTRAILER_ENROLL2.298
2026-09-06 12:22:26.450 [grpc-default-executor-1] INFO  r.i.i.p.service.GenerateDirService - create 3 state directory
2026-09-06 12:22:26.452 [grpc-default-executor-1] INFO  r.i.i.p.c.FileUploadGrpcService - gRPC stream end. get 230 byte for file 'Z001002.ERRORTRAILER_ENROLL2.298'
2026-09-06 12:22:26.457 [grpc-default-executor-1] INFO  r.i.i.p.service.ProcessFileService - start process file: Z001002.ERRORTRAILER_ENROLL2.298
2026-09-06 12:22:26.460 [grpc-default-executor-1] INFO  r.i.i.p.s.visitor.EnrollVisitor - title: Z001002.ERRORTRAILER_ENROLL2.298 is valid
2026-09-06 12:22:26.482 [grpc-default-executor-1] WARN  r.i.i.p.s.visitor.EnrollVisitor - invalid trailer: INVALID_TRAILER_STRING_FORMAT
2026-09-06 12:22:26.494 [grpc-default-executor-1] WARN  r.i.i.p.service.ProcessFileService - Validation failed for file Z001002.ERRORTRAILER_ENROLL2.298: File contains validation errors
2026-09-06 12:22:26.507 [grpc-default-executor-1] INFO  r.i.i.p.service.GenerateDirService - create 3 state directory
2026-09-06 12:22:26.509 [grpc-default-executor-1] INFO  r.i.i.p.service.GenerateDirService - file: Z001002.ERRORTRAILER_ENROLL2.298 move to error
2026-09-06 12:22:26.509 [grpc-default-executor-1] ERROR r.i.i.p.c.FileUploadGrpcService - error process file: Z001002.ERRORTRAILER_ENROLL2.298
ru.itone.illya4gurenko.publisher_change_food_card.exception.FileValidationException: File contains validation errors
	at ru.itone.illya4gurenko.publisher_change_food_card.service.visitor.EnrollVisitor.visit(EnrollVisitor.java:85)
	at java.base/java.nio.file.FileChannelLinesSpliterator.forEachRemaining(FileChannelLinesSpliterator.java:130)
	at java.base/java.util.stream.ReferencePipeline$Head.forEach(ReferencePipeline.java:762)
	at ru.itone.illya4gurenko.publisher_change_food_card.service.ProcessFileService.process(ProcessFileService.java:54)
	at ru.itone.illya4gurenko.publisher_change_food_card.controller.FileUploadGrpcService$1.onCompleted(FileUploadGrpcService.java:84)
	at io.grpc.stub.ServerCalls$StreamingServerCallHandler$StreamingServerCallListener.onHalfClose(ServerCalls.java:273)
	at io.grpc.PartialForwardingServerCallListener.onHalfClose(PartialForwardingServerCallListener.java:35)
	at io.grpc.ForwardingServerCallListener.onHalfClose(ForwardingServerCallListener.java:23)
	at io.grpc.ForwardingServerCallListener$SimpleForwardingServerCallListener.onHalfClose(ForwardingServerCallListener.java:40)
	at io.grpc.Contexts$ContextualizedServerCallListener.onHalfClose(Contexts.java:86)
	at io.grpc.internal.ServerCallImpl$ServerStreamListenerImpl.halfClosed(ServerCallImpl.java:356)
	at io.grpc.internal.ServerImpl$JumpToApplicationThreadServerStreamListener$1HalfClosed.runInContext(ServerImpl.java:861)
	at io.grpc.internal.ContextRunnable.run(ContextRunnable.java:37)
	at io.grpc.internal.SerializingExecutor.run(SerializingExecutor.java:133)
	at java.base/java.util.concurrent.ThreadPoolExecutor.runWorker(ThreadPoolExecutor.java:1144)
	at java.base/java.util.concurrent.ThreadPoolExecutor$Worker.run(ThreadPoolExecutor.java:642)
	at java.base/java.lang.Thread.run(Thread.java:1583)
2026-09-06 12:22:26.548 [Test worker] INFO  o.s.t.c.s.AnnotationConfigContextLoaderUtils - Could not detect default configuration classes for test class [ru.itone.illya4gurenko.publisher_change_food_card.local.SystemDirTest]: SystemDirTest does not declare any static, non-private, non-final, nested classes annotated with @Configuration.
2026-09-06 12:22:26.556 [Test worker] INFO  o.s.b.t.c.SpringBootTestContextBootstrapper - Found @SpringBootConfiguration ru.itone.illya4gurenko.publisher_change_food_card.PublisherChangeFoodCardApplication for test class ru.itone.illya4gurenko.publisher_change_food_card.local.SystemDirTest
2026-09-06 12:22:26.618 [Test worker] INFO  r.i.i.p.service.CheckDirService - service get new file: Z001002.VALID_ENROLL2.298
2026-09-06 12:22:26.622 [Test worker] INFO  r.i.i.p.service.ProcessFileService - start process file: Z001002.VALID_ENROLL2.298
2026-09-06 12:22:26.625 [Test worker] INFO  r.i.i.p.service.GenerateDirService - create 3 state directory
2026-09-06 12:22:26.626 [Test worker] INFO  r.i.i.p.service.GenerateDirService - file: Z001002.VALID_ENROLL2.298 move to in-progress
2026-09-06 12:22:26.628 [Test worker] INFO  r.i.i.p.s.visitor.EnrollVisitor - title: Z001002.VALID_ENROLL2.298 is valid
2026-09-06 12:22:26.673 [Test worker] INFO  r.i.i.p.service.GenerateDirService - create 3 state directory
2026-09-06 12:22:26.674 [Test worker] INFO  r.i.i.p.service.GenerateDirService - file: Z001002.VALID_ENROLL2.298 move to success
2026-09-06 12:22:26.674 [Test worker] INFO  r.i.i.p.service.ProcessFileService - file: Z001002.VALID_ENROLL2.298 move in success
2026-09-06 12:22:26.749 [Test worker] INFO  r.i.i.p.service.CheckDirService - service get new file: Z001002.ERRORCOUNT_ENROLL1.298
2026-09-06 12:22:26.753 [Test worker] INFO  r.i.i.p.service.ProcessFileService - start process file: Z001002.ERRORCOUNT_ENROLL1.298
2026-09-06 12:22:26.754 [Test worker] INFO  r.i.i.p.service.GenerateDirService - create 3 state directory
2026-09-06 12:22:26.755 [Test worker] INFO  r.i.i.p.service.GenerateDirService - file: Z001002.ERRORCOUNT_ENROLL1.298 move to in-progress
2026-09-06 12:22:26.758 [Test worker] INFO  r.i.i.p.s.visitor.EnrollVisitor - title: Z001002.ERRORCOUNT_ENROLL1.298 is valid
2026-09-06 12:22:26.786 [Test worker] WARN  r.i.i.p.s.visitor.EnrollVisitor - invalid trailer: T                  10
2026-09-06 12:22:26.798 [Test worker] WARN  r.i.i.p.service.ProcessFileService - Validation failed for file Z001002.ERRORCOUNT_ENROLL1.298: File contains validation errors
2026-09-06 12:22:26.811 [Test worker] INFO  r.i.i.p.service.GenerateDirService - create 3 state directory
2026-09-06 12:22:26.811 [Test worker] INFO  r.i.i.p.service.GenerateDirService - file: Z001002.ERRORCOUNT_ENROLL1.298 move to error
2026-09-06 12:22:26.887 [Test worker] INFO  r.i.i.p.service.CheckDirService - service get new file: Z001002.VALID_ENROLL2.298
2026-09-06 12:22:26.893 [Test worker] INFO  r.i.i.p.service.ProcessFileService - start process file: Z001002.VALID_ENROLL2.298
2026-09-06 12:22:26.894 [Test worker] INFO  r.i.i.p.service.GenerateDirService - create 3 state directory
2026-09-06 12:22:26.894 [Test worker] INFO  r.i.i.p.service.GenerateDirService - file: Z001002.VALID_ENROLL2.298 move to in-progress
2026-09-06 12:22:26.896 [Test worker] INFO  r.i.i.p.s.visitor.EnrollVisitor - title: Z001002.VALID_ENROLL2.298 is valid
2026-09-06 12:22:26.939 [Test worker] INFO  r.i.i.p.service.GenerateDirService - create 3 state directory
2026-09-06 12:22:26.940 [Test worker] INFO  r.i.i.p.service.GenerateDirService - file: Z001002.VALID_ENROLL2.298 move to success
2026-09-06 12:22:26.940 [Test worker] INFO  r.i.i.p.service.ProcessFileService - file: Z001002.VALID_ENROLL2.298 move in success
2026-09-06 12:22:27.016 [Test worker] INFO  r.i.i.p.service.CheckDirService - service get new file: Z001002.VALIDINTIME_ENROLL2.298
2026-09-06 12:22:27.019 [Test worker] INFO  r.i.i.p.service.ProcessFileService - start process file: Z001002.VALIDINTIME_ENROLL2.298
2026-09-06 12:22:27.019 [Test worker] INFO  r.i.i.p.service.GenerateDirService - create 3 state directory
2026-09-06 12:22:27.021 [Test worker] INFO  r.i.i.p.service.GenerateDirService - file: Z001002.VALIDINTIME_ENROLL2.298 move to in-progress
2026-09-06 12:22:27.022 [Test worker] INFO  r.i.i.p.s.visitor.EnrollVisitor - title: Z001002.VALIDINTIME_ENROLL2.298 is valid
2026-09-06 12:22:27.085 [Test worker] INFO  r.i.i.p.service.GenerateDirService - create 3 state directory
2026-09-06 12:22:27.086 [Test worker] INFO  r.i.i.p.service.GenerateDirService - file: Z001002.VALIDINTIME_ENROLL2.298 move to success
2026-09-06 12:22:27.086 [Test worker] INFO  r.i.i.p.service.ProcessFileService - file: Z001002.VALIDINTIME_ENROLL2.298 move in success
2026-09-06 12:22:27.090 [Test worker] INFO  r.i.i.p.service.CheckDirService - service get new file: Z001002.VALID_ENROLL2.298
2026-09-06 12:22:27.094 [Test worker] INFO  r.i.i.p.service.ProcessFileService - start process file: Z001002.VALID_ENROLL2.298
2026-09-06 12:22:27.095 [Test worker] INFO  r.i.i.p.service.GenerateDirService - create 3 state directory
2026-09-06 12:22:27.096 [Test worker] INFO  r.i.i.p.service.GenerateDirService - file: Z001002.VALID_ENROLL2.298 move to in-progress
2026-09-06 12:22:27.098 [Test worker] INFO  r.i.i.p.s.visitor.EnrollVisitor - title: Z001002.VALID_ENROLL2.298 is valid
2026-09-06 12:22:27.140 [Test worker] INFO  r.i.i.p.service.GenerateDirService - create 3 state directory
2026-09-06 12:22:27.142 [Test worker] INFO  r.i.i.p.service.GenerateDirService - file: Z001002.VALID_ENROLL2.298 move to success
2026-09-06 12:22:27.143 [Test worker] INFO  r.i.i.p.service.ProcessFileService - file: Z001002.VALID_ENROLL2.298 move in success
2026-09-06 12:22:27.161 [Test worker] INFO  o.s.t.c.s.AnnotationConfigContextLoaderUtils - Could not detect default configuration classes for test class [ru.itone.illya4gurenko.publisher_change_food_card.base.ContextLoadsTest]: ContextLoadsTest does not declare any static, non-private, non-final, nested classes annotated with @Configuration.
2026-09-06 12:22:27.168 [Test worker] INFO  o.s.b.t.c.SpringBootTestContextBootstrapper - Found @SpringBootConfiguration ru.itone.illya4gurenko.publisher_change_food_card.PublisherChangeFoodCardApplication for test class ru.itone.illya4gurenko.publisher_change_food_card.base.ContextLoadsTest
2026-09-06 12:22:27.285 [Test worker] INFO  o.s.t.c.s.AnnotationConfigContextLoaderUtils - Could not detect default configuration classes for test class [ru.itone.illya4gurenko.publisher_change_food_card.controller.ChunkedTest]: ChunkedTest does not declare any static, non-private, non-final, nested classes annotated with @Configuration.
2026-09-06 12:22:27.299 [Test worker] INFO  o.s.b.t.c.SpringBootTestContextBootstrapper - Found @SpringBootConfiguration ru.itone.illya4gurenko.publisher_change_food_card.PublisherChangeFoodCardApplication for test class ru.itone.illya4gurenko.publisher_change_food_card.controller.ChunkedTest
2026-09-06 12:22:27.468 [http-nio-8081-exec-1] INFO  o.a.c.c.C.[Tomcat].[localhost].[/] - Initializing Spring DispatcherServlet 'dispatcherServlet'
2026-09-06 12:22:27.468 [http-nio-8081-exec-1] INFO  o.s.web.servlet.DispatcherServlet - Initializing Servlet 'dispatcherServlet'
2026-09-06 12:22:27.470 [http-nio-8081-exec-1] INFO  o.s.web.servlet.DispatcherServlet - Completed initialization in 0 ms
2026-09-06 12:22:27.543 [http-nio-8081-exec-1] INFO  r.i.i.p.service.GenerateDirService - create 3 state directory
2026-09-06 12:22:27.545 [http-nio-8081-exec-1] INFO  r.i.i.p.service.GenerateDirService - file: Z001002.VALID_ENROLL2.298 move to in-progress from controller
2026-09-06 12:22:27.550 [http-nio-8081-exec-1] INFO  r.i.i.p.service.ProcessFileService - start process file: Z001002.VALID_ENROLL2.298
2026-09-06 12:22:27.552 [http-nio-8081-exec-1] INFO  r.i.i.p.s.visitor.EnrollVisitor - title: Z001002.VALID_ENROLL2.298 is valid
2026-09-06 12:22:27.596 [http-nio-8081-exec-1] INFO  r.i.i.p.service.GenerateDirService - create 3 state directory
2026-09-06 12:22:27.597 [http-nio-8081-exec-1] INFO  r.i.i.p.service.GenerateDirService - file: Z001002.VALID_ENROLL2.298 move to success
2026-09-06 12:22:27.598 [http-nio-8081-exec-1] INFO  r.i.i.p.service.ProcessFileService - file: Z001002.VALID_ENROLL2.298 move in success
2026-09-06 12:22:27.598 [http-nio-8081-exec-1] INFO  r.i.i.p.c.FileChunkedController - file: Z001002.VALID_ENROLL2.298 success chunked get
2026-09-06 12:22:27.704 [http-nio-8081-exec-2] INFO  r.i.i.p.service.GenerateDirService - create 3 state directory
2026-09-06 12:22:27.706 [http-nio-8081-exec-2] INFO  r.i.i.p.service.GenerateDirService - file: Z001002.VALIDINTIME_ENROLL2.298 move to in-progress from controller
2026-09-06 12:22:27.712 [http-nio-8081-exec-2] INFO  r.i.i.p.service.ProcessFileService - start process file: Z001002.VALIDINTIME_ENROLL2.298
2026-09-06 12:22:27.713 [http-nio-8081-exec-2] INFO  r.i.i.p.s.visitor.EnrollVisitor - title: Z001002.VALIDINTIME_ENROLL2.298 is valid
2026-09-06 12:22:27.771 [http-nio-8081-exec-2] INFO  r.i.i.p.service.GenerateDirService - create 3 state directory
2026-09-06 12:22:27.772 [http-nio-8081-exec-2] INFO  r.i.i.p.service.GenerateDirService - file: Z001002.VALIDINTIME_ENROLL2.298 move to success
2026-09-06 12:22:27.773 [http-nio-8081-exec-2] INFO  r.i.i.p.service.ProcessFileService - file: Z001002.VALIDINTIME_ENROLL2.298 move in success
2026-09-06 12:22:27.773 [http-nio-8081-exec-2] INFO  r.i.i.p.c.FileChunkedController - file: Z001002.VALIDINTIME_ENROLL2.298 success chunked get
2026-09-06 12:22:27.858 [http-nio-8081-exec-3] INFO  r.i.i.p.service.GenerateDirService - create 3 state directory
2026-09-06 12:22:27.859 [http-nio-8081-exec-3] INFO  r.i.i.p.service.GenerateDirService - file: Z001002.ERRORHEADER_ENROLL2.298 move to in-progress from controller
2026-09-06 12:22:27.863 [http-nio-8081-exec-3] INFO  r.i.i.p.service.ProcessFileService - start process file: Z001002.ERRORHEADER_ENROLL2.298
2026-09-06 12:22:27.864 [http-nio-8081-exec-3] INFO  r.i.i.p.s.visitor.EnrollVisitor - title: Z001002.ERRORHEADER_ENROLL2.298 is valid
2026-09-06 12:22:27.868 [http-nio-8081-exec-3] WARN  r.i.i.p.s.visitor.EnrollVisitor - invalid header: H CORRUPTED_HEADER_DATA_12345
2026-09-06 12:22:27.880 [http-nio-8081-exec-3] WARN  r.i.i.p.s.visitor.EnrollVisitor - invalid header: Иванов Иван Иванович                                                                                40817810099910004321          ZR             1500.50
2026-09-06 12:22:27.891 [http-nio-8081-exec-3] WARN  r.i.i.p.s.visitor.EnrollVisitor - invalid header: T                   1
2026-09-06 12:22:27.902 [http-nio-8081-exec-3] WARN  r.i.i.p.service.ProcessFileService - Validation failed for file Z001002.ERRORHEADER_ENROLL2.298: invalid structure file
2026-09-06 12:22:27.915 [http-nio-8081-exec-3] INFO  r.i.i.p.service.GenerateDirService - create 3 state directory
2026-09-06 12:22:27.916 [http-nio-8081-exec-3] INFO  r.i.i.p.service.GenerateDirService - file: Z001002.ERRORHEADER_ENROLL2.298 move to error
2026-09-06 12:22:27.919 [http-nio-8081-exec-3] ERROR o.a.c.c.C.[.[.[.[dispatcherServlet] - Servlet.service() for servlet [dispatcherServlet] in context with path [] threw exception [Request processing failed: ru.itone.illya4gurenko.publisher_change_food_card.exception.FileValidationException: invalid structure file] with root cause
ru.itone.illya4gurenko.publisher_change_food_card.exception.FileValidationException: invalid structure file
	at ru.itone.illya4gurenko.publisher_change_food_card.service.visitor.EnrollVisitor.visit(EnrollVisitor.java:78)
	at java.base/java.nio.file.FileChannelLinesSpliterator.forEachRemaining(FileChannelLinesSpliterator.java:130)
	at java.base/java.util.stream.ReferencePipeline$Head.forEach(ReferencePipeline.java:762)
	at ru.itone.illya4gurenko.publisher_change_food_card.service.ProcessFileService.process(ProcessFileService.java:54)
	at ru.itone.illya4gurenko.publisher_change_food_card.controller.FileChunkedController.uploadChunkedStream(FileChunkedController.java:49)
	at java.base/jdk.internal.reflect.DirectMethodHandleAccessor.invoke(DirectMethodHandleAccessor.java:103)
	at java.base/java.lang.reflect.Method.invoke(Method.java:580)
	at org.springframework.web.method.support.InvocableHandlerMethod.doInvoke(InvocableHandlerMethod.java:255)
	at org.springframework.web.method.support.InvocableHandlerMethod.invokeForRequest(InvocableHandlerMethod.java:188)
	at org.springframework.web.servlet.mvc.method.annotation.ServletInvocableHandlerMethod.invokeAndHandle(ServletInvocableHandlerMethod.java:118)
	at org.springframework.web.servlet.mvc.method.annotation.RequestMappingHandlerAdapter.invokeHandlerMethod(RequestMappingHandlerAdapter.java:926)
	at org.springframework.web.servlet.mvc.method.annotation.RequestMappingHandlerAdapter.handleInternal(RequestMappingHandlerAdapter.java:831)
	at org.springframework.web.servlet.mvc.method.AbstractHandlerMethodAdapter.handle(AbstractHandlerMethodAdapter.java:87)
	at org.springframework.web.servlet.DispatcherServlet.doDispatch(DispatcherServlet.java:1089)
	at org.springframework.web.servlet.DispatcherServlet.doService(DispatcherServlet.java:979)
	at org.springframework.web.servlet.FrameworkServlet.processRequest(FrameworkServlet.java:1014)
	at org.springframework.web.servlet.FrameworkServlet.doPost(FrameworkServlet.java:914)
	at jakarta.servlet.http.HttpServlet.service(HttpServlet.java:590)
	at org.springframework.web.servlet.FrameworkServlet.service(FrameworkServlet.java:885)
	at jakarta.servlet.http.HttpServlet.service(HttpServlet.java:658)
	at org.apache.catalina.core.ApplicationFilterChain.internalDoFilter(ApplicationFilterChain.java:195)
	at org.apache.catalina.core.ApplicationFilterChain.doFilter(ApplicationFilterChain.java:140)
	at org.apache.tomcat.websocket.server.WsFilter.doFilter(WsFilter.java:51)
	at org.apache.catalina.core.ApplicationFilterChain.internalDoFilter(ApplicationFilterChain.java:164)
	at org.apache.catalina.core.ApplicationFilterChain.doFilter(ApplicationFilterChain.java:140)
	at org.springframework.web.filter.RequestContextFilter.doFilterInternal(RequestContextFilter.java:100)
	at org.springframework.web.filter.OncePerRequestFilter.doFilter(OncePerRequestFilter.java:116)
	at org.apache.catalina.core.ApplicationFilterChain.internalDoFilter(ApplicationFilterChain.java:164)
	at org.apache.catalina.core.ApplicationFilterChain.doFilter(ApplicationFilterChain.java:140)
	at org.springframework.web.filter.FormContentFilter.doFilterInternal(FormContentFilter.java:93)
	at org.springframework.web.filter.OncePerRequestFilter.doFilter(OncePerRequestFilter.java:116)
	at org.apache.catalina.core.ApplicationFilterChain.internalDoFilter(ApplicationFilterChain.java:164)
	at org.apache.catalina.core.ApplicationFilterChain.doFilter(ApplicationFilterChain.java:140)
	at org.springframework.web.filter.CharacterEncodingFilter.doFilterInternal(CharacterEncodingFilter.java:201)
	at org.springframework.web.filter.OncePerRequestFilter.doFilter(OncePerRequestFilter.java:116)
	at org.apache.catalina.core.ApplicationFilterChain.internalDoFilter(ApplicationFilterChain.java:164)
	at org.apache.catalina.core.ApplicationFilterChain.doFilter(ApplicationFilterChain.java:140)
	at org.apache.catalina.core.StandardWrapperValve.invoke(StandardWrapperValve.java:167)
	at org.apache.catalina.core.StandardContextValve.invoke(StandardContextValve.java:90)
	at org.apache.catalina.authenticator.AuthenticatorBase.invoke(AuthenticatorBase.java:483)
	at org.apache.catalina.core.StandardHostValve.invoke(StandardHostValve.java:115)
	at org.apache.catalina.valves.ErrorReportValve.invoke(ErrorReportValve.java:93)
	at org.apache.catalina.core.StandardEngineValve.invoke(StandardEngineValve.java:74)
	at org.apache.catalina.connector.CoyoteAdapter.service(CoyoteAdapter.java:344)
	at org.apache.coyote.http11.Http11Processor.service(Http11Processor.java:389)
	at org.apache.coyote.AbstractProcessorLight.process(AbstractProcessorLight.java:63)
	at org.apache.coyote.AbstractProtocol$ConnectionHandler.process(AbstractProtocol.java:904)
	at org.apache.tomcat.util.net.NioEndpoint$SocketProcessor.doRun(NioEndpoint.java:1741)
	at org.apache.tomcat.util.net.SocketProcessorBase.run(SocketProcessorBase.java:52)
	at org.apache.tomcat.util.threads.ThreadPoolExecutor.runWorker(ThreadPoolExecutor.java:1190)
	at org.apache.tomcat.util.threads.ThreadPoolExecutor$Worker.run(ThreadPoolExecutor.java:659)
	at org.apache.tomcat.util.threads.TaskThread$WrappingRunnable.run(TaskThread.java:63)
	at java.base/java.lang.Thread.run(Thread.java:1583)
2026-09-06 12:22:28.080 [http-nio-8081-exec-4] INFO  r.i.i.p.service.GenerateDirService - create 3 state directory
2026-09-06 12:22:28.082 [http-nio-8081-exec-4] INFO  r.i.i.p.service.GenerateDirService - file: Z001002.VALID_ENROLL2.298 move to in-progress from controller
2026-09-06 12:22:28.087 [http-nio-8081-exec-4] INFO  r.i.i.p.service.ProcessFileService - start process file: Z001002.VALID_ENROLL2.298
2026-09-06 12:22:28.090 [http-nio-8081-exec-4] INFO  r.i.i.p.s.visitor.EnrollVisitor - title: Z001002.VALID_ENROLL2.298 is valid
2026-09-06 12:22:28.146 [http-nio-8081-exec-4] INFO  r.i.i.p.service.GenerateDirService - create 3 state directory
2026-09-06 12:22:28.148 [http-nio-8081-exec-4] INFO  r.i.i.p.service.GenerateDirService - file: Z001002.VALID_ENROLL2.298 move to success
2026-09-06 12:22:28.148 [http-nio-8081-exec-4] INFO  r.i.i.p.service.ProcessFileService - file: Z001002.VALID_ENROLL2.298 move in success
2026-09-06 12:22:28.148 [http-nio-8081-exec-4] INFO  r.i.i.p.c.FileChunkedController - file: Z001002.VALID_ENROLL2.298 success chunked get
2026-09-06 12:22:28.161 [http-nio-8081-exec-5] WARN  r.i.i.p.c.FileChunkedController - file: Z001002.VALID_ENROLL2.298 is exist in db
2026-09-06 12:22:28.175 [Test worker] INFO  o.s.t.c.s.AnnotationConfigContextLoaderUtils - Could not detect default configuration classes for test class [ru.itone.illya4gurenko.publisher_change_food_card.controller.MultipartTest]: MultipartTest does not declare any static, non-private, non-final, nested classes annotated with @Configuration.
2026-09-06 12:22:28.178 [Test worker] INFO  o.s.b.t.c.SpringBootTestContextBootstrapper - Found @SpringBootConfiguration ru.itone.illya4gurenko.publisher_change_food_card.PublisherChangeFoodCardApplication for test class ru.itone.illya4gurenko.publisher_change_food_card.controller.MultipartTest
2026-09-06 12:22:28.328 [http-nio-8081-exec-6] INFO  r.i.i.p.service.GenerateDirService - create 3 state directory
2026-09-06 12:22:28.330 [http-nio-8081-exec-6] INFO  r.i.i.p.service.GenerateDirService - file: Z001002.ERRORCOUNT_ENROLL1.298 move to in-progress from controller
2026-09-06 12:22:28.335 [http-nio-8081-exec-6] INFO  r.i.i.p.service.ProcessFileService - start process file: Z001002.ERRORCOUNT_ENROLL1.298
2026-09-06 12:22:28.337 [http-nio-8081-exec-6] INFO  r.i.i.p.s.visitor.EnrollVisitor - title: Z001002.ERRORCOUNT_ENROLL1.298 is valid
2026-09-06 12:22:28.370 [http-nio-8081-exec-6] WARN  r.i.i.p.s.visitor.EnrollVisitor - invalid trailer: T                  10
2026-09-06 12:22:28.383 [http-nio-8081-exec-6] WARN  r.i.i.p.service.ProcessFileService - Validation failed for file Z001002.ERRORCOUNT_ENROLL1.298: File contains validation errors
2026-09-06 12:22:28.397 [http-nio-8081-exec-6] INFO  r.i.i.p.service.GenerateDirService - create 3 state directory
2026-09-06 12:22:28.399 [http-nio-8081-exec-6] INFO  r.i.i.p.service.GenerateDirService - file: Z001002.ERRORCOUNT_ENROLL1.298 move to error
2026-09-06 12:22:28.400 [http-nio-8081-exec-6] ERROR o.a.c.c.C.[.[.[.[dispatcherServlet] - Servlet.service() for servlet [dispatcherServlet] in context with path [] threw exception [Request processing failed: ru.itone.illya4gurenko.publisher_change_food_card.exception.FileValidationException: File contains validation errors] with root cause
ru.itone.illya4gurenko.publisher_change_food_card.exception.FileValidationException: File contains validation errors
	at ru.itone.illya4gurenko.publisher_change_food_card.service.visitor.EnrollVisitor.visit(EnrollVisitor.java:85)
	at java.base/java.nio.file.FileChannelLinesSpliterator.forEachRemaining(FileChannelLinesSpliterator.java:130)
	at java.base/java.util.stream.ReferencePipeline$Head.forEach(ReferencePipeline.java:762)
	at ru.itone.illya4gurenko.publisher_change_food_card.service.ProcessFileService.process(ProcessFileService.java:54)
	at ru.itone.illya4gurenko.publisher_change_food_card.controller.FileMultipartController.uploadMultipart(FileMultipartController.java:40)
	at java.base/jdk.internal.reflect.DirectMethodHandleAccessor.invoke(DirectMethodHandleAccessor.java:103)
	at java.base/java.lang.reflect.Method.invoke(Method.java:580)
	at org.springframework.web.method.support.InvocableHandlerMethod.doInvoke(InvocableHandlerMethod.java:255)
	at org.springframework.web.method.support.InvocableHandlerMethod.invokeForRequest(InvocableHandlerMethod.java:188)
	at org.springframework.web.servlet.mvc.method.annotation.ServletInvocableHandlerMethod.invokeAndHandle(ServletInvocableHandlerMethod.java:118)
	at org.springframework.web.servlet.mvc.method.annotation.RequestMappingHandlerAdapter.invokeHandlerMethod(RequestMappingHandlerAdapter.java:926)
	at org.springframework.web.servlet.mvc.method.annotation.RequestMappingHandlerAdapter.handleInternal(RequestMappingHandlerAdapter.java:831)
	at org.springframework.web.servlet.mvc.method.AbstractHandlerMethodAdapter.handle(AbstractHandlerMethodAdapter.java:87)
	at org.springframework.web.servlet.DispatcherServlet.doDispatch(DispatcherServlet.java:1089)
	at org.springframework.web.servlet.DispatcherServlet.doService(DispatcherServlet.java:979)
	at org.springframework.web.servlet.FrameworkServlet.processRequest(FrameworkServlet.java:1014)
	at org.springframework.web.servlet.FrameworkServlet.doPost(FrameworkServlet.java:914)
	at jakarta.servlet.http.HttpServlet.service(HttpServlet.java:590)
	at org.springframework.web.servlet.FrameworkServlet.service(FrameworkServlet.java:885)
	at jakarta.servlet.http.HttpServlet.service(HttpServlet.java:658)
	at org.apache.catalina.core.ApplicationFilterChain.internalDoFilter(ApplicationFilterChain.java:195)
	at org.apache.catalina.core.ApplicationFilterChain.doFilter(ApplicationFilterChain.java:140)
	at org.apache.tomcat.websocket.server.WsFilter.doFilter(WsFilter.java:51)
	at org.apache.catalina.core.ApplicationFilterChain.internalDoFilter(ApplicationFilterChain.java:164)
	at org.apache.catalina.core.ApplicationFilterChain.doFilter(ApplicationFilterChain.java:140)
	at org.springframework.web.filter.RequestContextFilter.doFilterInternal(RequestContextFilter.java:100)
	at org.springframework.web.filter.OncePerRequestFilter.doFilter(OncePerRequestFilter.java:116)
	at org.apache.catalina.core.ApplicationFilterChain.internalDoFilter(ApplicationFilterChain.java:164)
	at org.apache.catalina.core.ApplicationFilterChain.doFilter(ApplicationFilterChain.java:140)
	at org.springframework.web.filter.FormContentFilter.doFilterInternal(FormContentFilter.java:93)
	at org.springframework.web.filter.OncePerRequestFilter.doFilter(OncePerRequestFilter.java:116)
	at org.apache.catalina.core.ApplicationFilterChain.internalDoFilter(ApplicationFilterChain.java:164)
	at org.apache.catalina.core.ApplicationFilterChain.doFilter(ApplicationFilterChain.java:140)
	at org.springframework.web.filter.CharacterEncodingFilter.doFilterInternal(CharacterEncodingFilter.java:201)
	at org.springframework.web.filter.OncePerRequestFilter.doFilter(OncePerRequestFilter.java:116)
	at org.apache.catalina.core.ApplicationFilterChain.internalDoFilter(ApplicationFilterChain.java:164)
	at org.apache.catalina.core.ApplicationFilterChain.doFilter(ApplicationFilterChain.java:140)
	at org.apache.catalina.core.StandardWrapperValve.invoke(StandardWrapperValve.java:167)
	at org.apache.catalina.core.StandardContextValve.invoke(StandardContextValve.java:90)
	at org.apache.catalina.authenticator.AuthenticatorBase.invoke(AuthenticatorBase.java:483)
	at org.apache.catalina.core.StandardHostValve.invoke(StandardHostValve.java:115)
	at org.apache.catalina.valves.ErrorReportValve.invoke(ErrorReportValve.java:93)
	at org.apache.catalina.core.StandardEngineValve.invoke(StandardEngineValve.java:74)
	at org.apache.catalina.connector.CoyoteAdapter.service(CoyoteAdapter.java:344)
	at org.apache.coyote.http11.Http11Processor.service(Http11Processor.java:389)
	at org.apache.coyote.AbstractProcessorLight.process(AbstractProcessorLight.java:63)
	at org.apache.coyote.AbstractProtocol$ConnectionHandler.process(AbstractProtocol.java:904)
	at org.apache.tomcat.util.net.NioEndpoint$SocketProcessor.doRun(NioEndpoint.java:1741)
	at org.apache.tomcat.util.net.SocketProcessorBase.run(SocketProcessorBase.java:52)
	at org.apache.tomcat.util.threads.ThreadPoolExecutor.runWorker(ThreadPoolExecutor.java:1190)
	at org.apache.tomcat.util.threads.ThreadPoolExecutor$Worker.run(ThreadPoolExecutor.java:659)
	at org.apache.tomcat.util.threads.TaskThread$WrappingRunnable.run(TaskThread.java:63)
	at java.base/java.lang.Thread.run(Thread.java:1583)
2026-09-06 12:22:28.499 [http-nio-8081-exec-7] INFO  r.i.i.p.service.GenerateDirService - create 3 state directory
2026-09-06 12:22:28.500 [http-nio-8081-exec-7] INFO  r.i.i.p.service.GenerateDirService - file: Z001002.VALIDINTIME_ENROLL2.298 move to in-progress from controller
2026-09-06 12:22:28.505 [http-nio-8081-exec-7] INFO  r.i.i.p.service.ProcessFileService - start process file: Z001002.VALIDINTIME_ENROLL2.298
2026-09-06 12:22:28.508 [http-nio-8081-exec-7] INFO  r.i.i.p.s.visitor.EnrollVisitor - title: Z001002.VALIDINTIME_ENROLL2.298 is valid
2026-09-06 12:22:28.568 [http-nio-8081-exec-7] INFO  r.i.i.p.service.GenerateDirService - create 3 state directory
2026-09-06 12:22:28.569 [http-nio-8081-exec-7] INFO  r.i.i.p.service.GenerateDirService - file: Z001002.VALIDINTIME_ENROLL2.298 move to success
2026-09-06 12:22:28.569 [http-nio-8081-exec-7] INFO  r.i.i.p.service.ProcessFileService - file: Z001002.VALIDINTIME_ENROLL2.298 move in success
2026-09-06 12:22:28.569 [http-nio-8081-exec-7] INFO  r.i.i.p.c.FileMultipartController - file: Z001002.VALIDINTIME_ENROLL2.298 success multipart get
2026-09-06 12:22:28.676 [http-nio-8081-exec-8] INFO  r.i.i.p.service.GenerateDirService - create 3 state directory
2026-09-06 12:22:28.678 [http-nio-8081-exec-8] INFO  r.i.i.p.service.GenerateDirService - file: Z001002.VALID_ENROLL2.298 move to in-progress from controller
2026-09-06 12:22:28.682 [http-nio-8081-exec-8] INFO  r.i.i.p.service.ProcessFileService - start process file: Z001002.VALID_ENROLL2.298
2026-09-06 12:22:28.683 [http-nio-8081-exec-8] INFO  r.i.i.p.s.visitor.EnrollVisitor - title: Z001002.VALID_ENROLL2.298 is valid
2026-09-06 12:22:28.721 [http-nio-8081-exec-8] INFO  r.i.i.p.service.GenerateDirService - create 3 state directory
2026-09-06 12:22:28.722 [http-nio-8081-exec-8] INFO  r.i.i.p.service.GenerateDirService - file: Z001002.VALID_ENROLL2.298 move to success
2026-09-06 12:22:28.722 [http-nio-8081-exec-8] INFO  r.i.i.p.service.ProcessFileService - file: Z001002.VALID_ENROLL2.298 move in success
2026-09-06 12:22:28.722 [http-nio-8081-exec-8] INFO  r.i.i.p.c.FileMultipartController - file: Z001002.VALID_ENROLL2.298 success multipart get
2026-09-06 12:22:28.733 [http-nio-8081-exec-9] WARN  r.i.i.p.c.FileMultipartController - file: Z001002.VALID_ENROLL2.298 is exist in db
2026-09-06 12:22:28.799 [http-nio-8081-exec-10] INFO  r.i.i.p.service.GenerateDirService - create 3 state directory
2026-09-06 12:22:28.800 [http-nio-8081-exec-10] INFO  r.i.i.p.service.GenerateDirService - file: Z001002.ERRORTRAILER_ENROLL2.298 move to in-progress from controller
2026-09-06 12:22:28.805 [http-nio-8081-exec-10] INFO  r.i.i.p.service.ProcessFileService - start process file: Z001002.ERRORTRAILER_ENROLL2.298
2026-09-06 12:22:28.808 [http-nio-8081-exec-10] INFO  r.i.i.p.s.visitor.EnrollVisitor - title: Z001002.ERRORTRAILER_ENROLL2.298 is valid
2026-09-06 12:22:28.828 [http-nio-8081-exec-10] WARN  r.i.i.p.s.visitor.EnrollVisitor - invalid trailer: INVALID_TRAILER_STRING_FORMAT
2026-09-06 12:22:28.836 [http-nio-8081-exec-10] WARN  r.i.i.p.service.ProcessFileService - Validation failed for file Z001002.ERRORTRAILER_ENROLL2.298: File contains validation errors
2026-09-06 12:22:28.848 [http-nio-8081-exec-10] INFO  r.i.i.p.service.GenerateDirService - create 3 state directory
2026-09-06 12:22:28.849 [http-nio-8081-exec-10] INFO  r.i.i.p.service.GenerateDirService - file: Z001002.ERRORTRAILER_ENROLL2.298 move to error
2026-09-06 12:22:28.850 [http-nio-8081-exec-10] ERROR o.a.c.c.C.[.[.[.[dispatcherServlet] - Servlet.service() for servlet [dispatcherServlet] in context with path [] threw exception [Request processing failed: ru.itone.illya4gurenko.publisher_change_food_card.exception.FileValidationException: File contains validation errors] with root cause
ru.itone.illya4gurenko.publisher_change_food_card.exception.FileValidationException: File contains validation errors
	at ru.itone.illya4gurenko.publisher_change_food_card.service.visitor.EnrollVisitor.visit(EnrollVisitor.java:85)
	at java.base/java.nio.file.FileChannelLinesSpliterator.forEachRemaining(FileChannelLinesSpliterator.java:130)
	at java.base/java.util.stream.ReferencePipeline$Head.forEach(ReferencePipeline.java:762)
	at ru.itone.illya4gurenko.publisher_change_food_card.service.ProcessFileService.process(ProcessFileService.java:54)
	at ru.itone.illya4gurenko.publisher_change_food_card.controller.FileMultipartController.uploadMultipart(FileMultipartController.java:40)
	at java.base/jdk.internal.reflect.DirectMethodHandleAccessor.invoke(DirectMethodHandleAccessor.java:103)
	at java.base/java.lang.reflect.Method.invoke(Method.java:580)
	at org.springframework.web.method.support.InvocableHandlerMethod.doInvoke(InvocableHandlerMethod.java:255)
	at org.springframework.web.method.support.InvocableHandlerMethod.invokeForRequest(InvocableHandlerMethod.java:188)
	at org.springframework.web.servlet.mvc.method.annotation.ServletInvocableHandlerMethod.invokeAndHandle(ServletInvocableHandlerMethod.java:118)
	at org.springframework.web.servlet.mvc.method.annotation.RequestMappingHandlerAdapter.invokeHandlerMethod(RequestMappingHandlerAdapter.java:926)
	at org.springframework.web.servlet.mvc.method.annotation.RequestMappingHandlerAdapter.handleInternal(RequestMappingHandlerAdapter.java:831)
	at org.springframework.web.servlet.mvc.method.AbstractHandlerMethodAdapter.handle(AbstractHandlerMethodAdapter.java:87)
	at org.springframework.web.servlet.DispatcherServlet.doDispatch(DispatcherServlet.java:1089)
	at org.springframework.web.servlet.DispatcherServlet.doService(DispatcherServlet.java:979)
	at org.springframework.web.servlet.FrameworkServlet.processRequest(FrameworkServlet.java:1014)
	at org.springframework.web.servlet.FrameworkServlet.doPost(FrameworkServlet.java:914)
	at jakarta.servlet.http.HttpServlet.service(HttpServlet.java:590)
	at org.springframework.web.servlet.FrameworkServlet.service(FrameworkServlet.java:885)
	at jakarta.servlet.http.HttpServlet.service(HttpServlet.java:658)
	at org.apache.catalina.core.ApplicationFilterChain.internalDoFilter(ApplicationFilterChain.java:195)
	at org.apache.catalina.core.ApplicationFilterChain.doFilter(ApplicationFilterChain.java:140)
	at org.apache.tomcat.websocket.server.WsFilter.doFilter(WsFilter.java:51)
	at org.apache.catalina.core.ApplicationFilterChain.internalDoFilter(ApplicationFilterChain.java:164)
	at org.apache.catalina.core.ApplicationFilterChain.doFilter(ApplicationFilterChain.java:140)
	at org.springframework.web.filter.RequestContextFilter.doFilterInternal(RequestContextFilter.java:100)
	at org.springframework.web.filter.OncePerRequestFilter.doFilter(OncePerRequestFilter.java:116)
	at org.apache.catalina.core.ApplicationFilterChain.internalDoFilter(ApplicationFilterChain.java:164)
	at org.apache.catalina.core.ApplicationFilterChain.doFilter(ApplicationFilterChain.java:140)
	at org.springframework.web.filter.FormContentFilter.doFilterInternal(FormContentFilter.java:93)
	at org.springframework.web.filter.OncePerRequestFilter.doFilter(OncePerRequestFilter.java:116)
	at org.apache.catalina.core.ApplicationFilterChain.internalDoFilter(ApplicationFilterChain.java:164)
	at org.apache.catalina.core.ApplicationFilterChain.doFilter(ApplicationFilterChain.java:140)
	at org.springframework.web.filter.CharacterEncodingFilter.doFilterInternal(CharacterEncodingFilter.java:201)
	at org.springframework.web.filter.OncePerRequestFilter.doFilter(OncePerRequestFilter.java:116)
	at org.apache.catalina.core.ApplicationFilterChain.internalDoFilter(ApplicationFilterChain.java:164)
	at org.apache.catalina.core.ApplicationFilterChain.doFilter(ApplicationFilterChain.java:140)
	at org.apache.catalina.core.StandardWrapperValve.invoke(StandardWrapperValve.java:167)
	at org.apache.catalina.core.StandardContextValve.invoke(StandardContextValve.java:90)
	at org.apache.catalina.authenticator.AuthenticatorBase.invoke(AuthenticatorBase.java:483)
	at org.apache.catalina.core.StandardHostValve.invoke(StandardHostValve.java:115)
	at org.apache.catalina.valves.ErrorReportValve.invoke(ErrorReportValve.java:93)
	at org.apache.catalina.core.StandardEngineValve.invoke(StandardEngineValve.java:74)
	at org.apache.catalina.connector.CoyoteAdapter.service(CoyoteAdapter.java:344)
	at org.apache.coyote.http11.Http11Processor.service(Http11Processor.java:389)
	at org.apache.coyote.AbstractProcessorLight.process(AbstractProcessorLight.java:63)
	at org.apache.coyote.AbstractProtocol$ConnectionHandler.process(AbstractProtocol.java:904)
	at org.apache.tomcat.util.net.NioEndpoint$SocketProcessor.doRun(NioEndpoint.java:1741)
	at org.apache.tomcat.util.net.SocketProcessorBase.run(SocketProcessorBase.java:52)
	at org.apache.tomcat.util.threads.ThreadPoolExecutor.runWorker(ThreadPoolExecutor.java:1190)
	at org.apache.tomcat.util.threads.ThreadPoolExecutor$Worker.run(ThreadPoolExecutor.java:659)
	at org.apache.tomcat.util.threads.TaskThread$WrappingRunnable.run(TaskThread.java:63)
	at java.base/java.lang.Thread.run(Thread.java:1583)
2026-09-06 12:22:28.923 [http-nio-8081-exec-1] INFO  r.i.i.p.service.GenerateDirService - create 3 state directory
2026-09-06 12:22:28.925 [http-nio-8081-exec-1] INFO  r.i.i.p.service.GenerateDirService - file: Z001002.ERRORBODY_ENROLL2.298 move to in-progress from controller
2026-09-06 12:22:28.928 [http-nio-8081-exec-1] INFO  r.i.i.p.service.ProcessFileService - start process file: Z001002.ERRORBODY_ENROLL2.298
2026-09-06 12:22:28.930 [http-nio-8081-exec-1] INFO  r.i.i.p.s.visitor.EnrollVisitor - title: Z001002.ERRORBODY_ENROLL2.298 is valid
2026-09-06 12:22:28.940 [http-nio-8081-exec-1] WARN  r.i.i.p.s.visitor.EnrollVisitor - body: Алексеев Алексей Алексеевич                                                                         40817810099910009999          DR            -5000.00, has error: [ValidationError[code=B05, message=amount mustn`t <0: -5000.00]]
2026-09-06 12:22:28.954 [http-nio-8081-exec-1] WARN  r.i.i.p.service.ProcessFileService - Validation failed for file Z001002.ERRORBODY_ENROLL2.298: File contains validation errors
2026-09-06 12:22:28.966 [http-nio-8081-exec-1] INFO  r.i.i.p.service.GenerateDirService - create 3 state directory
2026-09-06 12:22:28.967 [http-nio-8081-exec-1] INFO  r.i.i.p.service.GenerateDirService - file: Z001002.ERRORBODY_ENROLL2.298 move to error
2026-09-06 12:22:28.968 [http-nio-8081-exec-1] ERROR o.a.c.c.C.[.[.[.[dispatcherServlet] - Servlet.service() for servlet [dispatcherServlet] in context with path [] threw exception [Request processing failed: ru.itone.illya4gurenko.publisher_change_food_card.exception.FileValidationException: File contains validation errors] with root cause
ru.itone.illya4gurenko.publisher_change_food_card.exception.FileValidationException: File contains validation errors
	at ru.itone.illya4gurenko.publisher_change_food_card.service.visitor.EnrollVisitor.visit(EnrollVisitor.java:85)
	at java.base/java.nio.file.FileChannelLinesSpliterator.forEachRemaining(FileChannelLinesSpliterator.java:130)
	at java.base/java.util.stream.ReferencePipeline$Head.forEach(ReferencePipeline.java:762)
	at ru.itone.illya4gurenko.publisher_change_food_card.service.ProcessFileService.process(ProcessFileService.java:54)
	at ru.itone.illya4gurenko.publisher_change_food_card.controller.FileMultipartController.uploadMultipart(FileMultipartController.java:40)
	at java.base/jdk.internal.reflect.DirectMethodHandleAccessor.invoke(DirectMethodHandleAccessor.java:103)
	at java.base/java.lang.reflect.Method.invoke(Method.java:580)
	at org.springframework.web.method.support.InvocableHandlerMethod.doInvoke(InvocableHandlerMethod.java:255)
	at org.springframework.web.method.support.InvocableHandlerMethod.invokeForRequest(InvocableHandlerMethod.java:188)
	at org.springframework.web.servlet.mvc.method.annotation.ServletInvocableHandlerMethod.invokeAndHandle(ServletInvocableHandlerMethod.java:118)
	at org.springframework.web.servlet.mvc.method.annotation.RequestMappingHandlerAdapter.invokeHandlerMethod(RequestMappingHandlerAdapter.java:926)
	at org.springframework.web.servlet.mvc.method.annotation.RequestMappingHandlerAdapter.handleInternal(RequestMappingHandlerAdapter.java:831)
	at org.springframework.web.servlet.mvc.method.AbstractHandlerMethodAdapter.handle(AbstractHandlerMethodAdapter.java:87)
	at org.springframework.web.servlet.DispatcherServlet.doDispatch(DispatcherServlet.java:1089)
	at org.springframework.web.servlet.DispatcherServlet.doService(DispatcherServlet.java:979)
	at org.springframework.web.servlet.FrameworkServlet.processRequest(FrameworkServlet.java:1014)
	at org.springframework.web.servlet.FrameworkServlet.doPost(FrameworkServlet.java:914)
	at jakarta.servlet.http.HttpServlet.service(HttpServlet.java:590)
	at org.springframework.web.servlet.FrameworkServlet.service(FrameworkServlet.java:885)
	at jakarta.servlet.http.HttpServlet.service(HttpServlet.java:658)
	at org.apache.catalina.core.ApplicationFilterChain.internalDoFilter(ApplicationFilterChain.java:195)
	at org.apache.catalina.core.ApplicationFilterChain.doFilter(ApplicationFilterChain.java:140)
	at org.apache.tomcat.websocket.server.WsFilter.doFilter(WsFilter.java:51)
	at org.apache.catalina.core.ApplicationFilterChain.internalDoFilter(ApplicationFilterChain.java:164)
	at org.apache.catalina.core.ApplicationFilterChain.doFilter(ApplicationFilterChain.java:140)
	at org.springframework.web.filter.RequestContextFilter.doFilterInternal(RequestContextFilter.java:100)
	at org.springframework.web.filter.OncePerRequestFilter.doFilter(OncePerRequestFilter.java:116)
	at org.apache.catalina.core.ApplicationFilterChain.internalDoFilter(ApplicationFilterChain.java:164)
	at org.apache.catalina.core.ApplicationFilterChain.doFilter(ApplicationFilterChain.java:140)
	at org.springframework.web.filter.FormContentFilter.doFilterInternal(FormContentFilter.java:93)
	at org.springframework.web.filter.OncePerRequestFilter.doFilter(OncePerRequestFilter.java:116)
	at org.apache.catalina.core.ApplicationFilterChain.internalDoFilter(ApplicationFilterChain.java:164)
	at org.apache.catalina.core.ApplicationFilterChain.doFilter(ApplicationFilterChain.java:140)
	at org.springframework.web.filter.CharacterEncodingFilter.doFilterInternal(CharacterEncodingFilter.java:201)
	at org.springframework.web.filter.OncePerRequestFilter.doFilter(OncePerRequestFilter.java:116)
	at org.apache.catalina.core.ApplicationFilterChain.internalDoFilter(ApplicationFilterChain.java:164)
	at org.apache.catalina.core.ApplicationFilterChain.doFilter(ApplicationFilterChain.java:140)
	at org.apache.catalina.core.StandardWrapperValve.invoke(StandardWrapperValve.java:167)
	at org.apache.catalina.core.StandardContextValve.invoke(StandardContextValve.java:90)
	at org.apache.catalina.authenticator.AuthenticatorBase.invoke(AuthenticatorBase.java:483)
	at org.apache.catalina.core.StandardHostValve.invoke(StandardHostValve.java:115)
	at org.apache.catalina.valves.ErrorReportValve.invoke(ErrorReportValve.java:93)
	at org.apache.catalina.core.StandardEngineValve.invoke(StandardEngineValve.java:74)
	at org.apache.catalina.connector.CoyoteAdapter.service(CoyoteAdapter.java:344)
	at org.apache.coyote.http11.Http11Processor.service(Http11Processor.java:389)
	at org.apache.coyote.AbstractProcessorLight.process(AbstractProcessorLight.java:63)
	at org.apache.coyote.AbstractProtocol$ConnectionHandler.process(AbstractProtocol.java:904)
	at org.apache.tomcat.util.net.NioEndpoint$SocketProcessor.doRun(NioEndpoint.java:1741)
	at org.apache.tomcat.util.net.SocketProcessorBase.run(SocketProcessorBase.java:52)
	at org.apache.tomcat.util.threads.ThreadPoolExecutor.runWorker(ThreadPoolExecutor.java:1190)
	at org.apache.tomcat.util.threads.ThreadPoolExecutor$Worker.run(ThreadPoolExecutor.java:659)
	at org.apache.tomcat.util.threads.TaskThread$WrappingRunnable.run(TaskThread.java:63)
	at java.base/java.lang.Thread.run(Thread.java:1583)
2026-09-06 12:22:29.046 [http-nio-8081-exec-2] INFO  r.i.i.p.service.GenerateDirService - create 3 state directory
2026-09-06 12:22:29.048 [http-nio-8081-exec-2] INFO  r.i.i.p.service.GenerateDirService - file: Z001002.VALID_ENROLL2.298 move to in-progress from controller
2026-09-06 12:22:29.051 [http-nio-8081-exec-2] INFO  r.i.i.p.service.ProcessFileService - start process file: Z001002.VALID_ENROLL2.298
2026-09-06 12:22:29.052 [http-nio-8081-exec-2] INFO  r.i.i.p.s.visitor.EnrollVisitor - title: Z001002.VALID_ENROLL2.298 is valid
2026-09-06 12:22:29.092 [http-nio-8081-exec-2] INFO  r.i.i.p.service.GenerateDirService - create 3 state directory
2026-09-06 12:22:29.093 [http-nio-8081-exec-2] INFO  r.i.i.p.service.GenerateDirService - file: Z001002.VALID_ENROLL2.298 move to success
2026-09-06 12:22:29.093 [http-nio-8081-exec-2] INFO  r.i.i.p.service.ProcessFileService - file: Z001002.VALID_ENROLL2.298 move in success
2026-09-06 12:22:29.093 [http-nio-8081-exec-2] INFO  r.i.i.p.c.FileMultipartController - file: Z001002.VALID_ENROLL2.298 success multipart get
2026-09-06 12:22:29.180 [http-nio-8081-exec-3] INFO  r.i.i.p.service.GenerateDirService - create 3 state directory
2026-09-06 12:22:29.180 [http-nio-8081-exec-3] INFO  r.i.i.p.service.GenerateDirService - file: Z001002.ERRORHEADER_ENROLL2.298 move to in-progress from controller
2026-09-06 12:22:29.184 [http-nio-8081-exec-3] INFO  r.i.i.p.service.ProcessFileService - start process file: Z001002.ERRORHEADER_ENROLL2.298
2026-09-06 12:22:29.185 [http-nio-8081-exec-3] INFO  r.i.i.p.s.visitor.EnrollVisitor - title: Z001002.ERRORHEADER_ENROLL2.298 is valid
2026-09-06 12:22:29.190 [http-nio-8081-exec-3] WARN  r.i.i.p.s.visitor.EnrollVisitor - invalid header: H CORRUPTED_HEADER_DATA_12345
2026-09-06 12:22:29.199 [http-nio-8081-exec-3] WARN  r.i.i.p.s.visitor.EnrollVisitor - invalid header: Иванов Иван Иванович                                                                                40817810099910004321          ZR             1500.50
2026-09-06 12:22:29.209 [http-nio-8081-exec-3] WARN  r.i.i.p.s.visitor.EnrollVisitor - invalid header: T                   1
2026-09-06 12:22:29.217 [http-nio-8081-exec-3] WARN  r.i.i.p.service.ProcessFileService - Validation failed for file Z001002.ERRORHEADER_ENROLL2.298: invalid structure file
2026-09-06 12:22:29.230 [http-nio-8081-exec-3] INFO  r.i.i.p.service.GenerateDirService - create 3 state directory
2026-09-06 12:22:29.231 [http-nio-8081-exec-3] INFO  r.i.i.p.service.GenerateDirService - file: Z001002.ERRORHEADER_ENROLL2.298 move to error
2026-09-06 12:22:29.233 [http-nio-8081-exec-3] ERROR o.a.c.c.C.[.[.[.[dispatcherServlet] - Servlet.service() for servlet [dispatcherServlet] in context with path [] threw exception [Request processing failed: ru.itone.illya4gurenko.publisher_change_food_card.exception.FileValidationException: invalid structure file] with root cause
ru.itone.illya4gurenko.publisher_change_food_card.exception.FileValidationException: invalid structure file
	at ru.itone.illya4gurenko.publisher_change_food_card.service.visitor.EnrollVisitor.visit(EnrollVisitor.java:78)
	at java.base/java.nio.file.FileChannelLinesSpliterator.forEachRemaining(FileChannelLinesSpliterator.java:130)
	at java.base/java.util.stream.ReferencePipeline$Head.forEach(ReferencePipeline.java:762)
	at ru.itone.illya4gurenko.publisher_change_food_card.service.ProcessFileService.process(ProcessFileService.java:54)
	at ru.itone.illya4gurenko.publisher_change_food_card.controller.FileMultipartController.uploadMultipart(FileMultipartController.java:40)
	at java.base/jdk.internal.reflect.DirectMethodHandleAccessor.invoke(DirectMethodHandleAccessor.java:103)
	at java.base/java.lang.reflect.Method.invoke(Method.java:580)
	at org.springframework.web.method.support.InvocableHandlerMethod.doInvoke(InvocableHandlerMethod.java:255)
	at org.springframework.web.method.support.InvocableHandlerMethod.invokeForRequest(InvocableHandlerMethod.java:188)
	at org.springframework.web.servlet.mvc.method.annotation.ServletInvocableHandlerMethod.invokeAndHandle(ServletInvocableHandlerMethod.java:118)
	at org.springframework.web.servlet.mvc.method.annotation.RequestMappingHandlerAdapter.invokeHandlerMethod(RequestMappingHandlerAdapter.java:926)
	at org.springframework.web.servlet.mvc.method.annotation.RequestMappingHandlerAdapter.handleInternal(RequestMappingHandlerAdapter.java:831)
	at org.springframework.web.servlet.mvc.method.AbstractHandlerMethodAdapter.handle(AbstractHandlerMethodAdapter.java:87)
	at org.springframework.web.servlet.DispatcherServlet.doDispatch(DispatcherServlet.java:1089)
	at org.springframework.web.servlet.DispatcherServlet.doService(DispatcherServlet.java:979)
	at org.springframework.web.servlet.FrameworkServlet.processRequest(FrameworkServlet.java:1014)
	at org.springframework.web.servlet.FrameworkServlet.doPost(FrameworkServlet.java:914)
	at jakarta.servlet.http.HttpServlet.service(HttpServlet.java:590)
	at org.springframework.web.servlet.FrameworkServlet.service(FrameworkServlet.java:885)
	at jakarta.servlet.http.HttpServlet.service(HttpServlet.java:658)
	at org.apache.catalina.core.ApplicationFilterChain.internalDoFilter(ApplicationFilterChain.java:195)
	at org.apache.catalina.core.ApplicationFilterChain.doFilter(ApplicationFilterChain.java:140)
	at org.apache.tomcat.websocket.server.WsFilter.doFilter(WsFilter.java:51)
	at org.apache.catalina.core.ApplicationFilterChain.internalDoFilter(ApplicationFilterChain.java:164)
	at org.apache.catalina.core.ApplicationFilterChain.doFilter(ApplicationFilterChain.java:140)
	at org.springframework.web.filter.RequestContextFilter.doFilterInternal(RequestContextFilter.java:100)
	at org.springframework.web.filter.OncePerRequestFilter.doFilter(OncePerRequestFilter.java:116)
	at org.apache.catalina.core.ApplicationFilterChain.internalDoFilter(ApplicationFilterChain.java:164)
	at org.apache.catalina.core.ApplicationFilterChain.doFilter(ApplicationFilterChain.java:140)
	at org.springframework.web.filter.FormContentFilter.doFilterInternal(FormContentFilter.java:93)
	at org.springframework.web.filter.OncePerRequestFilter.doFilter(OncePerRequestFilter.java:116)
	at org.apache.catalina.core.ApplicationFilterChain.internalDoFilter(ApplicationFilterChain.java:164)
	at org.apache.catalina.core.ApplicationFilterChain.doFilter(ApplicationFilterChain.java:140)
	at org.springframework.web.filter.CharacterEncodingFilter.doFilterInternal(CharacterEncodingFilter.java:201)
	at org.springframework.web.filter.OncePerRequestFilter.doFilter(OncePerRequestFilter.java:116)
	at org.apache.catalina.core.ApplicationFilterChain.internalDoFilter(ApplicationFilterChain.java:164)
	at org.apache.catalina.core.ApplicationFilterChain.doFilter(ApplicationFilterChain.java:140)
	at org.apache.catalina.core.StandardWrapperValve.invoke(StandardWrapperValve.java:167)
	at org.apache.catalina.core.StandardContextValve.invoke(StandardContextValve.java:90)
	at org.apache.catalina.authenticator.AuthenticatorBase.invoke(AuthenticatorBase.java:483)
	at org.apache.catalina.core.StandardHostValve.invoke(StandardHostValve.java:115)
	at org.apache.catalina.valves.ErrorReportValve.invoke(ErrorReportValve.java:93)
	at org.apache.catalina.core.StandardEngineValve.invoke(StandardEngineValve.java:74)
	at org.apache.catalina.connector.CoyoteAdapter.service(CoyoteAdapter.java:344)
	at org.apache.coyote.http11.Http11Processor.service(Http11Processor.java:389)
	at org.apache.coyote.AbstractProcessorLight.process(AbstractProcessorLight.java:63)
	at org.apache.coyote.AbstractProtocol$ConnectionHandler.process(AbstractProtocol.java:904)
	at org.apache.tomcat.util.net.NioEndpoint$SocketProcessor.doRun(NioEndpoint.java:1741)
	at org.apache.tomcat.util.net.SocketProcessorBase.run(SocketProcessorBase.java:52)
	at org.apache.tomcat.util.threads.ThreadPoolExecutor.runWorker(ThreadPoolExecutor.java:1190)
	at org.apache.tomcat.util.threads.ThreadPoolExecutor$Worker.run(ThreadPoolExecutor.java:659)
	at org.apache.tomcat.util.threads.TaskThread$WrappingRunnable.run(TaskThread.java:63)
	at java.base/java.lang.Thread.run(Thread.java:1583)
2026-09-06 12:22:29.513 [SpringApplicationShutdownHook] INFO  n.d.b.g.s.s.GrpcServerLifecycle - Completed gRPC server shutdown
2026-09-06 12:22:29.528 [SpringApplicationShutdownHook] INFO  o.s.o.j.LocalContainerEntityManagerFactoryBean - Closing JPA EntityManagerFactory for persistence unit 'postgres'
2026-09-06 12:22:29.529 [SpringApplicationShutdownHook] INFO  com.zaxxer.hikari.HikariDataSource - HikariPool-2 - Shutdown initiated...
2026-09-06 12:22:29.535 [SpringApplicationShutdownHook] INFO  com.zaxxer.hikari.HikariDataSource - HikariPool-2 - Shutdown completed.
2026-09-06 12:22:29.535 [SpringApplicationShutdownHook] INFO  o.s.o.j.LocalContainerEntityManagerFactoryBean - Closing JPA EntityManagerFactory for persistence unit 'oracle'
2026-09-06 12:22:29.536 [SpringApplicationShutdownHook] INFO  com.zaxxer.hikari.HikariDataSource - HikariPool-1 - Shutdown initiated...
2026-09-06 12:22:29.571 [SpringApplicationShutdownHook] INFO  com.zaxxer.hikari.HikariDataSource - HikariPool-1 - Shutdown completed.
2026-09-06 12:25:40.172 [background-preinit] INFO  o.h.validator.internal.util.Version - HV000001: Hibernate Validator 8.0.1.Final
2026-09-06 12:25:40.336 [Test worker] INFO  r.i.i.p.local.SystemDirTest - Starting SystemDirTest using Java 21.0.9 with PID 9548 (started by USER in D:\gpb_tasks\publisher-change-food-card)
2026-09-06 12:25:40.340 [Test worker] INFO  r.i.i.p.local.SystemDirTest - No active profile set, falling back to 1 default profile: "default"
2026-09-06 12:25:41.348 [Test worker] INFO  o.s.d.r.c.RepositoryConfigurationDelegate - Bootstrapping Spring Data JPA repositories in DEFAULT mode.
2026-09-06 12:25:41.429 [Test worker] INFO  o.s.d.r.c.RepositoryConfigurationDelegate - Finished Spring Data repository scanning in 61 ms. Found 1 JPA repository interface.
2026-09-06 12:25:41.431 [Test worker] INFO  o.s.d.r.c.RepositoryConfigurationDelegate - Bootstrapping Spring Data JPA repositories in DEFAULT mode.
2026-09-06 12:25:41.443 [Test worker] INFO  o.s.d.r.c.RepositoryConfigurationDelegate - Finished Spring Data repository scanning in 11 ms. Found 3 JPA repository interfaces.
2026-09-06 12:25:42.795 [Test worker] INFO  o.s.b.w.e.tomcat.TomcatWebServer - Tomcat initialized with port 8081 (http)
2026-09-06 12:25:42.817 [Test worker] INFO  o.a.coyote.http11.Http11NioProtocol - Initializing ProtocolHandler ["http-nio-8081"]
2026-09-06 12:25:42.820 [Test worker] INFO  o.a.catalina.core.StandardService - Starting service [Tomcat]
2026-09-06 12:25:42.821 [Test worker] INFO  o.a.catalina.core.StandardEngine - Starting Servlet engine: [Apache Tomcat/10.1.26]
2026-09-06 12:25:42.921 [Test worker] INFO  o.a.c.c.C.[Tomcat].[localhost].[/] - Initializing Spring embedded WebApplicationContext
2026-09-06 12:25:42.922 [Test worker] INFO  o.s.b.w.s.c.ServletWebServerApplicationContext - Root WebApplicationContext: initialization completed in 2501 ms
2026-09-06 12:25:43.196 [Test worker] INFO  o.h.jpa.internal.util.LogHelper - HHH000204: Processing PersistenceUnitInfo [name: oracle]
2026-09-06 12:25:43.311 [Test worker] INFO  org.hibernate.Version - HHH000412: Hibernate ORM core version 6.5.2.Final
2026-09-06 12:25:43.373 [Test worker] INFO  o.h.c.i.RegionFactoryInitiator - HHH000026: Second-level cache disabled
2026-09-06 12:25:44.071 [Test worker] INFO  o.s.o.j.p.SpringPersistenceUnitInfo - No LoadTimeWeaver setup: ignoring JPA class transformer
2026-09-06 12:25:44.127 [Test worker] INFO  com.zaxxer.hikari.HikariDataSource - HikariPool-1 - Starting...
2026-09-06 12:25:44.181 [Test worker] INFO  com.zaxxer.hikari.pool.HikariPool - HikariPool-1 - Added connection oracle.jdbc.driver.T4CConnection@11c0d919
2026-09-06 12:25:44.184 [Test worker] INFO  com.zaxxer.hikari.HikariDataSource - HikariPool-1 - Start completed.
2026-09-06 12:25:44.266 [Test worker] WARN  org.hibernate.dialect.Dialect - HHH000511: The 11.2.0 version for [org.hibernate.dialect.OracleDialect] is no longer supported, hence certain features may not work properly. The minimum supported version is 19.0.0. Check the community dialects project for available legacy versions.
2026-09-06 12:25:44.280 [Test worker] WARN  org.hibernate.orm.deprecation - HHH90000025: OracleDialect does not need to be specified explicitly using 'hibernate.dialect' (remove the property setting and it will be selected by default)
2026-09-06 12:25:46.562 [Test worker] INFO  o.h.e.t.j.p.i.JtaPlatformInitiator - HHH000489: No JTA platform available (set 'hibernate.transaction.jta.platform' to enable JTA platform integration)
2026-09-06 12:25:46.567 [Test worker] INFO  o.s.o.j.LocalContainerEntityManagerFactoryBean - Initialized JPA EntityManagerFactory for persistence unit 'oracle'
2026-09-06 12:25:46.584 [Test worker] INFO  o.h.jpa.internal.util.LogHelper - HHH000204: Processing PersistenceUnitInfo [name: postgres]
2026-09-06 12:25:46.590 [Test worker] INFO  o.h.c.i.RegionFactoryInitiator - HHH000026: Second-level cache disabled
2026-09-06 12:25:46.610 [Test worker] INFO  o.s.o.j.p.SpringPersistenceUnitInfo - No LoadTimeWeaver setup: ignoring JPA class transformer
2026-09-06 12:25:46.611 [Test worker] INFO  com.zaxxer.hikari.HikariDataSource - HikariPool-2 - Starting...
2026-09-06 12:25:46.651 [Test worker] INFO  com.zaxxer.hikari.pool.HikariPool - HikariPool-2 - Added connection org.postgresql.jdbc.PgConnection@5f3912a6
2026-09-06 12:25:46.652 [Test worker] INFO  com.zaxxer.hikari.HikariDataSource - HikariPool-2 - Start completed.
2026-09-06 12:25:46.674 [Test worker] WARN  org.hibernate.orm.deprecation - HHH90000025: PostgreSQLDialect does not need to be specified explicitly using 'hibernate.dialect' (remove the property setting and it will be selected by default)
2026-09-06 12:25:47.098 [Test worker] INFO  o.h.e.t.j.p.i.JtaPlatformInitiator - HHH000489: No JTA platform available (set 'hibernate.transaction.jta.platform' to enable JTA platform integration)
2026-09-06 12:25:47.098 [Test worker] INFO  o.s.o.j.LocalContainerEntityManagerFactoryBean - Initialized JPA EntityManagerFactory for persistence unit 'postgres'
2026-09-06 12:25:47.771 [Test worker] WARN  o.s.b.a.o.j.JpaBaseConfiguration$JpaWebConfiguration - spring.jpa.open-in-view is enabled by default. Therefore, database queries may be performed during view rendering. Explicitly configure spring.jpa.open-in-view to disable this warning
2026-09-06 12:25:48.327 [Test worker] INFO  n.d.b.g.s.a.GrpcServerFactoryAutoConfiguration - Detected grpc-netty-shaded: Creating ShadedNettyGrpcServerFactory
2026-09-06 12:25:48.630 [Test worker] INFO  o.a.coyote.http11.Http11NioProtocol - Starting ProtocolHandler ["http-nio-8081"]
2026-09-06 12:25:48.648 [Test worker] INFO  o.s.b.w.e.tomcat.TomcatWebServer - Tomcat started on port 8081 (http) with context path '/'
2026-09-06 12:25:48.783 [Test worker] INFO  n.d.b.g.s.s.AbstractGrpcServerFactory - Registered gRPC service: ru.itone.illya4gurenko.grpc.FileUploadService, bean: fileUploadGrpcService, class: ru.itone.illya4gurenko.publisher_change_food_card.controller.FileUploadGrpcService
2026-09-06 12:25:48.784 [Test worker] INFO  n.d.b.g.s.s.AbstractGrpcServerFactory - Registered gRPC service: grpc.health.v1.Health, bean: grpcHealthService, class: io.grpc.protobuf.services.HealthServiceImpl
2026-09-06 12:25:48.784 [Test worker] INFO  n.d.b.g.s.s.AbstractGrpcServerFactory - Registered gRPC service: grpc.reflection.v1alpha.ServerReflection, bean: protoReflectionService, class: io.grpc.protobuf.services.ProtoReflectionService
2026-09-06 12:25:48.994 [Test worker] INFO  n.d.b.g.s.s.GrpcServerLifecycle - gRPC Server started, listening on address: *, port: 9090
2026-09-06 12:25:49.015 [Test worker] INFO  r.i.i.p.local.SystemDirTest - Started SystemDirTest in 9.496 seconds (process running for 43.767)
2026-09-06 12:25:49.986 [Test worker] INFO  r.i.i.p.service.CheckDirService - service get new file: Z001002.VALID_ENROLL2.298
2026-09-06 12:25:49.991 [Test worker] INFO  r.i.i.p.service.ProcessFileService - start process file: Z001002.VALID_ENROLL2.298
2026-09-06 12:25:49.993 [Test worker] INFO  r.i.i.p.service.GenerateDirService - create 3 state directory
2026-09-06 12:25:49.995 [Test worker] INFO  r.i.i.p.service.GenerateDirService - file: Z001002.VALID_ENROLL2.298 move to in-progress
2026-09-06 12:25:50.000 [Test worker] INFO  r.i.i.p.s.visitor.EnrollVisitor - title: Z001002.VALID_ENROLL2.298 is valid
2026-09-06 12:25:50.277 [Test worker] INFO  r.i.i.p.service.GenerateDirService - create 3 state directory
2026-09-06 12:25:50.279 [Test worker] INFO  r.i.i.p.service.GenerateDirService - file: Z001002.VALID_ENROLL2.298 move to success
2026-09-06 12:25:50.279 [Test worker] INFO  r.i.i.p.service.ProcessFileService - file: Z001002.VALID_ENROLL2.298 move in success
2026-09-06 12:25:50.914 [Test worker] INFO  r.i.i.p.service.CheckDirService - service get new file: Z001002.ERRORCOUNT_ENROLL1.298
2026-09-06 12:25:50.919 [Test worker] INFO  r.i.i.p.service.ProcessFileService - start process file: Z001002.ERRORCOUNT_ENROLL1.298
2026-09-06 12:25:50.921 [Test worker] INFO  r.i.i.p.service.GenerateDirService - create 3 state directory
2026-09-06 12:25:50.921 [Test worker] INFO  r.i.i.p.service.GenerateDirService - file: Z001002.ERRORCOUNT_ENROLL1.298 move to in-progress
2026-09-06 12:25:50.923 [Test worker] INFO  r.i.i.p.s.visitor.EnrollVisitor - title: Z001002.ERRORCOUNT_ENROLL1.298 is valid
2026-09-06 12:25:50.949 [Test worker] WARN  r.i.i.p.s.visitor.EnrollVisitor - invalid trailer: T                  10
2026-09-06 12:25:50.964 [Test worker] WARN  r.i.i.p.service.ProcessFileService - Validation failed for file Z001002.ERRORCOUNT_ENROLL1.298: File contains validation errors
2026-09-06 12:25:50.984 [Test worker] INFO  r.i.i.p.service.GenerateDirService - create 3 state directory
2026-09-06 12:25:50.985 [Test worker] INFO  r.i.i.p.service.GenerateDirService - file: Z001002.ERRORCOUNT_ENROLL1.298 move to error
2026-09-06 12:25:50.985 [Test worker] WARN  r.i.i.p.service.CheckDirService - File Z001002.ERRORCOUNT_ENROLL1.298 processing completed with error: File contains validation errors
2026-09-06 12:25:51.093 [Test worker] INFO  r.i.i.p.service.CheckDirService - service get new file: Z001002.VALID_ENROLL2.298
2026-09-06 12:25:51.097 [Test worker] INFO  r.i.i.p.service.ProcessFileService - start process file: Z001002.VALID_ENROLL2.298
2026-09-06 12:25:51.098 [Test worker] INFO  r.i.i.p.service.GenerateDirService - create 3 state directory
2026-09-06 12:25:51.099 [Test worker] INFO  r.i.i.p.service.GenerateDirService - file: Z001002.VALID_ENROLL2.298 move to in-progress
2026-09-06 12:25:51.102 [Test worker] INFO  r.i.i.p.s.visitor.EnrollVisitor - title: Z001002.VALID_ENROLL2.298 is valid
2026-09-06 12:25:51.149 [Test worker] INFO  r.i.i.p.service.GenerateDirService - create 3 state directory
2026-09-06 12:25:51.151 [Test worker] INFO  r.i.i.p.service.GenerateDirService - file: Z001002.VALID_ENROLL2.298 move to success
2026-09-06 12:25:51.151 [Test worker] INFO  r.i.i.p.service.ProcessFileService - file: Z001002.VALID_ENROLL2.298 move in success
2026-09-06 12:25:51.230 [Test worker] INFO  r.i.i.p.service.CheckDirService - service get new file: Z001002.VALIDINTIME_ENROLL2.298
2026-09-06 12:25:51.236 [Test worker] INFO  r.i.i.p.service.ProcessFileService - start process file: Z001002.VALIDINTIME_ENROLL2.298
2026-09-06 12:25:51.237 [Test worker] INFO  r.i.i.p.service.GenerateDirService - create 3 state directory
2026-09-06 12:25:51.238 [Test worker] INFO  r.i.i.p.service.GenerateDirService - file: Z001002.VALIDINTIME_ENROLL2.298 move to in-progress
2026-09-06 12:25:51.241 [Test worker] INFO  r.i.i.p.s.visitor.EnrollVisitor - title: Z001002.VALIDINTIME_ENROLL2.298 is valid
2026-09-06 12:25:51.301 [Test worker] INFO  r.i.i.p.service.GenerateDirService - create 3 state directory
2026-09-06 12:25:51.302 [Test worker] INFO  r.i.i.p.service.GenerateDirService - file: Z001002.VALIDINTIME_ENROLL2.298 move to success
2026-09-06 12:25:51.302 [Test worker] INFO  r.i.i.p.service.ProcessFileService - file: Z001002.VALIDINTIME_ENROLL2.298 move in success
2026-09-06 12:25:51.327 [Test worker] INFO  o.s.t.c.s.AnnotationConfigContextLoaderUtils - Could not detect default configuration classes for test class [ru.itone.illya4gurenko.publisher_change_food_card.base.ContextLoadsTest]: ContextLoadsTest does not declare any static, non-private, non-final, nested classes annotated with @Configuration.
2026-09-06 12:25:51.336 [Test worker] INFO  o.s.b.t.c.SpringBootTestContextBootstrapper - Found @SpringBootConfiguration ru.itone.illya4gurenko.publisher_change_food_card.PublisherChangeFoodCardApplication for test class ru.itone.illya4gurenko.publisher_change_food_card.base.ContextLoadsTest
2026-09-06 12:25:51.412 [Test worker] INFO  o.s.t.c.s.AnnotationConfigContextLoaderUtils - Could not detect default configuration classes for test class [ru.itone.illya4gurenko.publisher_change_food_card.controller.ChunkedTest]: ChunkedTest does not declare any static, non-private, non-final, nested classes annotated with @Configuration.
2026-09-06 12:25:51.423 [Test worker] INFO  o.s.b.t.c.SpringBootTestContextBootstrapper - Found @SpringBootConfiguration ru.itone.illya4gurenko.publisher_change_food_card.PublisherChangeFoodCardApplication for test class ru.itone.illya4gurenko.publisher_change_food_card.controller.ChunkedTest
2026-09-06 12:25:51.625 [http-nio-8081-exec-1] INFO  o.a.c.c.C.[Tomcat].[localhost].[/] - Initializing Spring DispatcherServlet 'dispatcherServlet'
2026-09-06 12:25:51.626 [http-nio-8081-exec-1] INFO  o.s.web.servlet.DispatcherServlet - Initializing Servlet 'dispatcherServlet'
2026-09-06 12:25:51.628 [http-nio-8081-exec-1] INFO  o.s.web.servlet.DispatcherServlet - Completed initialization in 2 ms
2026-09-06 12:25:51.704 [http-nio-8081-exec-1] INFO  r.i.i.p.service.GenerateDirService - create 3 state directory
2026-09-06 12:25:51.706 [http-nio-8081-exec-1] INFO  r.i.i.p.service.GenerateDirService - file: Z001002.VALID_ENROLL2.298 move to in-progress from controller
2026-09-06 12:25:51.709 [http-nio-8081-exec-1] INFO  r.i.i.p.service.ProcessFileService - start process file: Z001002.VALID_ENROLL2.298
2026-09-06 12:25:51.710 [http-nio-8081-exec-1] INFO  r.i.i.p.s.visitor.EnrollVisitor - title: Z001002.VALID_ENROLL2.298 is valid
2026-09-06 12:25:51.758 [http-nio-8081-exec-1] INFO  r.i.i.p.service.GenerateDirService - create 3 state directory
2026-09-06 12:25:51.759 [http-nio-8081-exec-1] INFO  r.i.i.p.service.GenerateDirService - file: Z001002.VALID_ENROLL2.298 move to success
2026-09-06 12:25:51.760 [http-nio-8081-exec-1] INFO  r.i.i.p.service.ProcessFileService - file: Z001002.VALID_ENROLL2.298 move in success
2026-09-06 12:25:51.760 [http-nio-8081-exec-1] INFO  r.i.i.p.c.FileChunkedController - file: Z001002.VALID_ENROLL2.298 success chunked get
2026-09-06 12:25:51.873 [http-nio-8081-exec-4] INFO  r.i.i.p.service.GenerateDirService - create 3 state directory
2026-09-06 12:25:51.875 [http-nio-8081-exec-4] INFO  r.i.i.p.service.GenerateDirService - file: Z001002.VALIDINTIME_ENROLL2.298 move to in-progress from controller
2026-09-06 12:25:51.879 [http-nio-8081-exec-4] INFO  r.i.i.p.service.ProcessFileService - start process file: Z001002.VALIDINTIME_ENROLL2.298
2026-09-06 12:25:51.881 [http-nio-8081-exec-4] INFO  r.i.i.p.s.visitor.EnrollVisitor - title: Z001002.VALIDINTIME_ENROLL2.298 is valid
2026-09-06 12:25:51.946 [http-nio-8081-exec-4] INFO  r.i.i.p.service.GenerateDirService - create 3 state directory
2026-09-06 12:25:51.948 [http-nio-8081-exec-4] INFO  r.i.i.p.service.GenerateDirService - file: Z001002.VALIDINTIME_ENROLL2.298 move to success
2026-09-06 12:25:51.948 [http-nio-8081-exec-4] INFO  r.i.i.p.service.ProcessFileService - file: Z001002.VALIDINTIME_ENROLL2.298 move in success
2026-09-06 12:25:51.948 [http-nio-8081-exec-4] INFO  r.i.i.p.c.FileChunkedController - file: Z001002.VALIDINTIME_ENROLL2.298 success chunked get
2026-09-06 12:25:52.040 [http-nio-8081-exec-5] INFO  r.i.i.p.service.GenerateDirService - create 3 state directory
2026-09-06 12:25:52.041 [http-nio-8081-exec-5] INFO  r.i.i.p.service.GenerateDirService - file: Z001002.ERRORHEADER_ENROLL2.298 move to in-progress from controller
2026-09-06 12:25:52.045 [http-nio-8081-exec-5] INFO  r.i.i.p.service.ProcessFileService - start process file: Z001002.ERRORHEADER_ENROLL2.298
2026-09-06 12:25:52.046 [http-nio-8081-exec-5] INFO  r.i.i.p.s.visitor.EnrollVisitor - title: Z001002.ERRORHEADER_ENROLL2.298 is valid
2026-09-06 12:25:52.054 [http-nio-8081-exec-5] WARN  r.i.i.p.s.visitor.EnrollVisitor - invalid header: H CORRUPTED_HEADER_DATA_12345
2026-09-06 12:25:52.062 [http-nio-8081-exec-5] WARN  r.i.i.p.s.visitor.EnrollVisitor - invalid header: Иванов Иван Иванович                                                                                40817810099910004321          ZR             1500.50
2026-09-06 12:25:52.074 [http-nio-8081-exec-5] WARN  r.i.i.p.s.visitor.EnrollVisitor - invalid header: T                   1
2026-09-06 12:25:52.085 [http-nio-8081-exec-5] WARN  r.i.i.p.service.ProcessFileService - Validation failed for file Z001002.ERRORHEADER_ENROLL2.298: invalid structure file
2026-09-06 12:25:52.097 [http-nio-8081-exec-5] INFO  r.i.i.p.service.GenerateDirService - create 3 state directory
2026-09-06 12:25:52.098 [http-nio-8081-exec-5] INFO  r.i.i.p.service.GenerateDirService - file: Z001002.ERRORHEADER_ENROLL2.298 move to error
2026-09-06 12:25:52.103 [http-nio-8081-exec-5] ERROR o.a.c.c.C.[.[.[.[dispatcherServlet] - Servlet.service() for servlet [dispatcherServlet] in context with path [] threw exception [Request processing failed: ru.itone.illya4gurenko.publisher_change_food_card.exception.FileValidationException: invalid structure file] with root cause
ru.itone.illya4gurenko.publisher_change_food_card.exception.FileValidationException: invalid structure file
	at ru.itone.illya4gurenko.publisher_change_food_card.service.visitor.EnrollVisitor.visit(EnrollVisitor.java:78)
	at java.base/java.nio.file.FileChannelLinesSpliterator.forEachRemaining(FileChannelLinesSpliterator.java:130)
	at java.base/java.util.stream.ReferencePipeline$Head.forEach(ReferencePipeline.java:762)
	at ru.itone.illya4gurenko.publisher_change_food_card.service.ProcessFileService.process(ProcessFileService.java:54)
	at ru.itone.illya4gurenko.publisher_change_food_card.controller.FileChunkedController.uploadChunkedStream(FileChunkedController.java:49)
	at java.base/jdk.internal.reflect.DirectMethodHandleAccessor.invoke(DirectMethodHandleAccessor.java:103)
	at java.base/java.lang.reflect.Method.invoke(Method.java:580)
	at org.springframework.web.method.support.InvocableHandlerMethod.doInvoke(InvocableHandlerMethod.java:255)
	at org.springframework.web.method.support.InvocableHandlerMethod.invokeForRequest(InvocableHandlerMethod.java:188)
	at org.springframework.web.servlet.mvc.method.annotation.ServletInvocableHandlerMethod.invokeAndHandle(ServletInvocableHandlerMethod.java:118)
	at org.springframework.web.servlet.mvc.method.annotation.RequestMappingHandlerAdapter.invokeHandlerMethod(RequestMappingHandlerAdapter.java:926)
	at org.springframework.web.servlet.mvc.method.annotation.RequestMappingHandlerAdapter.handleInternal(RequestMappingHandlerAdapter.java:831)
	at org.springframework.web.servlet.mvc.method.AbstractHandlerMethodAdapter.handle(AbstractHandlerMethodAdapter.java:87)
	at org.springframework.web.servlet.DispatcherServlet.doDispatch(DispatcherServlet.java:1089)
	at org.springframework.web.servlet.DispatcherServlet.doService(DispatcherServlet.java:979)
	at org.springframework.web.servlet.FrameworkServlet.processRequest(FrameworkServlet.java:1014)
	at org.springframework.web.servlet.FrameworkServlet.doPost(FrameworkServlet.java:914)
	at jakarta.servlet.http.HttpServlet.service(HttpServlet.java:590)
	at org.springframework.web.servlet.FrameworkServlet.service(FrameworkServlet.java:885)
	at jakarta.servlet.http.HttpServlet.service(HttpServlet.java:658)
	at org.apache.catalina.core.ApplicationFilterChain.internalDoFilter(ApplicationFilterChain.java:195)
	at org.apache.catalina.core.ApplicationFilterChain.doFilter(ApplicationFilterChain.java:140)
	at org.apache.tomcat.websocket.server.WsFilter.doFilter(WsFilter.java:51)
	at org.apache.catalina.core.ApplicationFilterChain.internalDoFilter(ApplicationFilterChain.java:164)
	at org.apache.catalina.core.ApplicationFilterChain.doFilter(ApplicationFilterChain.java:140)
	at org.springframework.web.filter.RequestContextFilter.doFilterInternal(RequestContextFilter.java:100)
	at org.springframework.web.filter.OncePerRequestFilter.doFilter(OncePerRequestFilter.java:116)
	at org.apache.catalina.core.ApplicationFilterChain.internalDoFilter(ApplicationFilterChain.java:164)
	at org.apache.catalina.core.ApplicationFilterChain.doFilter(ApplicationFilterChain.java:140)
	at org.springframework.web.filter.FormContentFilter.doFilterInternal(FormContentFilter.java:93)
	at org.springframework.web.filter.OncePerRequestFilter.doFilter(OncePerRequestFilter.java:116)
	at org.apache.catalina.core.ApplicationFilterChain.internalDoFilter(ApplicationFilterChain.java:164)
	at org.apache.catalina.core.ApplicationFilterChain.doFilter(ApplicationFilterChain.java:140)
	at org.springframework.web.filter.CharacterEncodingFilter.doFilterInternal(CharacterEncodingFilter.java:201)
	at org.springframework.web.filter.OncePerRequestFilter.doFilter(OncePerRequestFilter.java:116)
	at org.apache.catalina.core.ApplicationFilterChain.internalDoFilter(ApplicationFilterChain.java:164)
	at org.apache.catalina.core.ApplicationFilterChain.doFilter(ApplicationFilterChain.java:140)
	at org.apache.catalina.core.StandardWrapperValve.invoke(StandardWrapperValve.java:167)
	at org.apache.catalina.core.StandardContextValve.invoke(StandardContextValve.java:90)
	at org.apache.catalina.authenticator.AuthenticatorBase.invoke(AuthenticatorBase.java:483)
	at org.apache.catalina.core.StandardHostValve.invoke(StandardHostValve.java:115)
	at org.apache.catalina.valves.ErrorReportValve.invoke(ErrorReportValve.java:93)
	at org.apache.catalina.core.StandardEngineValve.invoke(StandardEngineValve.java:74)
	at org.apache.catalina.connector.CoyoteAdapter.service(CoyoteAdapter.java:344)
	at org.apache.coyote.http11.Http11Processor.service(Http11Processor.java:389)
	at org.apache.coyote.AbstractProcessorLight.process(AbstractProcessorLight.java:63)
	at org.apache.coyote.AbstractProtocol$ConnectionHandler.process(AbstractProtocol.java:904)
	at org.apache.tomcat.util.net.NioEndpoint$SocketProcessor.doRun(NioEndpoint.java:1741)
	at org.apache.tomcat.util.net.SocketProcessorBase.run(SocketProcessorBase.java:52)
	at org.apache.tomcat.util.threads.ThreadPoolExecutor.runWorker(ThreadPoolExecutor.java:1190)
	at org.apache.tomcat.util.threads.ThreadPoolExecutor$Worker.run(ThreadPoolExecutor.java:659)
	at org.apache.tomcat.util.threads.TaskThread$WrappingRunnable.run(TaskThread.java:63)
	at java.base/java.lang.Thread.run(Thread.java:1583)
2026-09-06 12:25:52.253 [http-nio-8081-exec-2] INFO  r.i.i.p.service.GenerateDirService - create 3 state directory
2026-09-06 12:25:52.254 [http-nio-8081-exec-2] INFO  r.i.i.p.service.GenerateDirService - file: Z001002.VALID_ENROLL2.298 move to in-progress from controller
2026-09-06 12:25:52.258 [http-nio-8081-exec-2] INFO  r.i.i.p.service.ProcessFileService - start process file: Z001002.VALID_ENROLL2.298
2026-09-06 12:25:52.259 [http-nio-8081-exec-2] INFO  r.i.i.p.s.visitor.EnrollVisitor - title: Z001002.VALID_ENROLL2.298 is valid
2026-09-06 12:25:52.307 [http-nio-8081-exec-2] INFO  r.i.i.p.service.GenerateDirService - create 3 state directory
2026-09-06 12:25:52.309 [http-nio-8081-exec-2] INFO  r.i.i.p.service.GenerateDirService - file: Z001002.VALID_ENROLL2.298 move to success
2026-09-06 12:25:52.309 [http-nio-8081-exec-2] INFO  r.i.i.p.service.ProcessFileService - file: Z001002.VALID_ENROLL2.298 move in success
2026-09-06 12:25:52.309 [http-nio-8081-exec-2] INFO  r.i.i.p.c.FileChunkedController - file: Z001002.VALID_ENROLL2.298 success chunked get
2026-09-06 12:25:52.318 [http-nio-8081-exec-3] WARN  r.i.i.p.c.FileChunkedController - file: Z001002.VALID_ENROLL2.298 is exist in db
2026-09-06 12:25:52.326 [Test worker] INFO  o.s.t.c.s.AnnotationConfigContextLoaderUtils - Could not detect default configuration classes for test class [ru.itone.illya4gurenko.publisher_change_food_card.controller.MultipartTest]: MultipartTest does not declare any static, non-private, non-final, nested classes annotated with @Configuration.
2026-09-06 12:25:52.328 [Test worker] INFO  o.s.b.t.c.SpringBootTestContextBootstrapper - Found @SpringBootConfiguration ru.itone.illya4gurenko.publisher_change_food_card.PublisherChangeFoodCardApplication for test class ru.itone.illya4gurenko.publisher_change_food_card.controller.MultipartTest
2026-09-06 12:25:52.453 [http-nio-8081-exec-6] INFO  r.i.i.p.service.GenerateDirService - create 3 state directory
2026-09-06 12:25:52.455 [http-nio-8081-exec-6] INFO  r.i.i.p.service.GenerateDirService - file: Z001002.ERRORCOUNT_ENROLL1.298 move to in-progress from controller
2026-09-06 12:25:52.458 [http-nio-8081-exec-6] INFO  r.i.i.p.service.ProcessFileService - start process file: Z001002.ERRORCOUNT_ENROLL1.298
2026-09-06 12:25:52.459 [http-nio-8081-exec-6] INFO  r.i.i.p.s.visitor.EnrollVisitor - title: Z001002.ERRORCOUNT_ENROLL1.298 is valid
2026-09-06 12:25:52.489 [http-nio-8081-exec-6] WARN  r.i.i.p.s.visitor.EnrollVisitor - invalid trailer: T                  10
2026-09-06 12:25:52.501 [http-nio-8081-exec-6] WARN  r.i.i.p.service.ProcessFileService - Validation failed for file Z001002.ERRORCOUNT_ENROLL1.298: File contains validation errors
2026-09-06 12:25:52.515 [http-nio-8081-exec-6] INFO  r.i.i.p.service.GenerateDirService - create 3 state directory
2026-09-06 12:25:52.516 [http-nio-8081-exec-6] INFO  r.i.i.p.service.GenerateDirService - file: Z001002.ERRORCOUNT_ENROLL1.298 move to error
2026-09-06 12:25:52.519 [http-nio-8081-exec-6] ERROR o.a.c.c.C.[.[.[.[dispatcherServlet] - Servlet.service() for servlet [dispatcherServlet] in context with path [] threw exception [Request processing failed: ru.itone.illya4gurenko.publisher_change_food_card.exception.FileValidationException: File contains validation errors] with root cause
ru.itone.illya4gurenko.publisher_change_food_card.exception.FileValidationException: File contains validation errors
	at ru.itone.illya4gurenko.publisher_change_food_card.service.visitor.EnrollVisitor.visit(EnrollVisitor.java:85)
	at java.base/java.nio.file.FileChannelLinesSpliterator.forEachRemaining(FileChannelLinesSpliterator.java:130)
	at java.base/java.util.stream.ReferencePipeline$Head.forEach(ReferencePipeline.java:762)
	at ru.itone.illya4gurenko.publisher_change_food_card.service.ProcessFileService.process(ProcessFileService.java:54)
	at ru.itone.illya4gurenko.publisher_change_food_card.controller.FileMultipartController.uploadMultipart(FileMultipartController.java:40)
	at java.base/jdk.internal.reflect.DirectMethodHandleAccessor.invoke(DirectMethodHandleAccessor.java:103)
	at java.base/java.lang.reflect.Method.invoke(Method.java:580)
	at org.springframework.web.method.support.InvocableHandlerMethod.doInvoke(InvocableHandlerMethod.java:255)
	at org.springframework.web.method.support.InvocableHandlerMethod.invokeForRequest(InvocableHandlerMethod.java:188)
	at org.springframework.web.servlet.mvc.method.annotation.ServletInvocableHandlerMethod.invokeAndHandle(ServletInvocableHandlerMethod.java:118)
	at org.springframework.web.servlet.mvc.method.annotation.RequestMappingHandlerAdapter.invokeHandlerMethod(RequestMappingHandlerAdapter.java:926)
	at org.springframework.web.servlet.mvc.method.annotation.RequestMappingHandlerAdapter.handleInternal(RequestMappingHandlerAdapter.java:831)
	at org.springframework.web.servlet.mvc.method.AbstractHandlerMethodAdapter.handle(AbstractHandlerMethodAdapter.java:87)
	at org.springframework.web.servlet.DispatcherServlet.doDispatch(DispatcherServlet.java:1089)
	at org.springframework.web.servlet.DispatcherServlet.doService(DispatcherServlet.java:979)
	at org.springframework.web.servlet.FrameworkServlet.processRequest(FrameworkServlet.java:1014)
	at org.springframework.web.servlet.FrameworkServlet.doPost(FrameworkServlet.java:914)
	at jakarta.servlet.http.HttpServlet.service(HttpServlet.java:590)
	at org.springframework.web.servlet.FrameworkServlet.service(FrameworkServlet.java:885)
	at jakarta.servlet.http.HttpServlet.service(HttpServlet.java:658)
	at org.apache.catalina.core.ApplicationFilterChain.internalDoFilter(ApplicationFilterChain.java:195)
	at org.apache.catalina.core.ApplicationFilterChain.doFilter(ApplicationFilterChain.java:140)
	at org.apache.tomcat.websocket.server.WsFilter.doFilter(WsFilter.java:51)
	at org.apache.catalina.core.ApplicationFilterChain.internalDoFilter(ApplicationFilterChain.java:164)
	at org.apache.catalina.core.ApplicationFilterChain.doFilter(ApplicationFilterChain.java:140)
	at org.springframework.web.filter.RequestContextFilter.doFilterInternal(RequestContextFilter.java:100)
	at org.springframework.web.filter.OncePerRequestFilter.doFilter(OncePerRequestFilter.java:116)
	at org.apache.catalina.core.ApplicationFilterChain.internalDoFilter(ApplicationFilterChain.java:164)
	at org.apache.catalina.core.ApplicationFilterChain.doFilter(ApplicationFilterChain.java:140)
	at org.springframework.web.filter.FormContentFilter.doFilterInternal(FormContentFilter.java:93)
	at org.springframework.web.filter.OncePerRequestFilter.doFilter(OncePerRequestFilter.java:116)
	at org.apache.catalina.core.ApplicationFilterChain.internalDoFilter(ApplicationFilterChain.java:164)
	at org.apache.catalina.core.ApplicationFilterChain.doFilter(ApplicationFilterChain.java:140)
	at org.springframework.web.filter.CharacterEncodingFilter.doFilterInternal(CharacterEncodingFilter.java:201)
	at org.springframework.web.filter.OncePerRequestFilter.doFilter(OncePerRequestFilter.java:116)
	at org.apache.catalina.core.ApplicationFilterChain.internalDoFilter(ApplicationFilterChain.java:164)
	at org.apache.catalina.core.ApplicationFilterChain.doFilter(ApplicationFilterChain.java:140)
	at org.apache.catalina.core.StandardWrapperValve.invoke(StandardWrapperValve.java:167)
	at org.apache.catalina.core.StandardContextValve.invoke(StandardContextValve.java:90)
	at org.apache.catalina.authenticator.AuthenticatorBase.invoke(AuthenticatorBase.java:483)
	at org.apache.catalina.core.StandardHostValve.invoke(StandardHostValve.java:115)
	at org.apache.catalina.valves.ErrorReportValve.invoke(ErrorReportValve.java:93)
	at org.apache.catalina.core.StandardEngineValve.invoke(StandardEngineValve.java:74)
	at org.apache.catalina.connector.CoyoteAdapter.service(CoyoteAdapter.java:344)
	at org.apache.coyote.http11.Http11Processor.service(Http11Processor.java:389)
	at org.apache.coyote.AbstractProcessorLight.process(AbstractProcessorLight.java:63)
	at org.apache.coyote.AbstractProtocol$ConnectionHandler.process(AbstractProtocol.java:904)
	at org.apache.tomcat.util.net.NioEndpoint$SocketProcessor.doRun(NioEndpoint.java:1741)
	at org.apache.tomcat.util.net.SocketProcessorBase.run(SocketProcessorBase.java:52)
	at org.apache.tomcat.util.threads.ThreadPoolExecutor.runWorker(ThreadPoolExecutor.java:1190)
	at org.apache.tomcat.util.threads.ThreadPoolExecutor$Worker.run(ThreadPoolExecutor.java:659)
	at org.apache.tomcat.util.threads.TaskThread$WrappingRunnable.run(TaskThread.java:63)
	at java.base/java.lang.Thread.run(Thread.java:1583)
2026-09-06 12:25:52.607 [http-nio-8081-exec-7] INFO  r.i.i.p.service.GenerateDirService - create 3 state directory
2026-09-06 12:25:52.609 [http-nio-8081-exec-7] INFO  r.i.i.p.service.GenerateDirService - file: Z001002.VALIDINTIME_ENROLL2.298 move to in-progress from controller
2026-09-06 12:25:52.613 [http-nio-8081-exec-7] INFO  r.i.i.p.service.ProcessFileService - start process file: Z001002.VALIDINTIME_ENROLL2.298
2026-09-06 12:25:52.615 [http-nio-8081-exec-7] INFO  r.i.i.p.s.visitor.EnrollVisitor - title: Z001002.VALIDINTIME_ENROLL2.298 is valid
2026-09-06 12:25:52.677 [http-nio-8081-exec-7] INFO  r.i.i.p.service.GenerateDirService - create 3 state directory
2026-09-06 12:25:52.678 [http-nio-8081-exec-7] INFO  r.i.i.p.service.GenerateDirService - file: Z001002.VALIDINTIME_ENROLL2.298 move to success
2026-09-06 12:25:52.678 [http-nio-8081-exec-7] INFO  r.i.i.p.service.ProcessFileService - file: Z001002.VALIDINTIME_ENROLL2.298 move in success
2026-09-06 12:25:52.678 [http-nio-8081-exec-7] INFO  r.i.i.p.c.FileMultipartController - file: Z001002.VALIDINTIME_ENROLL2.298 success multipart get
2026-09-06 12:25:52.769 [http-nio-8081-exec-8] INFO  r.i.i.p.service.GenerateDirService - create 3 state directory
2026-09-06 12:25:52.770 [http-nio-8081-exec-8] INFO  r.i.i.p.service.GenerateDirService - file: Z001002.VALID_ENROLL2.298 move to in-progress from controller
2026-09-06 12:25:52.774 [http-nio-8081-exec-8] INFO  r.i.i.p.service.ProcessFileService - start process file: Z001002.VALID_ENROLL2.298
2026-09-06 12:25:52.776 [http-nio-8081-exec-8] INFO  r.i.i.p.s.visitor.EnrollVisitor - title: Z001002.VALID_ENROLL2.298 is valid
2026-09-06 12:25:52.820 [http-nio-8081-exec-8] INFO  r.i.i.p.service.GenerateDirService - create 3 state directory
2026-09-06 12:25:52.821 [http-nio-8081-exec-8] INFO  r.i.i.p.service.GenerateDirService - file: Z001002.VALID_ENROLL2.298 move to success
2026-09-06 12:25:52.821 [http-nio-8081-exec-8] INFO  r.i.i.p.service.ProcessFileService - file: Z001002.VALID_ENROLL2.298 move in success
2026-09-06 12:25:52.822 [http-nio-8081-exec-8] INFO  r.i.i.p.c.FileMultipartController - file: Z001002.VALID_ENROLL2.298 success multipart get
2026-09-06 12:25:52.834 [http-nio-8081-exec-9] WARN  r.i.i.p.c.FileMultipartController - file: Z001002.VALID_ENROLL2.298 is exist in db
2026-09-06 12:25:52.903 [http-nio-8081-exec-10] INFO  r.i.i.p.service.GenerateDirService - create 3 state directory
2026-09-06 12:25:52.905 [http-nio-8081-exec-10] INFO  r.i.i.p.service.GenerateDirService - file: Z001002.ERRORTRAILER_ENROLL2.298 move to in-progress from controller
2026-09-06 12:25:52.908 [http-nio-8081-exec-10] INFO  r.i.i.p.service.ProcessFileService - start process file: Z001002.ERRORTRAILER_ENROLL2.298
2026-09-06 12:25:52.909 [http-nio-8081-exec-10] INFO  r.i.i.p.s.visitor.EnrollVisitor - title: Z001002.ERRORTRAILER_ENROLL2.298 is valid
2026-09-06 12:25:52.928 [http-nio-8081-exec-10] WARN  r.i.i.p.s.visitor.EnrollVisitor - invalid trailer: INVALID_TRAILER_STRING_FORMAT
2026-09-06 12:25:52.939 [http-nio-8081-exec-10] WARN  r.i.i.p.service.ProcessFileService - Validation failed for file Z001002.ERRORTRAILER_ENROLL2.298: File contains validation errors
2026-09-06 12:25:52.951 [http-nio-8081-exec-10] INFO  r.i.i.p.service.GenerateDirService - create 3 state directory
2026-09-06 12:25:52.951 [http-nio-8081-exec-10] INFO  r.i.i.p.service.GenerateDirService - file: Z001002.ERRORTRAILER_ENROLL2.298 move to error
2026-09-06 12:25:52.953 [http-nio-8081-exec-10] ERROR o.a.c.c.C.[.[.[.[dispatcherServlet] - Servlet.service() for servlet [dispatcherServlet] in context with path [] threw exception [Request processing failed: ru.itone.illya4gurenko.publisher_change_food_card.exception.FileValidationException: File contains validation errors] with root cause
ru.itone.illya4gurenko.publisher_change_food_card.exception.FileValidationException: File contains validation errors
	at ru.itone.illya4gurenko.publisher_change_food_card.service.visitor.EnrollVisitor.visit(EnrollVisitor.java:85)
	at java.base/java.nio.file.FileChannelLinesSpliterator.forEachRemaining(FileChannelLinesSpliterator.java:130)
	at java.base/java.util.stream.ReferencePipeline$Head.forEach(ReferencePipeline.java:762)
	at ru.itone.illya4gurenko.publisher_change_food_card.service.ProcessFileService.process(ProcessFileService.java:54)
	at ru.itone.illya4gurenko.publisher_change_food_card.controller.FileMultipartController.uploadMultipart(FileMultipartController.java:40)
	at java.base/jdk.internal.reflect.DirectMethodHandleAccessor.invoke(DirectMethodHandleAccessor.java:103)
	at java.base/java.lang.reflect.Method.invoke(Method.java:580)
	at org.springframework.web.method.support.InvocableHandlerMethod.doInvoke(InvocableHandlerMethod.java:255)
	at org.springframework.web.method.support.InvocableHandlerMethod.invokeForRequest(InvocableHandlerMethod.java:188)
	at org.springframework.web.servlet.mvc.method.annotation.ServletInvocableHandlerMethod.invokeAndHandle(ServletInvocableHandlerMethod.java:118)
	at org.springframework.web.servlet.mvc.method.annotation.RequestMappingHandlerAdapter.invokeHandlerMethod(RequestMappingHandlerAdapter.java:926)
	at org.springframework.web.servlet.mvc.method.annotation.RequestMappingHandlerAdapter.handleInternal(RequestMappingHandlerAdapter.java:831)
	at org.springframework.web.servlet.mvc.method.AbstractHandlerMethodAdapter.handle(AbstractHandlerMethodAdapter.java:87)
	at org.springframework.web.servlet.DispatcherServlet.doDispatch(DispatcherServlet.java:1089)
	at org.springframework.web.servlet.DispatcherServlet.doService(DispatcherServlet.java:979)
	at org.springframework.web.servlet.FrameworkServlet.processRequest(FrameworkServlet.java:1014)
	at org.springframework.web.servlet.FrameworkServlet.doPost(FrameworkServlet.java:914)
	at jakarta.servlet.http.HttpServlet.service(HttpServlet.java:590)
	at org.springframework.web.servlet.FrameworkServlet.service(FrameworkServlet.java:885)
	at jakarta.servlet.http.HttpServlet.service(HttpServlet.java:658)
	at org.apache.catalina.core.ApplicationFilterChain.internalDoFilter(ApplicationFilterChain.java:195)
	at org.apache.catalina.core.ApplicationFilterChain.doFilter(ApplicationFilterChain.java:140)
	at org.apache.tomcat.websocket.server.WsFilter.doFilter(WsFilter.java:51)
	at org.apache.catalina.core.ApplicationFilterChain.internalDoFilter(ApplicationFilterChain.java:164)
	at org.apache.catalina.core.ApplicationFilterChain.doFilter(ApplicationFilterChain.java:140)
	at org.springframework.web.filter.RequestContextFilter.doFilterInternal(RequestContextFilter.java:100)
	at org.springframework.web.filter.OncePerRequestFilter.doFilter(OncePerRequestFilter.java:116)
	at org.apache.catalina.core.ApplicationFilterChain.internalDoFilter(ApplicationFilterChain.java:164)
	at org.apache.catalina.core.ApplicationFilterChain.doFilter(ApplicationFilterChain.java:140)
	at org.springframework.web.filter.FormContentFilter.doFilterInternal(FormContentFilter.java:93)
	at org.springframework.web.filter.OncePerRequestFilter.doFilter(OncePerRequestFilter.java:116)
	at org.apache.catalina.core.ApplicationFilterChain.internalDoFilter(ApplicationFilterChain.java:164)
	at org.apache.catalina.core.ApplicationFilterChain.doFilter(ApplicationFilterChain.java:140)
	at org.springframework.web.filter.CharacterEncodingFilter.doFilterInternal(CharacterEncodingFilter.java:201)
	at org.springframework.web.filter.OncePerRequestFilter.doFilter(OncePerRequestFilter.java:116)
	at org.apache.catalina.core.ApplicationFilterChain.internalDoFilter(ApplicationFilterChain.java:164)
	at org.apache.catalina.core.ApplicationFilterChain.doFilter(ApplicationFilterChain.java:140)
	at org.apache.catalina.core.StandardWrapperValve.invoke(StandardWrapperValve.java:167)
	at org.apache.catalina.core.StandardContextValve.invoke(StandardContextValve.java:90)
	at org.apache.catalina.authenticator.AuthenticatorBase.invoke(AuthenticatorBase.java:483)
	at org.apache.catalina.core.StandardHostValve.invoke(StandardHostValve.java:115)
	at org.apache.catalina.valves.ErrorReportValve.invoke(ErrorReportValve.java:93)
	at org.apache.catalina.core.StandardEngineValve.invoke(StandardEngineValve.java:74)
	at org.apache.catalina.connector.CoyoteAdapter.service(CoyoteAdapter.java:344)
	at org.apache.coyote.http11.Http11Processor.service(Http11Processor.java:389)
	at org.apache.coyote.AbstractProcessorLight.process(AbstractProcessorLight.java:63)
	at org.apache.coyote.AbstractProtocol$ConnectionHandler.process(AbstractProtocol.java:904)
	at org.apache.tomcat.util.net.NioEndpoint$SocketProcessor.doRun(NioEndpoint.java:1741)
	at org.apache.tomcat.util.net.SocketProcessorBase.run(SocketProcessorBase.java:52)
	at org.apache.tomcat.util.threads.ThreadPoolExecutor.runWorker(ThreadPoolExecutor.java:1190)
	at org.apache.tomcat.util.threads.ThreadPoolExecutor$Worker.run(ThreadPoolExecutor.java:659)
	at org.apache.tomcat.util.threads.TaskThread$WrappingRunnable.run(TaskThread.java:63)
	at java.base/java.lang.Thread.run(Thread.java:1583)
2026-09-06 12:25:53.045 [http-nio-8081-exec-1] INFO  r.i.i.p.service.GenerateDirService - create 3 state directory
2026-09-06 12:25:53.047 [http-nio-8081-exec-1] INFO  r.i.i.p.service.GenerateDirService - file: Z001002.ERRORBODY_ENROLL2.298 move to in-progress from controller
2026-09-06 12:25:53.053 [http-nio-8081-exec-1] INFO  r.i.i.p.service.ProcessFileService - start process file: Z001002.ERRORBODY_ENROLL2.298
2026-09-06 12:25:53.054 [http-nio-8081-exec-1] INFO  r.i.i.p.s.visitor.EnrollVisitor - title: Z001002.ERRORBODY_ENROLL2.298 is valid
2026-09-06 12:25:53.064 [http-nio-8081-exec-1] WARN  r.i.i.p.s.visitor.EnrollVisitor - body: Алексеев Алексей Алексеевич                                                                         40817810099910009999          DR            -5000.00, has error: [ValidationError[code=B05, message=amount mustn`t <0: -5000.00]]
2026-09-06 12:25:53.085 [http-nio-8081-exec-1] WARN  r.i.i.p.service.ProcessFileService - Validation failed for file Z001002.ERRORBODY_ENROLL2.298: File contains validation errors
2026-09-06 12:25:53.102 [http-nio-8081-exec-1] INFO  r.i.i.p.service.GenerateDirService - create 3 state directory
2026-09-06 12:25:53.103 [http-nio-8081-exec-1] INFO  r.i.i.p.service.GenerateDirService - file: Z001002.ERRORBODY_ENROLL2.298 move to error
2026-09-06 12:25:53.105 [http-nio-8081-exec-1] ERROR o.a.c.c.C.[.[.[.[dispatcherServlet] - Servlet.service() for servlet [dispatcherServlet] in context with path [] threw exception [Request processing failed: ru.itone.illya4gurenko.publisher_change_food_card.exception.FileValidationException: File contains validation errors] with root cause
ru.itone.illya4gurenko.publisher_change_food_card.exception.FileValidationException: File contains validation errors
	at ru.itone.illya4gurenko.publisher_change_food_card.service.visitor.EnrollVisitor.visit(EnrollVisitor.java:85)
	at java.base/java.nio.file.FileChannelLinesSpliterator.forEachRemaining(FileChannelLinesSpliterator.java:130)
	at java.base/java.util.stream.ReferencePipeline$Head.forEach(ReferencePipeline.java:762)
	at ru.itone.illya4gurenko.publisher_change_food_card.service.ProcessFileService.process(ProcessFileService.java:54)
	at ru.itone.illya4gurenko.publisher_change_food_card.controller.FileMultipartController.uploadMultipart(FileMultipartController.java:40)
	at java.base/jdk.internal.reflect.DirectMethodHandleAccessor.invoke(DirectMethodHandleAccessor.java:103)
	at java.base/java.lang.reflect.Method.invoke(Method.java:580)
	at org.springframework.web.method.support.InvocableHandlerMethod.doInvoke(InvocableHandlerMethod.java:255)
	at org.springframework.web.method.support.InvocableHandlerMethod.invokeForRequest(InvocableHandlerMethod.java:188)
	at org.springframework.web.servlet.mvc.method.annotation.ServletInvocableHandlerMethod.invokeAndHandle(ServletInvocableHandlerMethod.java:118)
	at org.springframework.web.servlet.mvc.method.annotation.RequestMappingHandlerAdapter.invokeHandlerMethod(RequestMappingHandlerAdapter.java:926)
	at org.springframework.web.servlet.mvc.method.annotation.RequestMappingHandlerAdapter.handleInternal(RequestMappingHandlerAdapter.java:831)
	at org.springframework.web.servlet.mvc.method.AbstractHandlerMethodAdapter.handle(AbstractHandlerMethodAdapter.java:87)
	at org.springframework.web.servlet.DispatcherServlet.doDispatch(DispatcherServlet.java:1089)
	at org.springframework.web.servlet.DispatcherServlet.doService(DispatcherServlet.java:979)
	at org.springframework.web.servlet.FrameworkServlet.processRequest(FrameworkServlet.java:1014)
	at org.springframework.web.servlet.FrameworkServlet.doPost(FrameworkServlet.java:914)
	at jakarta.servlet.http.HttpServlet.service(HttpServlet.java:590)
	at org.springframework.web.servlet.FrameworkServlet.service(FrameworkServlet.java:885)
	at jakarta.servlet.http.HttpServlet.service(HttpServlet.java:658)
	at org.apache.catalina.core.ApplicationFilterChain.internalDoFilter(ApplicationFilterChain.java:195)
	at org.apache.catalina.core.ApplicationFilterChain.doFilter(ApplicationFilterChain.java:140)
	at org.apache.tomcat.websocket.server.WsFilter.doFilter(WsFilter.java:51)
	at org.apache.catalina.core.ApplicationFilterChain.internalDoFilter(ApplicationFilterChain.java:164)
	at org.apache.catalina.core.ApplicationFilterChain.doFilter(ApplicationFilterChain.java:140)
	at org.springframework.web.filter.RequestContextFilter.doFilterInternal(RequestContextFilter.java:100)
	at org.springframework.web.filter.OncePerRequestFilter.doFilter(OncePerRequestFilter.java:116)
	at org.apache.catalina.core.ApplicationFilterChain.internalDoFilter(ApplicationFilterChain.java:164)
	at org.apache.catalina.core.ApplicationFilterChain.doFilter(ApplicationFilterChain.java:140)
	at org.springframework.web.filter.FormContentFilter.doFilterInternal(FormContentFilter.java:93)
	at org.springframework.web.filter.OncePerRequestFilter.doFilter(OncePerRequestFilter.java:116)
	at org.apache.catalina.core.ApplicationFilterChain.internalDoFilter(ApplicationFilterChain.java:164)
	at org.apache.catalina.core.ApplicationFilterChain.doFilter(ApplicationFilterChain.java:140)
	at org.springframework.web.filter.CharacterEncodingFilter.doFilterInternal(CharacterEncodingFilter.java:201)
	at org.springframework.web.filter.OncePerRequestFilter.doFilter(OncePerRequestFilter.java:116)
	at org.apache.catalina.core.ApplicationFilterChain.internalDoFilter(ApplicationFilterChain.java:164)
	at org.apache.catalina.core.ApplicationFilterChain.doFilter(ApplicationFilterChain.java:140)
	at org.apache.catalina.core.StandardWrapperValve.invoke(StandardWrapperValve.java:167)
	at org.apache.catalina.core.StandardContextValve.invoke(StandardContextValve.java:90)
	at org.apache.catalina.authenticator.AuthenticatorBase.invoke(AuthenticatorBase.java:483)
	at org.apache.catalina.core.StandardHostValve.invoke(StandardHostValve.java:115)
	at org.apache.catalina.valves.ErrorReportValve.invoke(ErrorReportValve.java:93)
	at org.apache.catalina.core.StandardEngineValve.invoke(StandardEngineValve.java:74)
	at org.apache.catalina.connector.CoyoteAdapter.service(CoyoteAdapter.java:344)
	at org.apache.coyote.http11.Http11Processor.service(Http11Processor.java:389)
	at org.apache.coyote.AbstractProcessorLight.process(AbstractProcessorLight.java:63)
	at org.apache.coyote.AbstractProtocol$ConnectionHandler.process(AbstractProtocol.java:904)
	at org.apache.tomcat.util.net.NioEndpoint$SocketProcessor.doRun(NioEndpoint.java:1741)
	at org.apache.tomcat.util.net.SocketProcessorBase.run(SocketProcessorBase.java:52)
	at org.apache.tomcat.util.threads.ThreadPoolExecutor.runWorker(ThreadPoolExecutor.java:1190)
	at org.apache.tomcat.util.threads.ThreadPoolExecutor$Worker.run(ThreadPoolExecutor.java:659)
	at org.apache.tomcat.util.threads.TaskThread$WrappingRunnable.run(TaskThread.java:63)
	at java.base/java.lang.Thread.run(Thread.java:1583)
2026-09-06 12:25:53.194 [http-nio-8081-exec-4] INFO  r.i.i.p.service.GenerateDirService - create 3 state directory
2026-09-06 12:25:53.197 [http-nio-8081-exec-4] INFO  r.i.i.p.service.GenerateDirService - file: Z001002.VALID_ENROLL2.298 move to in-progress from controller
2026-09-06 12:25:53.202 [http-nio-8081-exec-4] INFO  r.i.i.p.service.ProcessFileService - start process file: Z001002.VALID_ENROLL2.298
2026-09-06 12:25:53.204 [http-nio-8081-exec-4] INFO  r.i.i.p.s.visitor.EnrollVisitor - title: Z001002.VALID_ENROLL2.298 is valid
2026-09-06 12:25:53.251 [http-nio-8081-exec-4] INFO  r.i.i.p.service.GenerateDirService - create 3 state directory
2026-09-06 12:25:53.252 [http-nio-8081-exec-4] INFO  r.i.i.p.service.GenerateDirService - file: Z001002.VALID_ENROLL2.298 move to success
2026-09-06 12:25:53.252 [http-nio-8081-exec-4] INFO  r.i.i.p.service.ProcessFileService - file: Z001002.VALID_ENROLL2.298 move in success
2026-09-06 12:25:53.252 [http-nio-8081-exec-4] INFO  r.i.i.p.c.FileMultipartController - file: Z001002.VALID_ENROLL2.298 success multipart get
2026-09-06 12:25:53.335 [http-nio-8081-exec-5] INFO  r.i.i.p.service.GenerateDirService - create 3 state directory
2026-09-06 12:25:53.335 [http-nio-8081-exec-5] INFO  r.i.i.p.service.GenerateDirService - file: Z001002.ERRORHEADER_ENROLL2.298 move to in-progress from controller
2026-09-06 12:25:53.340 [http-nio-8081-exec-5] INFO  r.i.i.p.service.ProcessFileService - start process file: Z001002.ERRORHEADER_ENROLL2.298
2026-09-06 12:25:53.342 [http-nio-8081-exec-5] INFO  r.i.i.p.s.visitor.EnrollVisitor - title: Z001002.ERRORHEADER_ENROLL2.298 is valid
2026-09-06 12:25:53.349 [http-nio-8081-exec-5] WARN  r.i.i.p.s.visitor.EnrollVisitor - invalid header: H CORRUPTED_HEADER_DATA_12345
2026-09-06 12:25:53.359 [http-nio-8081-exec-5] WARN  r.i.i.p.s.visitor.EnrollVisitor - invalid header: Иванов Иван Иванович                                                                                40817810099910004321          ZR             1500.50
2026-09-06 12:25:53.369 [http-nio-8081-exec-5] WARN  r.i.i.p.s.visitor.EnrollVisitor - invalid header: T                   1
2026-09-06 12:25:53.378 [http-nio-8081-exec-5] WARN  r.i.i.p.service.ProcessFileService - Validation failed for file Z001002.ERRORHEADER_ENROLL2.298: invalid structure file
2026-09-06 12:25:53.391 [http-nio-8081-exec-5] INFO  r.i.i.p.service.GenerateDirService - create 3 state directory
2026-09-06 12:25:53.392 [http-nio-8081-exec-5] INFO  r.i.i.p.service.GenerateDirService - file: Z001002.ERRORHEADER_ENROLL2.298 move to error
2026-09-06 12:25:53.393 [http-nio-8081-exec-5] ERROR o.a.c.c.C.[.[.[.[dispatcherServlet] - Servlet.service() for servlet [dispatcherServlet] in context with path [] threw exception [Request processing failed: ru.itone.illya4gurenko.publisher_change_food_card.exception.FileValidationException: invalid structure file] with root cause
ru.itone.illya4gurenko.publisher_change_food_card.exception.FileValidationException: invalid structure file
	at ru.itone.illya4gurenko.publisher_change_food_card.service.visitor.EnrollVisitor.visit(EnrollVisitor.java:78)
	at java.base/java.nio.file.FileChannelLinesSpliterator.forEachRemaining(FileChannelLinesSpliterator.java:130)
	at java.base/java.util.stream.ReferencePipeline$Head.forEach(ReferencePipeline.java:762)
	at ru.itone.illya4gurenko.publisher_change_food_card.service.ProcessFileService.process(ProcessFileService.java:54)
	at ru.itone.illya4gurenko.publisher_change_food_card.controller.FileMultipartController.uploadMultipart(FileMultipartController.java:40)
	at java.base/jdk.internal.reflect.DirectMethodHandleAccessor.invoke(DirectMethodHandleAccessor.java:103)
	at java.base/java.lang.reflect.Method.invoke(Method.java:580)
	at org.springframework.web.method.support.InvocableHandlerMethod.doInvoke(InvocableHandlerMethod.java:255)
	at org.springframework.web.method.support.InvocableHandlerMethod.invokeForRequest(InvocableHandlerMethod.java:188)
	at org.springframework.web.servlet.mvc.method.annotation.ServletInvocableHandlerMethod.invokeAndHandle(ServletInvocableHandlerMethod.java:118)
	at org.springframework.web.servlet.mvc.method.annotation.RequestMappingHandlerAdapter.invokeHandlerMethod(RequestMappingHandlerAdapter.java:926)
	at org.springframework.web.servlet.mvc.method.annotation.RequestMappingHandlerAdapter.handleInternal(RequestMappingHandlerAdapter.java:831)
	at org.springframework.web.servlet.mvc.method.AbstractHandlerMethodAdapter.handle(AbstractHandlerMethodAdapter.java:87)
	at org.springframework.web.servlet.DispatcherServlet.doDispatch(DispatcherServlet.java:1089)
	at org.springframework.web.servlet.DispatcherServlet.doService(DispatcherServlet.java:979)
	at org.springframework.web.servlet.FrameworkServlet.processRequest(FrameworkServlet.java:1014)
	at org.springframework.web.servlet.FrameworkServlet.doPost(FrameworkServlet.java:914)
	at jakarta.servlet.http.HttpServlet.service(HttpServlet.java:590)
	at org.springframework.web.servlet.FrameworkServlet.service(FrameworkServlet.java:885)
	at jakarta.servlet.http.HttpServlet.service(HttpServlet.java:658)
	at org.apache.catalina.core.ApplicationFilterChain.internalDoFilter(ApplicationFilterChain.java:195)
	at org.apache.catalina.core.ApplicationFilterChain.doFilter(ApplicationFilterChain.java:140)
	at org.apache.tomcat.websocket.server.WsFilter.doFilter(WsFilter.java:51)
	at org.apache.catalina.core.ApplicationFilterChain.internalDoFilter(ApplicationFilterChain.java:164)
	at org.apache.catalina.core.ApplicationFilterChain.doFilter(ApplicationFilterChain.java:140)
	at org.springframework.web.filter.RequestContextFilter.doFilterInternal(RequestContextFilter.java:100)
	at org.springframework.web.filter.OncePerRequestFilter.doFilter(OncePerRequestFilter.java:116)
	at org.apache.catalina.core.ApplicationFilterChain.internalDoFilter(ApplicationFilterChain.java:164)
	at org.apache.catalina.core.ApplicationFilterChain.doFilter(ApplicationFilterChain.java:140)
	at org.springframework.web.filter.FormContentFilter.doFilterInternal(FormContentFilter.java:93)
	at org.springframework.web.filter.OncePerRequestFilter.doFilter(OncePerRequestFilter.java:116)
	at org.apache.catalina.core.ApplicationFilterChain.internalDoFilter(ApplicationFilterChain.java:164)
	at org.apache.catalina.core.ApplicationFilterChain.doFilter(ApplicationFilterChain.java:140)
	at org.springframework.web.filter.CharacterEncodingFilter.doFilterInternal(CharacterEncodingFilter.java:201)
	at org.springframework.web.filter.OncePerRequestFilter.doFilter(OncePerRequestFilter.java:116)
	at org.apache.catalina.core.ApplicationFilterChain.internalDoFilter(ApplicationFilterChain.java:164)
	at org.apache.catalina.core.ApplicationFilterChain.doFilter(ApplicationFilterChain.java:140)
	at org.apache.catalina.core.StandardWrapperValve.invoke(StandardWrapperValve.java:167)
	at org.apache.catalina.core.StandardContextValve.invoke(StandardContextValve.java:90)
	at org.apache.catalina.authenticator.AuthenticatorBase.invoke(AuthenticatorBase.java:483)
	at org.apache.catalina.core.StandardHostValve.invoke(StandardHostValve.java:115)
	at org.apache.catalina.valves.ErrorReportValve.invoke(ErrorReportValve.java:93)
	at org.apache.catalina.core.StandardEngineValve.invoke(StandardEngineValve.java:74)
	at org.apache.catalina.connector.CoyoteAdapter.service(CoyoteAdapter.java:344)
	at org.apache.coyote.http11.Http11Processor.service(Http11Processor.java:389)
	at org.apache.coyote.AbstractProcessorLight.process(AbstractProcessorLight.java:63)
	at org.apache.coyote.AbstractProtocol$ConnectionHandler.process(AbstractProtocol.java:904)
	at org.apache.tomcat.util.net.NioEndpoint$SocketProcessor.doRun(NioEndpoint.java:1741)
	at org.apache.tomcat.util.net.SocketProcessorBase.run(SocketProcessorBase.java:52)
	at org.apache.tomcat.util.threads.ThreadPoolExecutor.runWorker(ThreadPoolExecutor.java:1190)
	at org.apache.tomcat.util.threads.ThreadPoolExecutor$Worker.run(ThreadPoolExecutor.java:659)
	at org.apache.tomcat.util.threads.TaskThread$WrappingRunnable.run(TaskThread.java:63)
	at java.base/java.lang.Thread.run(Thread.java:1583)
2026-09-06 12:25:53.421 [Test worker] INFO  o.s.t.c.s.AnnotationConfigContextLoaderUtils - Could not detect default configuration classes for test class [ru.itone.illya4gurenko.publisher_change_food_card.grpc.GrpcTest]: GrpcTest does not declare any static, non-private, non-final, nested classes annotated with @Configuration.
2026-09-06 12:25:53.427 [Test worker] INFO  o.s.b.t.c.SpringBootTestContextBootstrapper - Found @SpringBootConfiguration ru.itone.illya4gurenko.publisher_change_food_card.PublisherChangeFoodCardApplication for test class ru.itone.illya4gurenko.publisher_change_food_card.grpc.GrpcTest
2026-09-06 12:25:53.919 [grpc-default-executor-1] INFO  r.i.i.p.c.FileUploadGrpcService - get grpc-chunk for file: Z001002.VALID_ENROLL2.298
2026-09-06 12:25:53.921 [grpc-default-executor-1] INFO  r.i.i.p.service.GenerateDirService - create 3 state directory
2026-09-06 12:25:53.923 [grpc-default-executor-1] INFO  r.i.i.p.c.FileUploadGrpcService - gRPC stream end. get 222 byte for file 'Z001002.VALID_ENROLL2.298'
2026-09-06 12:25:53.928 [grpc-default-executor-1] INFO  r.i.i.p.service.ProcessFileService - start process file: Z001002.VALID_ENROLL2.298
2026-09-06 12:25:53.930 [grpc-default-executor-1] INFO  r.i.i.p.s.visitor.EnrollVisitor - title: Z001002.VALID_ENROLL2.298 is valid
2026-09-06 12:25:53.975 [grpc-default-executor-1] INFO  r.i.i.p.service.GenerateDirService - create 3 state directory
2026-09-06 12:25:53.976 [grpc-default-executor-1] INFO  r.i.i.p.service.GenerateDirService - file: Z001002.VALID_ENROLL2.298 move to success
2026-09-06 12:25:53.976 [grpc-default-executor-1] INFO  r.i.i.p.service.ProcessFileService - file: Z001002.VALID_ENROLL2.298 move in success
2026-09-06 12:25:54.064 [grpc-default-executor-1] INFO  r.i.i.p.c.FileUploadGrpcService - get grpc-chunk for file: Z001002.VALIDINTIME_ENROLL2.298
2026-09-06 12:25:54.066 [grpc-default-executor-1] INFO  r.i.i.p.service.GenerateDirService - create 3 state directory
2026-09-06 12:25:54.069 [grpc-default-executor-1] INFO  r.i.i.p.c.FileUploadGrpcService - gRPC stream end. get 410 byte for file 'Z001002.VALIDINTIME_ENROLL2.298'
2026-09-06 12:25:54.073 [grpc-default-executor-1] INFO  r.i.i.p.service.ProcessFileService - start process file: Z001002.VALIDINTIME_ENROLL2.298
2026-09-06 12:25:54.075 [grpc-default-executor-1] INFO  r.i.i.p.s.visitor.EnrollVisitor - title: Z001002.VALIDINTIME_ENROLL2.298 is valid
2026-09-06 12:25:54.131 [grpc-default-executor-1] INFO  r.i.i.p.service.GenerateDirService - create 3 state directory
2026-09-06 12:25:54.132 [grpc-default-executor-1] INFO  r.i.i.p.service.GenerateDirService - file: Z001002.VALIDINTIME_ENROLL2.298 move to success
2026-09-06 12:25:54.133 [grpc-default-executor-1] INFO  r.i.i.p.service.ProcessFileService - file: Z001002.VALIDINTIME_ENROLL2.298 move in success
2026-09-06 12:25:54.204 [grpc-default-executor-1] INFO  r.i.i.p.c.FileUploadGrpcService - get grpc-chunk for file: Z001002.ERRORBODY_ENROLL2.298
2026-09-06 12:25:54.205 [grpc-default-executor-1] INFO  r.i.i.p.service.GenerateDirService - create 3 state directory
2026-09-06 12:25:54.207 [grpc-default-executor-1] INFO  r.i.i.p.c.FileUploadGrpcService - gRPC stream end. get 229 byte for file 'Z001002.ERRORBODY_ENROLL2.298'
2026-09-06 12:25:54.211 [grpc-default-executor-1] INFO  r.i.i.p.service.ProcessFileService - start process file: Z001002.ERRORBODY_ENROLL2.298
2026-09-06 12:25:54.214 [grpc-default-executor-1] INFO  r.i.i.p.s.visitor.EnrollVisitor - title: Z001002.ERRORBODY_ENROLL2.298 is valid
2026-09-06 12:25:54.224 [grpc-default-executor-1] WARN  r.i.i.p.s.visitor.EnrollVisitor - body: Алексеев Алексей Алексеевич                                                                         40817810099910009999          DR            -5000.00, has error: [ValidationError[code=B05, message=amount mustn`t <0: -5000.00]]
2026-09-06 12:25:54.238 [grpc-default-executor-1] WARN  r.i.i.p.service.ProcessFileService - Validation failed for file Z001002.ERRORBODY_ENROLL2.298: File contains validation errors
2026-09-06 12:25:54.250 [grpc-default-executor-1] INFO  r.i.i.p.service.GenerateDirService - create 3 state directory
2026-09-06 12:25:54.251 [grpc-default-executor-1] INFO  r.i.i.p.service.GenerateDirService - file: Z001002.ERRORBODY_ENROLL2.298 move to error
2026-09-06 12:25:54.252 [grpc-default-executor-1] ERROR r.i.i.p.c.FileUploadGrpcService - error process file: Z001002.ERRORBODY_ENROLL2.298
ru.itone.illya4gurenko.publisher_change_food_card.exception.FileValidationException: File contains validation errors
	at ru.itone.illya4gurenko.publisher_change_food_card.service.visitor.EnrollVisitor.visit(EnrollVisitor.java:85)
	at java.base/java.nio.file.FileChannelLinesSpliterator.forEachRemaining(FileChannelLinesSpliterator.java:130)
	at java.base/java.util.stream.ReferencePipeline$Head.forEach(ReferencePipeline.java:762)
	at ru.itone.illya4gurenko.publisher_change_food_card.service.ProcessFileService.process(ProcessFileService.java:54)
	at ru.itone.illya4gurenko.publisher_change_food_card.controller.FileUploadGrpcService$1.onCompleted(FileUploadGrpcService.java:84)
	at io.grpc.stub.ServerCalls$StreamingServerCallHandler$StreamingServerCallListener.onHalfClose(ServerCalls.java:273)
	at io.grpc.PartialForwardingServerCallListener.onHalfClose(PartialForwardingServerCallListener.java:35)
	at io.grpc.ForwardingServerCallListener.onHalfClose(ForwardingServerCallListener.java:23)
	at io.grpc.ForwardingServerCallListener$SimpleForwardingServerCallListener.onHalfClose(ForwardingServerCallListener.java:40)
	at io.grpc.Contexts$ContextualizedServerCallListener.onHalfClose(Contexts.java:86)
	at io.grpc.internal.ServerCallImpl$ServerStreamListenerImpl.halfClosed(ServerCallImpl.java:356)
	at io.grpc.internal.ServerImpl$JumpToApplicationThreadServerStreamListener$1HalfClosed.runInContext(ServerImpl.java:861)
	at io.grpc.internal.ContextRunnable.run(ContextRunnable.java:37)
	at io.grpc.internal.SerializingExecutor.run(SerializingExecutor.java:133)
	at java.base/java.util.concurrent.ThreadPoolExecutor.runWorker(ThreadPoolExecutor.java:1144)
	at java.base/java.util.concurrent.ThreadPoolExecutor$Worker.run(ThreadPoolExecutor.java:642)
	at java.base/java.lang.Thread.run(Thread.java:1583)
2026-09-06 12:25:54.316 [grpc-default-executor-1] INFO  r.i.i.p.c.FileUploadGrpcService - get grpc-chunk for file: Z001002.ERRORTRAILER_ENROLL2.298
2026-09-06 12:25:54.317 [grpc-default-executor-1] INFO  r.i.i.p.service.GenerateDirService - create 3 state directory
2026-09-06 12:25:54.319 [grpc-default-executor-1] INFO  r.i.i.p.c.FileUploadGrpcService - gRPC stream end. get 230 byte for file 'Z001002.ERRORTRAILER_ENROLL2.298'
2026-09-06 12:25:54.322 [grpc-default-executor-1] INFO  r.i.i.p.service.ProcessFileService - start process file: Z001002.ERRORTRAILER_ENROLL2.298
2026-09-06 12:25:54.324 [grpc-default-executor-1] INFO  r.i.i.p.s.visitor.EnrollVisitor - title: Z001002.ERRORTRAILER_ENROLL2.298 is valid
2026-09-06 12:25:54.342 [grpc-default-executor-1] WARN  r.i.i.p.s.visitor.EnrollVisitor - invalid trailer: INVALID_TRAILER_STRING_FORMAT
2026-09-06 12:25:54.353 [grpc-default-executor-1] WARN  r.i.i.p.service.ProcessFileService - Validation failed for file Z001002.ERRORTRAILER_ENROLL2.298: File contains validation errors
2026-09-06 12:25:54.365 [grpc-default-executor-1] INFO  r.i.i.p.service.GenerateDirService - create 3 state directory
2026-09-06 12:25:54.366 [grpc-default-executor-1] INFO  r.i.i.p.service.GenerateDirService - file: Z001002.ERRORTRAILER_ENROLL2.298 move to error
2026-09-06 12:25:54.367 [grpc-default-executor-1] ERROR r.i.i.p.c.FileUploadGrpcService - error process file: Z001002.ERRORTRAILER_ENROLL2.298
ru.itone.illya4gurenko.publisher_change_food_card.exception.FileValidationException: File contains validation errors
	at ru.itone.illya4gurenko.publisher_change_food_card.service.visitor.EnrollVisitor.visit(EnrollVisitor.java:85)
	at java.base/java.nio.file.FileChannelLinesSpliterator.forEachRemaining(FileChannelLinesSpliterator.java:130)
	at java.base/java.util.stream.ReferencePipeline$Head.forEach(ReferencePipeline.java:762)
	at ru.itone.illya4gurenko.publisher_change_food_card.service.ProcessFileService.process(ProcessFileService.java:54)
	at ru.itone.illya4gurenko.publisher_change_food_card.controller.FileUploadGrpcService$1.onCompleted(FileUploadGrpcService.java:84)
	at io.grpc.stub.ServerCalls$StreamingServerCallHandler$StreamingServerCallListener.onHalfClose(ServerCalls.java:273)
	at io.grpc.PartialForwardingServerCallListener.onHalfClose(PartialForwardingServerCallListener.java:35)
	at io.grpc.ForwardingServerCallListener.onHalfClose(ForwardingServerCallListener.java:23)
	at io.grpc.ForwardingServerCallListener$SimpleForwardingServerCallListener.onHalfClose(ForwardingServerCallListener.java:40)
	at io.grpc.Contexts$ContextualizedServerCallListener.onHalfClose(Contexts.java:86)
	at io.grpc.internal.ServerCallImpl$ServerStreamListenerImpl.halfClosed(ServerCallImpl.java:356)
	at io.grpc.internal.ServerImpl$JumpToApplicationThreadServerStreamListener$1HalfClosed.runInContext(ServerImpl.java:861)
	at io.grpc.internal.ContextRunnable.run(ContextRunnable.java:37)
	at io.grpc.internal.SerializingExecutor.run(SerializingExecutor.java:133)
	at java.base/java.util.concurrent.ThreadPoolExecutor.runWorker(ThreadPoolExecutor.java:1144)
	at java.base/java.util.concurrent.ThreadPoolExecutor$Worker.run(ThreadPoolExecutor.java:642)
	at java.base/java.lang.Thread.run(Thread.java:1583)
2026-09-06 12:25:54.654 [SpringApplicationShutdownHook] INFO  n.d.b.g.s.s.GrpcServerLifecycle - Completed gRPC server shutdown
2026-09-06 12:25:54.673 [SpringApplicationShutdownHook] INFO  o.s.o.j.LocalContainerEntityManagerFactoryBean - Closing JPA EntityManagerFactory for persistence unit 'postgres'
2026-09-06 12:25:54.676 [SpringApplicationShutdownHook] INFO  com.zaxxer.hikari.HikariDataSource - HikariPool-2 - Shutdown initiated...
2026-09-06 12:25:54.704 [SpringApplicationShutdownHook] INFO  com.zaxxer.hikari.HikariDataSource - HikariPool-2 - Shutdown completed.
2026-09-06 12:25:54.705 [SpringApplicationShutdownHook] INFO  o.s.o.j.LocalContainerEntityManagerFactoryBean - Closing JPA EntityManagerFactory for persistence unit 'oracle'
2026-09-06 12:25:54.707 [SpringApplicationShutdownHook] INFO  com.zaxxer.hikari.HikariDataSource - HikariPool-1 - Shutdown initiated...
2026-09-06 12:25:54.741 [SpringApplicationShutdownHook] INFO  com.zaxxer.hikari.HikariDataSource - HikariPool-1 - Shutdown completed.
2026-09-06 12:28:56.841 [background-preinit] INFO  o.h.validator.internal.util.Version - HV000001: Hibernate Validator 8.0.1.Final
2026-09-06 12:28:56.918 [Test worker] INFO  r.i.i.p.local.SystemDirTest - Starting SystemDirTest using Java 21.0.9 with PID 7600 (started by USER in D:\gpb_tasks\publisher-change-food-card)
2026-09-06 12:28:56.919 [Test worker] INFO  r.i.i.p.local.SystemDirTest - No active profile set, falling back to 1 default profile: "default"
2026-09-06 12:28:57.633 [Test worker] INFO  o.s.d.r.c.RepositoryConfigurationDelegate - Bootstrapping Spring Data JPA repositories in DEFAULT mode.
2026-09-06 12:28:57.703 [Test worker] INFO  o.s.d.r.c.RepositoryConfigurationDelegate - Finished Spring Data repository scanning in 55 ms. Found 1 JPA repository interface.
2026-09-06 12:28:57.705 [Test worker] INFO  o.s.d.r.c.RepositoryConfigurationDelegate - Bootstrapping Spring Data JPA repositories in DEFAULT mode.
2026-09-06 12:28:57.715 [Test worker] INFO  o.s.d.r.c.RepositoryConfigurationDelegate - Finished Spring Data repository scanning in 9 ms. Found 3 JPA repository interfaces.
2026-09-06 12:28:58.984 [Test worker] INFO  o.s.b.w.e.tomcat.TomcatWebServer - Tomcat initialized with port 8081 (http)
2026-09-06 12:28:59.006 [Test worker] INFO  o.a.coyote.http11.Http11NioProtocol - Initializing ProtocolHandler ["http-nio-8081"]
2026-09-06 12:28:59.012 [Test worker] INFO  o.a.catalina.core.StandardService - Starting service [Tomcat]
2026-09-06 12:28:59.013 [Test worker] INFO  o.a.catalina.core.StandardEngine - Starting Servlet engine: [Apache Tomcat/10.1.26]
2026-09-06 12:28:59.222 [Test worker] INFO  o.a.c.c.C.[Tomcat].[localhost].[/] - Initializing Spring embedded WebApplicationContext
2026-09-06 12:28:59.223 [Test worker] INFO  o.s.b.w.s.c.ServletWebServerApplicationContext - Root WebApplicationContext: initialization completed in 2272 ms
2026-09-06 12:28:59.501 [Test worker] INFO  o.h.jpa.internal.util.LogHelper - HHH000204: Processing PersistenceUnitInfo [name: oracle]
2026-09-06 12:28:59.599 [Test worker] INFO  org.hibernate.Version - HHH000412: Hibernate ORM core version 6.5.2.Final
2026-09-06 12:28:59.653 [Test worker] INFO  o.h.c.i.RegionFactoryInitiator - HHH000026: Second-level cache disabled
2026-09-06 12:29:00.330 [Test worker] INFO  o.s.o.j.p.SpringPersistenceUnitInfo - No LoadTimeWeaver setup: ignoring JPA class transformer
2026-09-06 12:29:00.378 [Test worker] INFO  com.zaxxer.hikari.HikariDataSource - HikariPool-1 - Starting...
2026-09-06 12:29:00.427 [Test worker] INFO  com.zaxxer.hikari.pool.HikariPool - HikariPool-1 - Added connection oracle.jdbc.driver.T4CConnection@54d12021
2026-09-06 12:29:00.430 [Test worker] INFO  com.zaxxer.hikari.HikariDataSource - HikariPool-1 - Start completed.
2026-09-06 12:29:00.498 [Test worker] WARN  org.hibernate.dialect.Dialect - HHH000511: The 11.2.0 version for [org.hibernate.dialect.OracleDialect] is no longer supported, hence certain features may not work properly. The minimum supported version is 19.0.0. Check the community dialects project for available legacy versions.
2026-09-06 12:29:00.505 [Test worker] WARN  org.hibernate.orm.deprecation - HHH90000025: OracleDialect does not need to be specified explicitly using 'hibernate.dialect' (remove the property setting and it will be selected by default)
2026-09-06 12:29:02.509 [Test worker] INFO  o.h.e.t.j.p.i.JtaPlatformInitiator - HHH000489: No JTA platform available (set 'hibernate.transaction.jta.platform' to enable JTA platform integration)
2026-09-06 12:29:02.514 [Test worker] INFO  o.s.o.j.LocalContainerEntityManagerFactoryBean - Initialized JPA EntityManagerFactory for persistence unit 'oracle'
2026-09-06 12:29:02.530 [Test worker] INFO  o.h.jpa.internal.util.LogHelper - HHH000204: Processing PersistenceUnitInfo [name: postgres]
2026-09-06 12:29:02.534 [Test worker] INFO  o.h.c.i.RegionFactoryInitiator - HHH000026: Second-level cache disabled
2026-09-06 12:29:02.552 [Test worker] INFO  o.s.o.j.p.SpringPersistenceUnitInfo - No LoadTimeWeaver setup: ignoring JPA class transformer
2026-09-06 12:29:02.553 [Test worker] INFO  com.zaxxer.hikari.HikariDataSource - HikariPool-2 - Starting...
2026-09-06 12:29:02.585 [Test worker] INFO  com.zaxxer.hikari.pool.HikariPool - HikariPool-2 - Added connection org.postgresql.jdbc.PgConnection@53f55c1d
2026-09-06 12:29:02.585 [Test worker] INFO  com.zaxxer.hikari.HikariDataSource - HikariPool-2 - Start completed.
2026-09-06 12:29:02.603 [Test worker] WARN  org.hibernate.orm.deprecation - HHH90000025: PostgreSQLDialect does not need to be specified explicitly using 'hibernate.dialect' (remove the property setting and it will be selected by default)
2026-09-06 12:29:02.977 [Test worker] INFO  o.h.e.t.j.p.i.JtaPlatformInitiator - HHH000489: No JTA platform available (set 'hibernate.transaction.jta.platform' to enable JTA platform integration)
2026-09-06 12:29:02.977 [Test worker] INFO  o.s.o.j.LocalContainerEntityManagerFactoryBean - Initialized JPA EntityManagerFactory for persistence unit 'postgres'
2026-09-06 12:29:03.604 [Test worker] WARN  o.s.b.a.o.j.JpaBaseConfiguration$JpaWebConfiguration - spring.jpa.open-in-view is enabled by default. Therefore, database queries may be performed during view rendering. Explicitly configure spring.jpa.open-in-view to disable this warning
2026-09-06 12:29:04.096 [Test worker] INFO  n.d.b.g.s.a.GrpcServerFactoryAutoConfiguration - Detected grpc-netty-shaded: Creating ShadedNettyGrpcServerFactory
2026-09-06 12:29:04.356 [Test worker] INFO  o.a.coyote.http11.Http11NioProtocol - Starting ProtocolHandler ["http-nio-8081"]
2026-09-06 12:29:04.376 [Test worker] INFO  o.s.b.w.e.tomcat.TomcatWebServer - Tomcat started on port 8081 (http) with context path '/'
2026-09-06 12:29:04.489 [Test worker] INFO  n.d.b.g.s.s.AbstractGrpcServerFactory - Registered gRPC service: ru.itone.illya4gurenko.grpc.FileUploadService, bean: fileUploadGrpcService, class: ru.itone.illya4gurenko.publisher_change_food_card.controller.FileUploadGrpcService
2026-09-06 12:29:04.489 [Test worker] INFO  n.d.b.g.s.s.AbstractGrpcServerFactory - Registered gRPC service: grpc.health.v1.Health, bean: grpcHealthService, class: io.grpc.protobuf.services.HealthServiceImpl
2026-09-06 12:29:04.490 [Test worker] INFO  n.d.b.g.s.s.AbstractGrpcServerFactory - Registered gRPC service: grpc.reflection.v1alpha.ServerReflection, bean: protoReflectionService, class: io.grpc.protobuf.services.ProtoReflectionService
2026-09-06 12:29:04.681 [Test worker] INFO  n.d.b.g.s.s.GrpcServerLifecycle - gRPC Server started, listening on address: *, port: 9090
2026-09-06 12:29:04.695 [Test worker] INFO  r.i.i.p.local.SystemDirTest - Started SystemDirTest in 8.423 seconds (process running for 40.602)
2026-09-06 12:29:05.528 [Test worker] INFO  r.i.i.p.service.CheckDirService - service get new file: Z001002.VALID_ENROLL2.298
2026-09-06 12:29:05.531 [Test worker] INFO  r.i.i.p.service.ProcessFileService - start process file: Z001002.VALID_ENROLL2.298
2026-09-06 12:29:05.535 [Test worker] INFO  r.i.i.p.service.GenerateDirService - create 3 state directory
2026-09-06 12:29:05.536 [Test worker] INFO  r.i.i.p.service.GenerateDirService - file: Z001002.VALID_ENROLL2.298 move to in-progress
2026-09-06 12:29:05.541 [Test worker] INFO  r.i.i.p.s.visitor.EnrollVisitor - title: Z001002.VALID_ENROLL2.298 is valid
2026-09-06 12:29:05.742 [Test worker] INFO  r.i.i.p.service.GenerateDirService - create 3 state directory
2026-09-06 12:29:05.743 [Test worker] INFO  r.i.i.p.service.GenerateDirService - file: Z001002.VALID_ENROLL2.298 move to success
2026-09-06 12:29:05.743 [Test worker] INFO  r.i.i.p.service.ProcessFileService - file: Z001002.VALID_ENROLL2.298 move in success
2026-09-06 12:29:06.193 [Test worker] INFO  r.i.i.p.service.CheckDirService - service get new file: Z001002.ERRORCOUNT_ENROLL1.298
2026-09-06 12:29:06.197 [Test worker] INFO  r.i.i.p.service.ProcessFileService - start process file: Z001002.ERRORCOUNT_ENROLL1.298
2026-09-06 12:29:06.198 [Test worker] INFO  r.i.i.p.service.GenerateDirService - create 3 state directory
2026-09-06 12:29:06.199 [Test worker] INFO  r.i.i.p.service.GenerateDirService - file: Z001002.ERRORCOUNT_ENROLL1.298 move to in-progress
2026-09-06 12:29:06.200 [Test worker] INFO  r.i.i.p.s.visitor.EnrollVisitor - title: Z001002.ERRORCOUNT_ENROLL1.298 is valid
2026-09-06 12:29:06.224 [Test worker] WARN  r.i.i.p.s.visitor.EnrollVisitor - invalid trailer: T                  10
2026-09-06 12:29:06.237 [Test worker] WARN  r.i.i.p.service.ProcessFileService - Validation failed for file Z001002.ERRORCOUNT_ENROLL1.298: File contains validation errors
2026-09-06 12:29:06.260 [Test worker] WARN  r.i.i.p.service.CheckDirService - File Z001002.ERRORCOUNT_ENROLL1.298 processing completed with error: No EntityManager with actual transaction available for current thread - cannot reliably process 'remove' call
2026-09-06 12:29:06.380 [Test worker] INFO  r.i.i.p.service.CheckDirService - service get new file: Z001002.VALID_ENROLL2.298
2026-09-06 12:29:06.387 [Test worker] INFO  r.i.i.p.service.ProcessFileService - start process file: Z001002.VALID_ENROLL2.298
2026-09-06 12:29:06.389 [Test worker] INFO  r.i.i.p.service.GenerateDirService - create 3 state directory
2026-09-06 12:29:06.392 [Test worker] INFO  r.i.i.p.service.GenerateDirService - file: Z001002.VALID_ENROLL2.298 move to in-progress
2026-09-06 12:29:06.394 [Test worker] INFO  r.i.i.p.s.visitor.EnrollVisitor - title: Z001002.VALID_ENROLL2.298 is valid
2026-09-06 12:29:06.458 [Test worker] INFO  r.i.i.p.service.GenerateDirService - create 3 state directory
2026-09-06 12:29:06.460 [Test worker] INFO  r.i.i.p.service.GenerateDirService - file: Z001002.VALID_ENROLL2.298 move to success
2026-09-06 12:29:06.461 [Test worker] INFO  r.i.i.p.service.ProcessFileService - file: Z001002.VALID_ENROLL2.298 move in success
2026-09-06 12:29:06.564 [Test worker] INFO  r.i.i.p.service.CheckDirService - service get new file: Z001002.VALIDINTIME_ENROLL2.298
2026-09-06 12:29:06.568 [Test worker] INFO  r.i.i.p.service.ProcessFileService - start process file: Z001002.VALIDINTIME_ENROLL2.298
2026-09-06 12:29:06.570 [Test worker] INFO  r.i.i.p.service.GenerateDirService - create 3 state directory
2026-09-06 12:29:06.571 [Test worker] INFO  r.i.i.p.service.GenerateDirService - file: Z001002.VALIDINTIME_ENROLL2.298 move to in-progress
2026-09-06 12:29:06.573 [Test worker] INFO  r.i.i.p.s.visitor.EnrollVisitor - title: Z001002.VALIDINTIME_ENROLL2.298 is valid
2026-09-06 12:29:06.627 [Test worker] INFO  r.i.i.p.service.GenerateDirService - create 3 state directory
2026-09-06 12:29:06.628 [Test worker] INFO  r.i.i.p.service.GenerateDirService - file: Z001002.VALIDINTIME_ENROLL2.298 move to success
2026-09-06 12:29:06.628 [Test worker] INFO  r.i.i.p.service.ProcessFileService - file: Z001002.VALIDINTIME_ENROLL2.298 move in success
2026-09-06 12:29:06.651 [Test worker] INFO  o.s.t.c.s.AnnotationConfigContextLoaderUtils - Could not detect default configuration classes for test class [ru.itone.illya4gurenko.publisher_change_food_card.base.ContextLoadsTest]: ContextLoadsTest does not declare any static, non-private, non-final, nested classes annotated with @Configuration.
2026-09-06 12:29:06.658 [Test worker] INFO  o.s.b.t.c.SpringBootTestContextBootstrapper - Found @SpringBootConfiguration ru.itone.illya4gurenko.publisher_change_food_card.PublisherChangeFoodCardApplication for test class ru.itone.illya4gurenko.publisher_change_food_card.base.ContextLoadsTest
2026-09-06 12:29:06.726 [Test worker] INFO  o.s.t.c.s.AnnotationConfigContextLoaderUtils - Could not detect default configuration classes for test class [ru.itone.illya4gurenko.publisher_change_food_card.controller.ChunkedTest]: ChunkedTest does not declare any static, non-private, non-final, nested classes annotated with @Configuration.
2026-09-06 12:29:06.735 [Test worker] INFO  o.s.b.t.c.SpringBootTestContextBootstrapper - Found @SpringBootConfiguration ru.itone.illya4gurenko.publisher_change_food_card.PublisherChangeFoodCardApplication for test class ru.itone.illya4gurenko.publisher_change_food_card.controller.ChunkedTest
2026-09-06 12:29:06.881 [http-nio-8081-exec-1] INFO  o.a.c.c.C.[Tomcat].[localhost].[/] - Initializing Spring DispatcherServlet 'dispatcherServlet'
2026-09-06 12:29:06.882 [http-nio-8081-exec-1] INFO  o.s.web.servlet.DispatcherServlet - Initializing Servlet 'dispatcherServlet'
2026-09-06 12:29:06.883 [http-nio-8081-exec-1] INFO  o.s.web.servlet.DispatcherServlet - Completed initialization in 1 ms
2026-09-06 12:29:06.948 [http-nio-8081-exec-1] INFO  r.i.i.p.service.GenerateDirService - create 3 state directory
2026-09-06 12:29:06.949 [http-nio-8081-exec-1] INFO  r.i.i.p.service.GenerateDirService - file: Z001002.VALID_ENROLL2.298 move to in-progress from controller
2026-09-06 12:29:06.952 [http-nio-8081-exec-1] INFO  r.i.i.p.service.ProcessFileService - start process file: Z001002.VALID_ENROLL2.298
2026-09-06 12:29:06.953 [http-nio-8081-exec-1] INFO  r.i.i.p.s.visitor.EnrollVisitor - title: Z001002.VALID_ENROLL2.298 is valid
2026-09-06 12:29:06.992 [http-nio-8081-exec-1] INFO  r.i.i.p.service.GenerateDirService - create 3 state directory
2026-09-06 12:29:06.993 [http-nio-8081-exec-1] INFO  r.i.i.p.service.GenerateDirService - file: Z001002.VALID_ENROLL2.298 move to success
2026-09-06 12:29:06.993 [http-nio-8081-exec-1] INFO  r.i.i.p.service.ProcessFileService - file: Z001002.VALID_ENROLL2.298 move in success
2026-09-06 12:29:06.994 [http-nio-8081-exec-1] INFO  r.i.i.p.c.FileChunkedController - file: Z001002.VALID_ENROLL2.298 success chunked get
2026-09-06 12:29:07.084 [http-nio-8081-exec-2] INFO  r.i.i.p.service.GenerateDirService - create 3 state directory
2026-09-06 12:29:07.085 [http-nio-8081-exec-2] INFO  r.i.i.p.service.GenerateDirService - file: Z001002.VALIDINTIME_ENROLL2.298 move to in-progress from controller
2026-09-06 12:29:07.088 [http-nio-8081-exec-2] INFO  r.i.i.p.service.ProcessFileService - start process file: Z001002.VALIDINTIME_ENROLL2.298
2026-09-06 12:29:07.089 [http-nio-8081-exec-2] INFO  r.i.i.p.s.visitor.EnrollVisitor - title: Z001002.VALIDINTIME_ENROLL2.298 is valid
2026-09-06 12:29:07.140 [http-nio-8081-exec-2] INFO  r.i.i.p.service.GenerateDirService - create 3 state directory
2026-09-06 12:29:07.142 [http-nio-8081-exec-2] INFO  r.i.i.p.service.GenerateDirService - file: Z001002.VALIDINTIME_ENROLL2.298 move to success
2026-09-06 12:29:07.142 [http-nio-8081-exec-2] INFO  r.i.i.p.service.ProcessFileService - file: Z001002.VALIDINTIME_ENROLL2.298 move in success
2026-09-06 12:29:07.142 [http-nio-8081-exec-2] INFO  r.i.i.p.c.FileChunkedController - file: Z001002.VALIDINTIME_ENROLL2.298 success chunked get
2026-09-06 12:29:07.209 [http-nio-8081-exec-3] INFO  r.i.i.p.service.GenerateDirService - create 3 state directory
2026-09-06 12:29:07.210 [http-nio-8081-exec-3] INFO  r.i.i.p.service.GenerateDirService - file: Z001002.ERRORHEADER_ENROLL2.298 move to in-progress from controller
2026-09-06 12:29:07.213 [http-nio-8081-exec-3] INFO  r.i.i.p.service.ProcessFileService - start process file: Z001002.ERRORHEADER_ENROLL2.298
2026-09-06 12:29:07.215 [http-nio-8081-exec-3] INFO  r.i.i.p.s.visitor.EnrollVisitor - title: Z001002.ERRORHEADER_ENROLL2.298 is valid
2026-09-06 12:29:07.219 [http-nio-8081-exec-3] WARN  r.i.i.p.s.visitor.EnrollVisitor - invalid header: H CORRUPTED_HEADER_DATA_12345
2026-09-06 12:29:07.228 [http-nio-8081-exec-3] WARN  r.i.i.p.s.visitor.EnrollVisitor - invalid header: Иванов Иван Иванович                                                                                40817810099910004321          ZR             1500.50
2026-09-06 12:29:07.237 [http-nio-8081-exec-3] WARN  r.i.i.p.s.visitor.EnrollVisitor - invalid header: T                   1
2026-09-06 12:29:07.245 [http-nio-8081-exec-3] WARN  r.i.i.p.service.ProcessFileService - Validation failed for file Z001002.ERRORHEADER_ENROLL2.298: invalid structure file
2026-09-06 12:29:07.260 [http-nio-8081-exec-3] INFO  r.i.i.p.service.GenerateDirService - create 3 state directory
2026-09-06 12:29:07.261 [http-nio-8081-exec-3] INFO  r.i.i.p.service.GenerateDirService - file: Z001002.ERRORHEADER_ENROLL2.298 move to error
2026-09-06 12:29:07.264 [http-nio-8081-exec-3] ERROR o.a.c.c.C.[.[.[.[dispatcherServlet] - Servlet.service() for servlet [dispatcherServlet] in context with path [] threw exception [Request processing failed: ru.itone.illya4gurenko.publisher_change_food_card.exception.FileValidationException: invalid structure file] with root cause
ru.itone.illya4gurenko.publisher_change_food_card.exception.FileValidationException: invalid structure file
	at ru.itone.illya4gurenko.publisher_change_food_card.service.visitor.EnrollVisitor.visit(EnrollVisitor.java:78)
	at java.base/java.nio.file.FileChannelLinesSpliterator.forEachRemaining(FileChannelLinesSpliterator.java:130)
	at java.base/java.util.stream.ReferencePipeline$Head.forEach(ReferencePipeline.java:762)
	at ru.itone.illya4gurenko.publisher_change_food_card.service.ProcessFileService.process(ProcessFileService.java:56)
	at ru.itone.illya4gurenko.publisher_change_food_card.controller.FileChunkedController.uploadChunkedStream(FileChunkedController.java:49)
	at java.base/jdk.internal.reflect.DirectMethodHandleAccessor.invoke(DirectMethodHandleAccessor.java:103)
	at java.base/java.lang.reflect.Method.invoke(Method.java:580)
	at org.springframework.web.method.support.InvocableHandlerMethod.doInvoke(InvocableHandlerMethod.java:255)
	at org.springframework.web.method.support.InvocableHandlerMethod.invokeForRequest(InvocableHandlerMethod.java:188)
	at org.springframework.web.servlet.mvc.method.annotation.ServletInvocableHandlerMethod.invokeAndHandle(ServletInvocableHandlerMethod.java:118)
	at org.springframework.web.servlet.mvc.method.annotation.RequestMappingHandlerAdapter.invokeHandlerMethod(RequestMappingHandlerAdapter.java:926)
	at org.springframework.web.servlet.mvc.method.annotation.RequestMappingHandlerAdapter.handleInternal(RequestMappingHandlerAdapter.java:831)
	at org.springframework.web.servlet.mvc.method.AbstractHandlerMethodAdapter.handle(AbstractHandlerMethodAdapter.java:87)
	at org.springframework.web.servlet.DispatcherServlet.doDispatch(DispatcherServlet.java:1089)
	at org.springframework.web.servlet.DispatcherServlet.doService(DispatcherServlet.java:979)
	at org.springframework.web.servlet.FrameworkServlet.processRequest(FrameworkServlet.java:1014)
	at org.springframework.web.servlet.FrameworkServlet.doPost(FrameworkServlet.java:914)
	at jakarta.servlet.http.HttpServlet.service(HttpServlet.java:590)
	at org.springframework.web.servlet.FrameworkServlet.service(FrameworkServlet.java:885)
	at jakarta.servlet.http.HttpServlet.service(HttpServlet.java:658)
	at org.apache.catalina.core.ApplicationFilterChain.internalDoFilter(ApplicationFilterChain.java:195)
	at org.apache.catalina.core.ApplicationFilterChain.doFilter(ApplicationFilterChain.java:140)
	at org.apache.tomcat.websocket.server.WsFilter.doFilter(WsFilter.java:51)
	at org.apache.catalina.core.ApplicationFilterChain.internalDoFilter(ApplicationFilterChain.java:164)
	at org.apache.catalina.core.ApplicationFilterChain.doFilter(ApplicationFilterChain.java:140)
	at org.springframework.web.filter.RequestContextFilter.doFilterInternal(RequestContextFilter.java:100)
	at org.springframework.web.filter.OncePerRequestFilter.doFilter(OncePerRequestFilter.java:116)
	at org.apache.catalina.core.ApplicationFilterChain.internalDoFilter(ApplicationFilterChain.java:164)
	at org.apache.catalina.core.ApplicationFilterChain.doFilter(ApplicationFilterChain.java:140)
	at org.springframework.web.filter.FormContentFilter.doFilterInternal(FormContentFilter.java:93)
	at org.springframework.web.filter.OncePerRequestFilter.doFilter(OncePerRequestFilter.java:116)
	at org.apache.catalina.core.ApplicationFilterChain.internalDoFilter(ApplicationFilterChain.java:164)
	at org.apache.catalina.core.ApplicationFilterChain.doFilter(ApplicationFilterChain.java:140)
	at org.springframework.web.filter.CharacterEncodingFilter.doFilterInternal(CharacterEncodingFilter.java:201)
	at org.springframework.web.filter.OncePerRequestFilter.doFilter(OncePerRequestFilter.java:116)
	at org.apache.catalina.core.ApplicationFilterChain.internalDoFilter(ApplicationFilterChain.java:164)
	at org.apache.catalina.core.ApplicationFilterChain.doFilter(ApplicationFilterChain.java:140)
	at org.apache.catalina.core.StandardWrapperValve.invoke(StandardWrapperValve.java:167)
	at org.apache.catalina.core.StandardContextValve.invoke(StandardContextValve.java:90)
	at org.apache.catalina.authenticator.AuthenticatorBase.invoke(AuthenticatorBase.java:483)
	at org.apache.catalina.core.StandardHostValve.invoke(StandardHostValve.java:115)
	at org.apache.catalina.valves.ErrorReportValve.invoke(ErrorReportValve.java:93)
	at org.apache.catalina.core.StandardEngineValve.invoke(StandardEngineValve.java:74)
	at org.apache.catalina.connector.CoyoteAdapter.service(CoyoteAdapter.java:344)
	at org.apache.coyote.http11.Http11Processor.service(Http11Processor.java:389)
	at org.apache.coyote.AbstractProcessorLight.process(AbstractProcessorLight.java:63)
	at org.apache.coyote.AbstractProtocol$ConnectionHandler.process(AbstractProtocol.java:904)
	at org.apache.tomcat.util.net.NioEndpoint$SocketProcessor.doRun(NioEndpoint.java:1741)
	at org.apache.tomcat.util.net.SocketProcessorBase.run(SocketProcessorBase.java:52)
	at org.apache.tomcat.util.threads.ThreadPoolExecutor.runWorker(ThreadPoolExecutor.java:1190)
	at org.apache.tomcat.util.threads.ThreadPoolExecutor$Worker.run(ThreadPoolExecutor.java:659)
	at org.apache.tomcat.util.threads.TaskThread$WrappingRunnable.run(TaskThread.java:63)
	at java.base/java.lang.Thread.run(Thread.java:1583)
2026-09-06 12:29:07.397 [http-nio-8081-exec-5] INFO  r.i.i.p.service.GenerateDirService - create 3 state directory
2026-09-06 12:29:07.400 [http-nio-8081-exec-5] INFO  r.i.i.p.service.GenerateDirService - file: Z001002.VALID_ENROLL2.298 move to in-progress from controller
2026-09-06 12:29:07.403 [http-nio-8081-exec-5] INFO  r.i.i.p.service.ProcessFileService - start process file: Z001002.VALID_ENROLL2.298
2026-09-06 12:29:07.406 [http-nio-8081-exec-5] INFO  r.i.i.p.s.visitor.EnrollVisitor - title: Z001002.VALID_ENROLL2.298 is valid
2026-09-06 12:29:07.448 [http-nio-8081-exec-5] INFO  r.i.i.p.service.GenerateDirService - create 3 state directory
2026-09-06 12:29:07.449 [http-nio-8081-exec-5] INFO  r.i.i.p.service.GenerateDirService - file: Z001002.VALID_ENROLL2.298 move to success
2026-09-06 12:29:07.450 [http-nio-8081-exec-5] INFO  r.i.i.p.service.ProcessFileService - file: Z001002.VALID_ENROLL2.298 move in success
2026-09-06 12:29:07.450 [http-nio-8081-exec-5] INFO  r.i.i.p.c.FileChunkedController - file: Z001002.VALID_ENROLL2.298 success chunked get
2026-09-06 12:29:07.458 [http-nio-8081-exec-4] WARN  r.i.i.p.c.FileChunkedController - file: Z001002.VALID_ENROLL2.298 is exist in db
2026-09-06 12:29:07.468 [Test worker] INFO  o.s.t.c.s.AnnotationConfigContextLoaderUtils - Could not detect default configuration classes for test class [ru.itone.illya4gurenko.publisher_change_food_card.controller.MultipartTest]: MultipartTest does not declare any static, non-private, non-final, nested classes annotated with @Configuration.
2026-09-06 12:29:07.469 [Test worker] INFO  o.s.b.t.c.SpringBootTestContextBootstrapper - Found @SpringBootConfiguration ru.itone.illya4gurenko.publisher_change_food_card.PublisherChangeFoodCardApplication for test class ru.itone.illya4gurenko.publisher_change_food_card.controller.MultipartTest
2026-09-06 12:29:07.563 [http-nio-8081-exec-6] INFO  r.i.i.p.service.GenerateDirService - create 3 state directory
2026-09-06 12:29:07.565 [http-nio-8081-exec-6] INFO  r.i.i.p.service.GenerateDirService - file: Z001002.ERRORCOUNT_ENROLL1.298 move to in-progress from controller
2026-09-06 12:29:07.568 [http-nio-8081-exec-6] INFO  r.i.i.p.service.ProcessFileService - start process file: Z001002.ERRORCOUNT_ENROLL1.298
2026-09-06 12:29:07.570 [http-nio-8081-exec-6] INFO  r.i.i.p.s.visitor.EnrollVisitor - title: Z001002.ERRORCOUNT_ENROLL1.298 is valid
2026-09-06 12:29:07.591 [http-nio-8081-exec-6] WARN  r.i.i.p.s.visitor.EnrollVisitor - invalid trailer: T                  10
2026-09-06 12:29:07.601 [http-nio-8081-exec-6] WARN  r.i.i.p.service.ProcessFileService - Validation failed for file Z001002.ERRORCOUNT_ENROLL1.298: File contains validation errors
2026-09-06 12:29:07.615 [http-nio-8081-exec-6] ERROR o.a.c.c.C.[.[.[.[dispatcherServlet] - Servlet.service() for servlet [dispatcherServlet] in context with path [] threw exception [Request processing failed: org.springframework.dao.InvalidDataAccessApiUsageException: No EntityManager with actual transaction available for current thread - cannot reliably process 'remove' call] with root cause
jakarta.persistence.TransactionRequiredException: No EntityManager with actual transaction available for current thread - cannot reliably process 'remove' call
	at org.springframework.orm.jpa.SharedEntityManagerCreator$SharedEntityManagerInvocationHandler.invoke(SharedEntityManagerCreator.java:303)
	at jdk.proxy3/jdk.proxy3.$Proxy156.remove(Unknown Source)
	at org.springframework.data.jpa.repository.query.JpaQueryExecution$DeleteExecution.doExecute(JpaQueryExecution.java:298)
	at org.springframework.data.jpa.repository.query.JpaQueryExecution.execute(JpaQueryExecution.java:92)
	at org.springframework.data.jpa.repository.query.AbstractJpaQuery.doExecute(AbstractJpaQuery.java:152)
	at org.springframework.data.jpa.repository.query.AbstractJpaQuery.execute(AbstractJpaQuery.java:140)
	at org.springframework.data.repository.core.support.RepositoryMethodInvoker.doInvoke(RepositoryMethodInvoker.java:170)
	at org.springframework.data.repository.core.support.RepositoryMethodInvoker.invoke(RepositoryMethodInvoker.java:158)
	at org.springframework.data.repository.core.support.QueryExecutorMethodInterceptor.doInvoke(QueryExecutorMethodInterceptor.java:164)
	at org.springframework.data.repository.core.support.QueryExecutorMethodInterceptor.invoke(QueryExecutorMethodInterceptor.java:143)
	at org.springframework.aop.framework.ReflectiveMethodInvocation.proceed(ReflectiveMethodInvocation.java:184)
	at org.springframework.data.projection.DefaultMethodInvokingMethodInterceptor.invoke(DefaultMethodInvokingMethodInterceptor.java:70)
	at org.springframework.aop.framework.ReflectiveMethodInvocation.proceed(ReflectiveMethodInvocation.java:184)
	at org.springframework.transaction.interceptor.TransactionAspectSupport.invokeWithinTransaction(TransactionAspectSupport.java:379)
	at org.springframework.transaction.interceptor.TransactionInterceptor.invoke(TransactionInterceptor.java:119)
	at org.springframework.aop.framework.ReflectiveMethodInvocation.proceed(ReflectiveMethodInvocation.java:184)
	at org.springframework.dao.support.PersistenceExceptionTranslationInterceptor.invoke(PersistenceExceptionTranslationInterceptor.java:138)
	at org.springframework.aop.framework.ReflectiveMethodInvocation.proceed(ReflectiveMethodInvocation.java:184)
	at org.springframework.data.jpa.repository.support.CrudMethodMetadataPostProcessor$CrudMethodMetadataPopulatingMethodInterceptor.invoke(CrudMethodMetadataPostProcessor.java:136)
	at org.springframework.aop.framework.ReflectiveMethodInvocation.proceed(ReflectiveMethodInvocation.java:184)
	at org.springframework.aop.interceptor.ExposeInvocationInterceptor.invoke(ExposeInvocationInterceptor.java:97)
	at org.springframework.aop.framework.ReflectiveMethodInvocation.proceed(ReflectiveMethodInvocation.java:184)
	at org.springframework.aop.framework.JdkDynamicAopProxy.invoke(JdkDynamicAopProxy.java:223)
	at jdk.proxy3/jdk.proxy3.$Proxy164.deleteByFileId(Unknown Source)
	at ru.itone.illya4gurenko.publisher_change_food_card.service.ProcessFileService.process(ProcessFileService.java:66)
	at ru.itone.illya4gurenko.publisher_change_food_card.controller.FileMultipartController.uploadMultipart(FileMultipartController.java:40)
	at java.base/jdk.internal.reflect.DirectMethodHandleAccessor.invoke(DirectMethodHandleAccessor.java:103)
	at java.base/java.lang.reflect.Method.invoke(Method.java:580)
	at org.springframework.web.method.support.InvocableHandlerMethod.doInvoke(InvocableHandlerMethod.java:255)
	at org.springframework.web.method.support.InvocableHandlerMethod.invokeForRequest(InvocableHandlerMethod.java:188)
	at org.springframework.web.servlet.mvc.method.annotation.ServletInvocableHandlerMethod.invokeAndHandle(ServletInvocableHandlerMethod.java:118)
	at org.springframework.web.servlet.mvc.method.annotation.RequestMappingHandlerAdapter.invokeHandlerMethod(RequestMappingHandlerAdapter.java:926)
	at org.springframework.web.servlet.mvc.method.annotation.RequestMappingHandlerAdapter.handleInternal(RequestMappingHandlerAdapter.java:831)
	at org.springframework.web.servlet.mvc.method.AbstractHandlerMethodAdapter.handle(AbstractHandlerMethodAdapter.java:87)
	at org.springframework.web.servlet.DispatcherServlet.doDispatch(DispatcherServlet.java:1089)
	at org.springframework.web.servlet.DispatcherServlet.doService(DispatcherServlet.java:979)
	at org.springframework.web.servlet.FrameworkServlet.processRequest(FrameworkServlet.java:1014)
	at org.springframework.web.servlet.FrameworkServlet.doPost(FrameworkServlet.java:914)
	at jakarta.servlet.http.HttpServlet.service(HttpServlet.java:590)
	at org.springframework.web.servlet.FrameworkServlet.service(FrameworkServlet.java:885)
	at jakarta.servlet.http.HttpServlet.service(HttpServlet.java:658)
	at org.apache.catalina.core.ApplicationFilterChain.internalDoFilter(ApplicationFilterChain.java:195)
	at org.apache.catalina.core.ApplicationFilterChain.doFilter(ApplicationFilterChain.java:140)
	at org.apache.tomcat.websocket.server.WsFilter.doFilter(WsFilter.java:51)
	at org.apache.catalina.core.ApplicationFilterChain.internalDoFilter(ApplicationFilterChain.java:164)
	at org.apache.catalina.core.ApplicationFilterChain.doFilter(ApplicationFilterChain.java:140)
	at org.springframework.web.filter.RequestContextFilter.doFilterInternal(RequestContextFilter.java:100)
	at org.springframework.web.filter.OncePerRequestFilter.doFilter(OncePerRequestFilter.java:116)
	at org.apache.catalina.core.ApplicationFilterChain.internalDoFilter(ApplicationFilterChain.java:164)
	at org.apache.catalina.core.ApplicationFilterChain.doFilter(ApplicationFilterChain.java:140)
	at org.springframework.web.filter.FormContentFilter.doFilterInternal(FormContentFilter.java:93)
	at org.springframework.web.filter.OncePerRequestFilter.doFilter(OncePerRequestFilter.java:116)
	at org.apache.catalina.core.ApplicationFilterChain.internalDoFilter(ApplicationFilterChain.java:164)
	at org.apache.catalina.core.ApplicationFilterChain.doFilter(ApplicationFilterChain.java:140)
	at org.springframework.web.filter.CharacterEncodingFilter.doFilterInternal(CharacterEncodingFilter.java:201)
	at org.springframework.web.filter.OncePerRequestFilter.doFilter(OncePerRequestFilter.java:116)
	at org.apache.catalina.core.ApplicationFilterChain.internalDoFilter(ApplicationFilterChain.java:164)
	at org.apache.catalina.core.ApplicationFilterChain.doFilter(ApplicationFilterChain.java:140)
	at org.apache.catalina.core.StandardWrapperValve.invoke(StandardWrapperValve.java:167)
	at org.apache.catalina.core.StandardContextValve.invoke(StandardContextValve.java:90)
	at org.apache.catalina.authenticator.AuthenticatorBase.invoke(AuthenticatorBase.java:483)
	at org.apache.catalina.core.StandardHostValve.invoke(StandardHostValve.java:115)
	at org.apache.catalina.valves.ErrorReportValve.invoke(ErrorReportValve.java:93)
	at org.apache.catalina.core.StandardEngineValve.invoke(StandardEngineValve.java:74)
	at org.apache.catalina.connector.CoyoteAdapter.service(CoyoteAdapter.java:344)
	at org.apache.coyote.http11.Http11Processor.service(Http11Processor.java:389)
	at org.apache.coyote.AbstractProcessorLight.process(AbstractProcessorLight.java:63)
	at org.apache.coyote.AbstractProtocol$ConnectionHandler.process(AbstractProtocol.java:904)
	at org.apache.tomcat.util.net.NioEndpoint$SocketProcessor.doRun(NioEndpoint.java:1741)
	at org.apache.tomcat.util.net.SocketProcessorBase.run(SocketProcessorBase.java:52)
	at org.apache.tomcat.util.threads.ThreadPoolExecutor.runWorker(ThreadPoolExecutor.java:1190)
	at org.apache.tomcat.util.threads.ThreadPoolExecutor$Worker.run(ThreadPoolExecutor.java:659)
	at org.apache.tomcat.util.threads.TaskThread$WrappingRunnable.run(TaskThread.java:63)
	at java.base/java.lang.Thread.run(Thread.java:1583)
2026-09-06 12:29:07.687 [http-nio-8081-exec-7] INFO  r.i.i.p.service.GenerateDirService - create 3 state directory
2026-09-06 12:29:07.688 [http-nio-8081-exec-7] INFO  r.i.i.p.service.GenerateDirService - file: Z001002.VALIDINTIME_ENROLL2.298 move to in-progress from controller
2026-09-06 12:29:07.691 [http-nio-8081-exec-7] INFO  r.i.i.p.service.ProcessFileService - start process file: Z001002.VALIDINTIME_ENROLL2.298
2026-09-06 12:29:07.693 [http-nio-8081-exec-7] INFO  r.i.i.p.s.visitor.EnrollVisitor - title: Z001002.VALIDINTIME_ENROLL2.298 is valid
2026-09-06 12:29:07.741 [http-nio-8081-exec-7] INFO  r.i.i.p.service.GenerateDirService - create 3 state directory
2026-09-06 12:29:07.742 [http-nio-8081-exec-7] INFO  r.i.i.p.service.GenerateDirService - file: Z001002.VALIDINTIME_ENROLL2.298 move to success
2026-09-06 12:29:07.743 [http-nio-8081-exec-7] INFO  r.i.i.p.service.ProcessFileService - file: Z001002.VALIDINTIME_ENROLL2.298 move in success
2026-09-06 12:29:07.743 [http-nio-8081-exec-7] INFO  r.i.i.p.c.FileMultipartController - file: Z001002.VALIDINTIME_ENROLL2.298 success multipart get
2026-09-06 12:29:07.816 [http-nio-8081-exec-8] INFO  r.i.i.p.service.GenerateDirService - create 3 state directory
2026-09-06 12:29:07.817 [http-nio-8081-exec-8] INFO  r.i.i.p.service.GenerateDirService - file: Z001002.VALID_ENROLL2.298 move to in-progress from controller
2026-09-06 12:29:07.821 [http-nio-8081-exec-8] INFO  r.i.i.p.service.ProcessFileService - start process file: Z001002.VALID_ENROLL2.298
2026-09-06 12:29:07.822 [http-nio-8081-exec-8] INFO  r.i.i.p.s.visitor.EnrollVisitor - title: Z001002.VALID_ENROLL2.298 is valid
2026-09-06 12:29:07.858 [http-nio-8081-exec-8] INFO  r.i.i.p.service.GenerateDirService - create 3 state directory
2026-09-06 12:29:07.859 [http-nio-8081-exec-8] INFO  r.i.i.p.service.GenerateDirService - file: Z001002.VALID_ENROLL2.298 move to success
2026-09-06 12:29:07.859 [http-nio-8081-exec-8] INFO  r.i.i.p.service.ProcessFileService - file: Z001002.VALID_ENROLL2.298 move in success
2026-09-06 12:29:07.860 [http-nio-8081-exec-8] INFO  r.i.i.p.c.FileMultipartController - file: Z001002.VALID_ENROLL2.298 success multipart get
2026-09-06 12:29:07.870 [http-nio-8081-exec-9] WARN  r.i.i.p.c.FileMultipartController - file: Z001002.VALID_ENROLL2.298 is exist in db
2026-09-06 12:29:07.927 [http-nio-8081-exec-10] INFO  r.i.i.p.service.GenerateDirService - create 3 state directory
2026-09-06 12:29:07.929 [http-nio-8081-exec-10] INFO  r.i.i.p.service.GenerateDirService - file: Z001002.ERRORTRAILER_ENROLL2.298 move to in-progress from controller
2026-09-06 12:29:07.932 [http-nio-8081-exec-10] INFO  r.i.i.p.service.ProcessFileService - start process file: Z001002.ERRORTRAILER_ENROLL2.298
2026-09-06 12:29:07.934 [http-nio-8081-exec-10] INFO  r.i.i.p.s.visitor.EnrollVisitor - title: Z001002.ERRORTRAILER_ENROLL2.298 is valid
2026-09-06 12:29:07.949 [http-nio-8081-exec-10] WARN  r.i.i.p.s.visitor.EnrollVisitor - invalid trailer: INVALID_TRAILER_STRING_FORMAT
2026-09-06 12:29:07.958 [http-nio-8081-exec-10] WARN  r.i.i.p.service.ProcessFileService - Validation failed for file Z001002.ERRORTRAILER_ENROLL2.298: File contains validation errors
2026-09-06 12:29:07.971 [http-nio-8081-exec-10] INFO  r.i.i.p.service.GenerateDirService - create 3 state directory
2026-09-06 12:29:07.972 [http-nio-8081-exec-10] INFO  r.i.i.p.service.GenerateDirService - file: Z001002.ERRORTRAILER_ENROLL2.298 move to error
2026-09-06 12:29:07.974 [http-nio-8081-exec-10] ERROR o.a.c.c.C.[.[.[.[dispatcherServlet] - Servlet.service() for servlet [dispatcherServlet] in context with path [] threw exception [Request processing failed: ru.itone.illya4gurenko.publisher_change_food_card.exception.FileValidationException: File contains validation errors] with root cause
ru.itone.illya4gurenko.publisher_change_food_card.exception.FileValidationException: File contains validation errors
	at ru.itone.illya4gurenko.publisher_change_food_card.service.visitor.EnrollVisitor.visit(EnrollVisitor.java:85)
	at java.base/java.nio.file.FileChannelLinesSpliterator.forEachRemaining(FileChannelLinesSpliterator.java:130)
	at java.base/java.util.stream.ReferencePipeline$Head.forEach(ReferencePipeline.java:762)
	at ru.itone.illya4gurenko.publisher_change_food_card.service.ProcessFileService.process(ProcessFileService.java:56)
	at ru.itone.illya4gurenko.publisher_change_food_card.controller.FileMultipartController.uploadMultipart(FileMultipartController.java:40)
	at java.base/jdk.internal.reflect.DirectMethodHandleAccessor.invoke(DirectMethodHandleAccessor.java:103)
	at java.base/java.lang.reflect.Method.invoke(Method.java:580)
	at org.springframework.web.method.support.InvocableHandlerMethod.doInvoke(InvocableHandlerMethod.java:255)
	at org.springframework.web.method.support.InvocableHandlerMethod.invokeForRequest(InvocableHandlerMethod.java:188)
	at org.springframework.web.servlet.mvc.method.annotation.ServletInvocableHandlerMethod.invokeAndHandle(ServletInvocableHandlerMethod.java:118)
	at org.springframework.web.servlet.mvc.method.annotation.RequestMappingHandlerAdapter.invokeHandlerMethod(RequestMappingHandlerAdapter.java:926)
	at org.springframework.web.servlet.mvc.method.annotation.RequestMappingHandlerAdapter.handleInternal(RequestMappingHandlerAdapter.java:831)
	at org.springframework.web.servlet.mvc.method.AbstractHandlerMethodAdapter.handle(AbstractHandlerMethodAdapter.java:87)
	at org.springframework.web.servlet.DispatcherServlet.doDispatch(DispatcherServlet.java:1089)
	at org.springframework.web.servlet.DispatcherServlet.doService(DispatcherServlet.java:979)
	at org.springframework.web.servlet.FrameworkServlet.processRequest(FrameworkServlet.java:1014)
	at org.springframework.web.servlet.FrameworkServlet.doPost(FrameworkServlet.java:914)
	at jakarta.servlet.http.HttpServlet.service(HttpServlet.java:590)
	at org.springframework.web.servlet.FrameworkServlet.service(FrameworkServlet.java:885)
	at jakarta.servlet.http.HttpServlet.service(HttpServlet.java:658)
	at org.apache.catalina.core.ApplicationFilterChain.internalDoFilter(ApplicationFilterChain.java:195)
	at org.apache.catalina.core.ApplicationFilterChain.doFilter(ApplicationFilterChain.java:140)
	at org.apache.tomcat.websocket.server.WsFilter.doFilter(WsFilter.java:51)
	at org.apache.catalina.core.ApplicationFilterChain.internalDoFilter(ApplicationFilterChain.java:164)
	at org.apache.catalina.core.ApplicationFilterChain.doFilter(ApplicationFilterChain.java:140)
	at org.springframework.web.filter.RequestContextFilter.doFilterInternal(RequestContextFilter.java:100)
	at org.springframework.web.filter.OncePerRequestFilter.doFilter(OncePerRequestFilter.java:116)
	at org.apache.catalina.core.ApplicationFilterChain.internalDoFilter(ApplicationFilterChain.java:164)
	at org.apache.catalina.core.ApplicationFilterChain.doFilter(ApplicationFilterChain.java:140)
	at org.springframework.web.filter.FormContentFilter.doFilterInternal(FormContentFilter.java:93)
	at org.springframework.web.filter.OncePerRequestFilter.doFilter(OncePerRequestFilter.java:116)
	at org.apache.catalina.core.ApplicationFilterChain.internalDoFilter(ApplicationFilterChain.java:164)
	at org.apache.catalina.core.ApplicationFilterChain.doFilter(ApplicationFilterChain.java:140)
	at org.springframework.web.filter.CharacterEncodingFilter.doFilterInternal(CharacterEncodingFilter.java:201)
	at org.springframework.web.filter.OncePerRequestFilter.doFilter(OncePerRequestFilter.java:116)
	at org.apache.catalina.core.ApplicationFilterChain.internalDoFilter(ApplicationFilterChain.java:164)
	at org.apache.catalina.core.ApplicationFilterChain.doFilter(ApplicationFilterChain.java:140)
	at org.apache.catalina.core.StandardWrapperValve.invoke(StandardWrapperValve.java:167)
	at org.apache.catalina.core.StandardContextValve.invoke(StandardContextValve.java:90)
	at org.apache.catalina.authenticator.AuthenticatorBase.invoke(AuthenticatorBase.java:483)
	at org.apache.catalina.core.StandardHostValve.invoke(StandardHostValve.java:115)
	at org.apache.catalina.valves.ErrorReportValve.invoke(ErrorReportValve.java:93)
	at org.apache.catalina.core.StandardEngineValve.invoke(StandardEngineValve.java:74)
	at org.apache.catalina.connector.CoyoteAdapter.service(CoyoteAdapter.java:344)
	at org.apache.coyote.http11.Http11Processor.service(Http11Processor.java:389)
	at org.apache.coyote.AbstractProcessorLight.process(AbstractProcessorLight.java:63)
	at org.apache.coyote.AbstractProtocol$ConnectionHandler.process(AbstractProtocol.java:904)
	at org.apache.tomcat.util.net.NioEndpoint$SocketProcessor.doRun(NioEndpoint.java:1741)
	at org.apache.tomcat.util.net.SocketProcessorBase.run(SocketProcessorBase.java:52)
	at org.apache.tomcat.util.threads.ThreadPoolExecutor.runWorker(ThreadPoolExecutor.java:1190)
	at org.apache.tomcat.util.threads.ThreadPoolExecutor$Worker.run(ThreadPoolExecutor.java:659)
	at org.apache.tomcat.util.threads.TaskThread$WrappingRunnable.run(TaskThread.java:63)
	at java.base/java.lang.Thread.run(Thread.java:1583)
2026-09-06 12:29:08.033 [http-nio-8081-exec-1] INFO  r.i.i.p.service.GenerateDirService - create 3 state directory
2026-09-06 12:29:08.035 [http-nio-8081-exec-1] INFO  r.i.i.p.service.GenerateDirService - file: Z001002.ERRORBODY_ENROLL2.298 move to in-progress from controller
2026-09-06 12:29:08.038 [http-nio-8081-exec-1] INFO  r.i.i.p.service.ProcessFileService - start process file: Z001002.ERRORBODY_ENROLL2.298
2026-09-06 12:29:08.039 [http-nio-8081-exec-1] INFO  r.i.i.p.s.visitor.EnrollVisitor - title: Z001002.ERRORBODY_ENROLL2.298 is valid
2026-09-06 12:29:08.047 [http-nio-8081-exec-1] WARN  r.i.i.p.s.visitor.EnrollVisitor - body: Алексеев Алексей Алексеевич                                                                         40817810099910009999          DR            -5000.00, has error: [ValidationError[code=B05, message=amount mustn`t <0: -5000.00]]
2026-09-06 12:29:08.060 [http-nio-8081-exec-1] WARN  r.i.i.p.service.ProcessFileService - Validation failed for file Z001002.ERRORBODY_ENROLL2.298: File contains validation errors
2026-09-06 12:29:08.079 [http-nio-8081-exec-1] INFO  r.i.i.p.service.GenerateDirService - create 3 state directory
2026-09-06 12:29:08.080 [http-nio-8081-exec-1] INFO  r.i.i.p.service.GenerateDirService - file: Z001002.ERRORBODY_ENROLL2.298 move to error
2026-09-06 12:29:08.082 [http-nio-8081-exec-1] ERROR o.a.c.c.C.[.[.[.[dispatcherServlet] - Servlet.service() for servlet [dispatcherServlet] in context with path [] threw exception [Request processing failed: ru.itone.illya4gurenko.publisher_change_food_card.exception.FileValidationException: File contains validation errors] with root cause
ru.itone.illya4gurenko.publisher_change_food_card.exception.FileValidationException: File contains validation errors
	at ru.itone.illya4gurenko.publisher_change_food_card.service.visitor.EnrollVisitor.visit(EnrollVisitor.java:85)
	at java.base/java.nio.file.FileChannelLinesSpliterator.forEachRemaining(FileChannelLinesSpliterator.java:130)
	at java.base/java.util.stream.ReferencePipeline$Head.forEach(ReferencePipeline.java:762)
	at ru.itone.illya4gurenko.publisher_change_food_card.service.ProcessFileService.process(ProcessFileService.java:56)
	at ru.itone.illya4gurenko.publisher_change_food_card.controller.FileMultipartController.uploadMultipart(FileMultipartController.java:40)
	at java.base/jdk.internal.reflect.DirectMethodHandleAccessor.invoke(DirectMethodHandleAccessor.java:103)
	at java.base/java.lang.reflect.Method.invoke(Method.java:580)
	at org.springframework.web.method.support.InvocableHandlerMethod.doInvoke(InvocableHandlerMethod.java:255)
	at org.springframework.web.method.support.InvocableHandlerMethod.invokeForRequest(InvocableHandlerMethod.java:188)
	at org.springframework.web.servlet.mvc.method.annotation.ServletInvocableHandlerMethod.invokeAndHandle(ServletInvocableHandlerMethod.java:118)
	at org.springframework.web.servlet.mvc.method.annotation.RequestMappingHandlerAdapter.invokeHandlerMethod(RequestMappingHandlerAdapter.java:926)
	at org.springframework.web.servlet.mvc.method.annotation.RequestMappingHandlerAdapter.handleInternal(RequestMappingHandlerAdapter.java:831)
	at org.springframework.web.servlet.mvc.method.AbstractHandlerMethodAdapter.handle(AbstractHandlerMethodAdapter.java:87)
	at org.springframework.web.servlet.DispatcherServlet.doDispatch(DispatcherServlet.java:1089)
	at org.springframework.web.servlet.DispatcherServlet.doService(DispatcherServlet.java:979)
	at org.springframework.web.servlet.FrameworkServlet.processRequest(FrameworkServlet.java:1014)
	at org.springframework.web.servlet.FrameworkServlet.doPost(FrameworkServlet.java:914)
	at jakarta.servlet.http.HttpServlet.service(HttpServlet.java:590)
	at org.springframework.web.servlet.FrameworkServlet.service(FrameworkServlet.java:885)
	at jakarta.servlet.http.HttpServlet.service(HttpServlet.java:658)
	at org.apache.catalina.core.ApplicationFilterChain.internalDoFilter(ApplicationFilterChain.java:195)
	at org.apache.catalina.core.ApplicationFilterChain.doFilter(ApplicationFilterChain.java:140)
	at org.apache.tomcat.websocket.server.WsFilter.doFilter(WsFilter.java:51)
	at org.apache.catalina.core.ApplicationFilterChain.internalDoFilter(ApplicationFilterChain.java:164)
	at org.apache.catalina.core.ApplicationFilterChain.doFilter(ApplicationFilterChain.java:140)
	at org.springframework.web.filter.RequestContextFilter.doFilterInternal(RequestContextFilter.java:100)
	at org.springframework.web.filter.OncePerRequestFilter.doFilter(OncePerRequestFilter.java:116)
	at org.apache.catalina.core.ApplicationFilterChain.internalDoFilter(ApplicationFilterChain.java:164)
	at org.apache.catalina.core.ApplicationFilterChain.doFilter(ApplicationFilterChain.java:140)
	at org.springframework.web.filter.FormContentFilter.doFilterInternal(FormContentFilter.java:93)
	at org.springframework.web.filter.OncePerRequestFilter.doFilter(OncePerRequestFilter.java:116)
	at org.apache.catalina.core.ApplicationFilterChain.internalDoFilter(ApplicationFilterChain.java:164)
	at org.apache.catalina.core.ApplicationFilterChain.doFilter(ApplicationFilterChain.java:140)
	at org.springframework.web.filter.CharacterEncodingFilter.doFilterInternal(CharacterEncodingFilter.java:201)
	at org.springframework.web.filter.OncePerRequestFilter.doFilter(OncePerRequestFilter.java:116)
	at org.apache.catalina.core.ApplicationFilterChain.internalDoFilter(ApplicationFilterChain.java:164)
	at org.apache.catalina.core.ApplicationFilterChain.doFilter(ApplicationFilterChain.java:140)
	at org.apache.catalina.core.StandardWrapperValve.invoke(StandardWrapperValve.java:167)
	at org.apache.catalina.core.StandardContextValve.invoke(StandardContextValve.java:90)
	at org.apache.catalina.authenticator.AuthenticatorBase.invoke(AuthenticatorBase.java:483)
	at org.apache.catalina.core.StandardHostValve.invoke(StandardHostValve.java:115)
	at org.apache.catalina.valves.ErrorReportValve.invoke(ErrorReportValve.java:93)
	at org.apache.catalina.core.StandardEngineValve.invoke(StandardEngineValve.java:74)
	at org.apache.catalina.connector.CoyoteAdapter.service(CoyoteAdapter.java:344)
	at org.apache.coyote.http11.Http11Processor.service(Http11Processor.java:389)
	at org.apache.coyote.AbstractProcessorLight.process(AbstractProcessorLight.java:63)
	at org.apache.coyote.AbstractProtocol$ConnectionHandler.process(AbstractProtocol.java:904)
	at org.apache.tomcat.util.net.NioEndpoint$SocketProcessor.doRun(NioEndpoint.java:1741)
	at org.apache.tomcat.util.net.SocketProcessorBase.run(SocketProcessorBase.java:52)
	at org.apache.tomcat.util.threads.ThreadPoolExecutor.runWorker(ThreadPoolExecutor.java:1190)
	at org.apache.tomcat.util.threads.ThreadPoolExecutor$Worker.run(ThreadPoolExecutor.java:659)
	at org.apache.tomcat.util.threads.TaskThread$WrappingRunnable.run(TaskThread.java:63)
	at java.base/java.lang.Thread.run(Thread.java:1583)
2026-09-06 12:29:08.160 [http-nio-8081-exec-2] INFO  r.i.i.p.service.GenerateDirService - create 3 state directory
2026-09-06 12:29:08.161 [http-nio-8081-exec-2] INFO  r.i.i.p.service.GenerateDirService - file: Z001002.VALID_ENROLL2.298 move to in-progress from controller
2026-09-06 12:29:08.164 [http-nio-8081-exec-2] INFO  r.i.i.p.service.ProcessFileService - start process file: Z001002.VALID_ENROLL2.298
2026-09-06 12:29:08.165 [http-nio-8081-exec-2] INFO  r.i.i.p.s.visitor.EnrollVisitor - title: Z001002.VALID_ENROLL2.298 is valid
2026-09-06 12:29:08.202 [http-nio-8081-exec-2] INFO  r.i.i.p.service.GenerateDirService - create 3 state directory
2026-09-06 12:29:08.203 [http-nio-8081-exec-2] INFO  r.i.i.p.service.GenerateDirService - file: Z001002.VALID_ENROLL2.298 move to success
2026-09-06 12:29:08.203 [http-nio-8081-exec-2] INFO  r.i.i.p.service.ProcessFileService - file: Z001002.VALID_ENROLL2.298 move in success
2026-09-06 12:29:08.203 [http-nio-8081-exec-2] INFO  r.i.i.p.c.FileMultipartController - file: Z001002.VALID_ENROLL2.298 success multipart get
2026-09-06 12:29:08.269 [http-nio-8081-exec-3] INFO  r.i.i.p.service.GenerateDirService - create 3 state directory
2026-09-06 12:29:08.270 [http-nio-8081-exec-3] INFO  r.i.i.p.service.GenerateDirService - file: Z001002.ERRORHEADER_ENROLL2.298 move to in-progress from controller
2026-09-06 12:29:08.273 [http-nio-8081-exec-3] INFO  r.i.i.p.service.ProcessFileService - start process file: Z001002.ERRORHEADER_ENROLL2.298
2026-09-06 12:29:08.274 [http-nio-8081-exec-3] INFO  r.i.i.p.s.visitor.EnrollVisitor - title: Z001002.ERRORHEADER_ENROLL2.298 is valid
2026-09-06 12:29:08.279 [http-nio-8081-exec-3] WARN  r.i.i.p.s.visitor.EnrollVisitor - invalid header: H CORRUPTED_HEADER_DATA_12345
2026-09-06 12:29:08.287 [http-nio-8081-exec-3] WARN  r.i.i.p.s.visitor.EnrollVisitor - invalid header: Иванов Иван Иванович                                                                                40817810099910004321          ZR             1500.50
2026-09-06 12:29:08.295 [http-nio-8081-exec-3] WARN  r.i.i.p.s.visitor.EnrollVisitor - invalid header: T                   1
2026-09-06 12:29:08.302 [http-nio-8081-exec-3] WARN  r.i.i.p.service.ProcessFileService - Validation failed for file Z001002.ERRORHEADER_ENROLL2.298: invalid structure file
2026-09-06 12:29:08.316 [http-nio-8081-exec-3] INFO  r.i.i.p.service.GenerateDirService - create 3 state directory
2026-09-06 12:29:08.317 [http-nio-8081-exec-3] INFO  r.i.i.p.service.GenerateDirService - file: Z001002.ERRORHEADER_ENROLL2.298 move to error
2026-09-06 12:29:08.318 [http-nio-8081-exec-3] ERROR o.a.c.c.C.[.[.[.[dispatcherServlet] - Servlet.service() for servlet [dispatcherServlet] in context with path [] threw exception [Request processing failed: ru.itone.illya4gurenko.publisher_change_food_card.exception.FileValidationException: invalid structure file] with root cause
ru.itone.illya4gurenko.publisher_change_food_card.exception.FileValidationException: invalid structure file
	at ru.itone.illya4gurenko.publisher_change_food_card.service.visitor.EnrollVisitor.visit(EnrollVisitor.java:78)
	at java.base/java.nio.file.FileChannelLinesSpliterator.forEachRemaining(FileChannelLinesSpliterator.java:130)
	at java.base/java.util.stream.ReferencePipeline$Head.forEach(ReferencePipeline.java:762)
	at ru.itone.illya4gurenko.publisher_change_food_card.service.ProcessFileService.process(ProcessFileService.java:56)
	at ru.itone.illya4gurenko.publisher_change_food_card.controller.FileMultipartController.uploadMultipart(FileMultipartController.java:40)
	at java.base/jdk.internal.reflect.DirectMethodHandleAccessor.invoke(DirectMethodHandleAccessor.java:103)
	at java.base/java.lang.reflect.Method.invoke(Method.java:580)
	at org.springframework.web.method.support.InvocableHandlerMethod.doInvoke(InvocableHandlerMethod.java:255)
	at org.springframework.web.method.support.InvocableHandlerMethod.invokeForRequest(InvocableHandlerMethod.java:188)
	at org.springframework.web.servlet.mvc.method.annotation.ServletInvocableHandlerMethod.invokeAndHandle(ServletInvocableHandlerMethod.java:118)
	at org.springframework.web.servlet.mvc.method.annotation.RequestMappingHandlerAdapter.invokeHandlerMethod(RequestMappingHandlerAdapter.java:926)
	at org.springframework.web.servlet.mvc.method.annotation.RequestMappingHandlerAdapter.handleInternal(RequestMappingHandlerAdapter.java:831)
	at org.springframework.web.servlet.mvc.method.AbstractHandlerMethodAdapter.handle(AbstractHandlerMethodAdapter.java:87)
	at org.springframework.web.servlet.DispatcherServlet.doDispatch(DispatcherServlet.java:1089)
	at org.springframework.web.servlet.DispatcherServlet.doService(DispatcherServlet.java:979)
	at org.springframework.web.servlet.FrameworkServlet.processRequest(FrameworkServlet.java:1014)
	at org.springframework.web.servlet.FrameworkServlet.doPost(FrameworkServlet.java:914)
	at jakarta.servlet.http.HttpServlet.service(HttpServlet.java:590)
	at org.springframework.web.servlet.FrameworkServlet.service(FrameworkServlet.java:885)
	at jakarta.servlet.http.HttpServlet.service(HttpServlet.java:658)
	at org.apache.catalina.core.ApplicationFilterChain.internalDoFilter(ApplicationFilterChain.java:195)
	at org.apache.catalina.core.ApplicationFilterChain.doFilter(ApplicationFilterChain.java:140)
	at org.apache.tomcat.websocket.server.WsFilter.doFilter(WsFilter.java:51)
	at org.apache.catalina.core.ApplicationFilterChain.internalDoFilter(ApplicationFilterChain.java:164)
	at org.apache.catalina.core.ApplicationFilterChain.doFilter(ApplicationFilterChain.java:140)
	at org.springframework.web.filter.RequestContextFilter.doFilterInternal(RequestContextFilter.java:100)
	at org.springframework.web.filter.OncePerRequestFilter.doFilter(OncePerRequestFilter.java:116)
	at org.apache.catalina.core.ApplicationFilterChain.internalDoFilter(ApplicationFilterChain.java:164)
	at org.apache.catalina.core.ApplicationFilterChain.doFilter(ApplicationFilterChain.java:140)
	at org.springframework.web.filter.FormContentFilter.doFilterInternal(FormContentFilter.java:93)
	at org.springframework.web.filter.OncePerRequestFilter.doFilter(OncePerRequestFilter.java:116)
	at org.apache.catalina.core.ApplicationFilterChain.internalDoFilter(ApplicationFilterChain.java:164)
	at org.apache.catalina.core.ApplicationFilterChain.doFilter(ApplicationFilterChain.java:140)
	at org.springframework.web.filter.CharacterEncodingFilter.doFilterInternal(CharacterEncodingFilter.java:201)
	at org.springframework.web.filter.OncePerRequestFilter.doFilter(OncePerRequestFilter.java:116)
	at org.apache.catalina.core.ApplicationFilterChain.internalDoFilter(ApplicationFilterChain.java:164)
	at org.apache.catalina.core.ApplicationFilterChain.doFilter(ApplicationFilterChain.java:140)
	at org.apache.catalina.core.StandardWrapperValve.invoke(StandardWrapperValve.java:167)
	at org.apache.catalina.core.StandardContextValve.invoke(StandardContextValve.java:90)
	at org.apache.catalina.authenticator.AuthenticatorBase.invoke(AuthenticatorBase.java:483)
	at org.apache.catalina.core.StandardHostValve.invoke(StandardHostValve.java:115)
	at org.apache.catalina.valves.ErrorReportValve.invoke(ErrorReportValve.java:93)
	at org.apache.catalina.core.StandardEngineValve.invoke(StandardEngineValve.java:74)
	at org.apache.catalina.connector.CoyoteAdapter.service(CoyoteAdapter.java:344)
	at org.apache.coyote.http11.Http11Processor.service(Http11Processor.java:389)
	at org.apache.coyote.AbstractProcessorLight.process(AbstractProcessorLight.java:63)
	at org.apache.coyote.AbstractProtocol$ConnectionHandler.process(AbstractProtocol.java:904)
	at org.apache.tomcat.util.net.NioEndpoint$SocketProcessor.doRun(NioEndpoint.java:1741)
	at org.apache.tomcat.util.net.SocketProcessorBase.run(SocketProcessorBase.java:52)
	at org.apache.tomcat.util.threads.ThreadPoolExecutor.runWorker(ThreadPoolExecutor.java:1190)
	at org.apache.tomcat.util.threads.ThreadPoolExecutor$Worker.run(ThreadPoolExecutor.java:659)
	at org.apache.tomcat.util.threads.TaskThread$WrappingRunnable.run(TaskThread.java:63)
	at java.base/java.lang.Thread.run(Thread.java:1583)
2026-09-06 12:29:08.342 [Test worker] INFO  o.s.t.c.s.AnnotationConfigContextLoaderUtils - Could not detect default configuration classes for test class [ru.itone.illya4gurenko.publisher_change_food_card.grpc.GrpcTest]: GrpcTest does not declare any static, non-private, non-final, nested classes annotated with @Configuration.
2026-09-06 12:29:08.348 [Test worker] INFO  o.s.b.t.c.SpringBootTestContextBootstrapper - Found @SpringBootConfiguration ru.itone.illya4gurenko.publisher_change_food_card.PublisherChangeFoodCardApplication for test class ru.itone.illya4gurenko.publisher_change_food_card.grpc.GrpcTest
2026-09-06 12:29:08.722 [grpc-default-executor-1] INFO  r.i.i.p.c.FileUploadGrpcService - get grpc-chunk for file: Z001002.VALID_ENROLL2.298
2026-09-06 12:29:08.723 [grpc-default-executor-1] INFO  r.i.i.p.service.GenerateDirService - create 3 state directory
2026-09-06 12:29:08.726 [grpc-default-executor-1] INFO  r.i.i.p.c.FileUploadGrpcService - gRPC stream end. get 222 byte for file 'Z001002.VALID_ENROLL2.298'
2026-09-06 12:29:08.731 [grpc-default-executor-1] INFO  r.i.i.p.service.ProcessFileService - start process file: Z001002.VALID_ENROLL2.298
2026-09-06 12:29:08.732 [grpc-default-executor-1] INFO  r.i.i.p.s.visitor.EnrollVisitor - title: Z001002.VALID_ENROLL2.298 is valid
2026-09-06 12:29:08.767 [grpc-default-executor-1] INFO  r.i.i.p.service.GenerateDirService - create 3 state directory
2026-09-06 12:29:08.768 [grpc-default-executor-1] INFO  r.i.i.p.service.GenerateDirService - file: Z001002.VALID_ENROLL2.298 move to success
2026-09-06 12:29:08.769 [grpc-default-executor-1] INFO  r.i.i.p.service.ProcessFileService - file: Z001002.VALID_ENROLL2.298 move in success
2026-09-06 12:29:08.835 [grpc-default-executor-1] INFO  r.i.i.p.c.FileUploadGrpcService - get grpc-chunk for file: Z001002.VALIDINTIME_ENROLL2.298
2026-09-06 12:29:08.836 [grpc-default-executor-1] INFO  r.i.i.p.service.GenerateDirService - create 3 state directory
2026-09-06 12:29:08.840 [grpc-default-executor-1] INFO  r.i.i.p.c.FileUploadGrpcService - gRPC stream end. get 410 byte for file 'Z001002.VALIDINTIME_ENROLL2.298'
2026-09-06 12:29:08.843 [grpc-default-executor-1] INFO  r.i.i.p.service.ProcessFileService - start process file: Z001002.VALIDINTIME_ENROLL2.298
2026-09-06 12:29:08.844 [grpc-default-executor-1] INFO  r.i.i.p.s.visitor.EnrollVisitor - title: Z001002.VALIDINTIME_ENROLL2.298 is valid
2026-09-06 12:29:08.893 [grpc-default-executor-1] INFO  r.i.i.p.service.GenerateDirService - create 3 state directory
2026-09-06 12:29:08.893 [grpc-default-executor-1] INFO  r.i.i.p.service.GenerateDirService - file: Z001002.VALIDINTIME_ENROLL2.298 move to success
2026-09-06 12:29:08.894 [grpc-default-executor-1] INFO  r.i.i.p.service.ProcessFileService - file: Z001002.VALIDINTIME_ENROLL2.298 move in success
2026-09-06 12:29:08.955 [grpc-default-executor-0] INFO  r.i.i.p.c.FileUploadGrpcService - get grpc-chunk for file: Z001002.ERRORBODY_ENROLL2.298
2026-09-06 12:29:08.955 [grpc-default-executor-0] INFO  r.i.i.p.service.GenerateDirService - create 3 state directory
2026-09-06 12:29:08.958 [grpc-default-executor-0] INFO  r.i.i.p.c.FileUploadGrpcService - gRPC stream end. get 229 byte for file 'Z001002.ERRORBODY_ENROLL2.298'
2026-09-06 12:29:08.961 [grpc-default-executor-0] INFO  r.i.i.p.service.ProcessFileService - start process file: Z001002.ERRORBODY_ENROLL2.298
2026-09-06 12:29:08.963 [grpc-default-executor-0] INFO  r.i.i.p.s.visitor.EnrollVisitor - title: Z001002.ERRORBODY_ENROLL2.298 is valid
2026-09-06 12:29:08.971 [grpc-default-executor-0] WARN  r.i.i.p.s.visitor.EnrollVisitor - body: Алексеев Алексей Алексеевич                                                                         40817810099910009999          DR            -5000.00, has error: [ValidationError[code=B05, message=amount mustn`t <0: -5000.00]]
2026-09-06 12:29:08.982 [grpc-default-executor-0] WARN  r.i.i.p.service.ProcessFileService - Validation failed for file Z001002.ERRORBODY_ENROLL2.298: File contains validation errors
2026-09-06 12:29:08.995 [grpc-default-executor-0] INFO  r.i.i.p.service.GenerateDirService - create 3 state directory
2026-09-06 12:29:08.996 [grpc-default-executor-0] INFO  r.i.i.p.service.GenerateDirService - file: Z001002.ERRORBODY_ENROLL2.298 move to error
2026-09-06 12:29:08.996 [grpc-default-executor-0] ERROR r.i.i.p.c.FileUploadGrpcService - error process file: Z001002.ERRORBODY_ENROLL2.298
ru.itone.illya4gurenko.publisher_change_food_card.exception.FileValidationException: File contains validation errors
	at ru.itone.illya4gurenko.publisher_change_food_card.service.visitor.EnrollVisitor.visit(EnrollVisitor.java:85)
	at java.base/java.nio.file.FileChannelLinesSpliterator.forEachRemaining(FileChannelLinesSpliterator.java:130)
	at java.base/java.util.stream.ReferencePipeline$Head.forEach(ReferencePipeline.java:762)
	at ru.itone.illya4gurenko.publisher_change_food_card.service.ProcessFileService.process(ProcessFileService.java:56)
	at ru.itone.illya4gurenko.publisher_change_food_card.controller.FileUploadGrpcService$1.onCompleted(FileUploadGrpcService.java:84)
	at io.grpc.stub.ServerCalls$StreamingServerCallHandler$StreamingServerCallListener.onHalfClose(ServerCalls.java:273)
	at io.grpc.PartialForwardingServerCallListener.onHalfClose(PartialForwardingServerCallListener.java:35)
	at io.grpc.ForwardingServerCallListener.onHalfClose(ForwardingServerCallListener.java:23)
	at io.grpc.ForwardingServerCallListener$SimpleForwardingServerCallListener.onHalfClose(ForwardingServerCallListener.java:40)
	at io.grpc.Contexts$ContextualizedServerCallListener.onHalfClose(Contexts.java:86)
	at io.grpc.internal.ServerCallImpl$ServerStreamListenerImpl.halfClosed(ServerCallImpl.java:356)
	at io.grpc.internal.ServerImpl$JumpToApplicationThreadServerStreamListener$1HalfClosed.runInContext(ServerImpl.java:861)
	at io.grpc.internal.ContextRunnable.run(ContextRunnable.java:37)
	at io.grpc.internal.SerializingExecutor.run(SerializingExecutor.java:133)
	at java.base/java.util.concurrent.ThreadPoolExecutor.runWorker(ThreadPoolExecutor.java:1144)
	at java.base/java.util.concurrent.ThreadPoolExecutor$Worker.run(ThreadPoolExecutor.java:642)
	at java.base/java.lang.Thread.run(Thread.java:1583)
2026-09-06 12:29:09.059 [grpc-default-executor-2] INFO  r.i.i.p.c.FileUploadGrpcService - get grpc-chunk for file: Z001002.ERRORTRAILER_ENROLL2.298
2026-09-06 12:29:09.061 [grpc-default-executor-2] INFO  r.i.i.p.service.GenerateDirService - create 3 state directory
2026-09-06 12:29:09.063 [grpc-default-executor-2] INFO  r.i.i.p.c.FileUploadGrpcService - gRPC stream end. get 230 byte for file 'Z001002.ERRORTRAILER_ENROLL2.298'
2026-09-06 12:29:09.067 [grpc-default-executor-2] INFO  r.i.i.p.service.ProcessFileService - start process file: Z001002.ERRORTRAILER_ENROLL2.298
2026-09-06 12:29:09.069 [grpc-default-executor-2] INFO  r.i.i.p.s.visitor.EnrollVisitor - title: Z001002.ERRORTRAILER_ENROLL2.298 is valid
2026-09-06 12:29:09.097 [grpc-default-executor-2] WARN  r.i.i.p.s.visitor.EnrollVisitor - invalid trailer: INVALID_TRAILER_STRING_FORMAT
2026-09-06 12:29:09.110 [grpc-default-executor-2] WARN  r.i.i.p.service.ProcessFileService - Validation failed for file Z001002.ERRORTRAILER_ENROLL2.298: File contains validation errors
2026-09-06 12:29:09.132 [grpc-default-executor-2] INFO  r.i.i.p.service.GenerateDirService - create 3 state directory
2026-09-06 12:29:09.133 [grpc-default-executor-2] INFO  r.i.i.p.service.GenerateDirService - file: Z001002.ERRORTRAILER_ENROLL2.298 move to error
2026-09-06 12:29:09.134 [grpc-default-executor-2] ERROR r.i.i.p.c.FileUploadGrpcService - error process file: Z001002.ERRORTRAILER_ENROLL2.298
ru.itone.illya4gurenko.publisher_change_food_card.exception.FileValidationException: File contains validation errors
	at ru.itone.illya4gurenko.publisher_change_food_card.service.visitor.EnrollVisitor.visit(EnrollVisitor.java:85)
	at java.base/java.nio.file.FileChannelLinesSpliterator.forEachRemaining(FileChannelLinesSpliterator.java:130)
	at java.base/java.util.stream.ReferencePipeline$Head.forEach(ReferencePipeline.java:762)
	at ru.itone.illya4gurenko.publisher_change_food_card.service.ProcessFileService.process(ProcessFileService.java:56)
	at ru.itone.illya4gurenko.publisher_change_food_card.controller.FileUploadGrpcService$1.onCompleted(FileUploadGrpcService.java:84)
	at io.grpc.stub.ServerCalls$StreamingServerCallHandler$StreamingServerCallListener.onHalfClose(ServerCalls.java:273)
	at io.grpc.PartialForwardingServerCallListener.onHalfClose(PartialForwardingServerCallListener.java:35)
	at io.grpc.ForwardingServerCallListener.onHalfClose(ForwardingServerCallListener.java:23)
	at io.grpc.ForwardingServerCallListener$SimpleForwardingServerCallListener.onHalfClose(ForwardingServerCallListener.java:40)
	at io.grpc.Contexts$ContextualizedServerCallListener.onHalfClose(Contexts.java:86)
	at io.grpc.internal.ServerCallImpl$ServerStreamListenerImpl.halfClosed(ServerCallImpl.java:356)
	at io.grpc.internal.ServerImpl$JumpToApplicationThreadServerStreamListener$1HalfClosed.runInContext(ServerImpl.java:861)
	at io.grpc.internal.ContextRunnable.run(ContextRunnable.java:37)
	at io.grpc.internal.SerializingExecutor.run(SerializingExecutor.java:133)
	at java.base/java.util.concurrent.ThreadPoolExecutor.runWorker(ThreadPoolExecutor.java:1144)
	at java.base/java.util.concurrent.ThreadPoolExecutor$Worker.run(ThreadPoolExecutor.java:642)
	at java.base/java.lang.Thread.run(Thread.java:1583)
2026-09-06 12:29:09.497 [SpringApplicationShutdownHook] INFO  n.d.b.g.s.s.GrpcServerLifecycle - Completed gRPC server shutdown
2026-09-06 12:29:09.514 [SpringApplicationShutdownHook] INFO  o.s.o.j.LocalContainerEntityManagerFactoryBean - Closing JPA EntityManagerFactory for persistence unit 'postgres'
2026-09-06 12:29:09.516 [SpringApplicationShutdownHook] INFO  com.zaxxer.hikari.HikariDataSource - HikariPool-2 - Shutdown initiated...
2026-09-06 12:29:09.524 [SpringApplicationShutdownHook] INFO  com.zaxxer.hikari.HikariDataSource - HikariPool-2 - Shutdown completed.
2026-09-06 12:29:09.525 [SpringApplicationShutdownHook] INFO  o.s.o.j.LocalContainerEntityManagerFactoryBean - Closing JPA EntityManagerFactory for persistence unit 'oracle'
2026-09-06 12:29:09.526 [SpringApplicationShutdownHook] INFO  com.zaxxer.hikari.HikariDataSource - HikariPool-1 - Shutdown initiated...
2026-09-06 12:29:09.546 [SpringApplicationShutdownHook] INFO  com.zaxxer.hikari.HikariDataSource - HikariPool-1 - Shutdown completed.
2026-09-06 12:32:31.543 [background-preinit] INFO  o.h.validator.internal.util.Version - HV000001: Hibernate Validator 8.0.1.Final
2026-09-06 12:32:31.631 [Test worker] INFO  r.i.i.p.local.SystemDirTest - Starting SystemDirTest using Java 21.0.9 with PID 12128 (started by USER in D:\gpb_tasks\publisher-change-food-card)
2026-09-06 12:32:31.632 [Test worker] INFO  r.i.i.p.local.SystemDirTest - No active profile set, falling back to 1 default profile: "default"
2026-09-06 12:32:32.481 [Test worker] INFO  o.s.d.r.c.RepositoryConfigurationDelegate - Bootstrapping Spring Data JPA repositories in DEFAULT mode.
2026-09-06 12:32:32.617 [Test worker] INFO  o.s.d.r.c.RepositoryConfigurationDelegate - Finished Spring Data repository scanning in 113 ms. Found 1 JPA repository interface.
2026-09-06 12:32:32.622 [Test worker] INFO  o.s.d.r.c.RepositoryConfigurationDelegate - Bootstrapping Spring Data JPA repositories in DEFAULT mode.
2026-09-06 12:32:32.651 [Test worker] INFO  o.s.d.r.c.RepositoryConfigurationDelegate - Finished Spring Data repository scanning in 28 ms. Found 3 JPA repository interfaces.
2026-09-06 12:32:34.135 [Test worker] INFO  o.s.b.w.e.tomcat.TomcatWebServer - Tomcat initialized with port 8081 (http)
2026-09-06 12:32:34.154 [Test worker] INFO  o.a.coyote.http11.Http11NioProtocol - Initializing ProtocolHandler ["http-nio-8081"]
2026-09-06 12:32:34.158 [Test worker] INFO  o.a.catalina.core.StandardService - Starting service [Tomcat]
2026-09-06 12:32:34.159 [Test worker] INFO  o.a.catalina.core.StandardEngine - Starting Servlet engine: [Apache Tomcat/10.1.26]
2026-09-06 12:32:34.252 [Test worker] INFO  o.a.c.c.C.[Tomcat].[localhost].[/] - Initializing Spring embedded WebApplicationContext
2026-09-06 12:32:34.252 [Test worker] INFO  o.s.b.w.s.c.ServletWebServerApplicationContext - Root WebApplicationContext: initialization completed in 2587 ms
2026-09-06 12:32:34.489 [Test worker] INFO  o.h.jpa.internal.util.LogHelper - HHH000204: Processing PersistenceUnitInfo [name: oracle]
2026-09-06 12:32:34.590 [Test worker] INFO  org.hibernate.Version - HHH000412: Hibernate ORM core version 6.5.2.Final
2026-09-06 12:32:34.648 [Test worker] INFO  o.h.c.i.RegionFactoryInitiator - HHH000026: Second-level cache disabled
2026-09-06 12:32:35.401 [Test worker] INFO  o.s.o.j.p.SpringPersistenceUnitInfo - No LoadTimeWeaver setup: ignoring JPA class transformer
2026-09-06 12:32:35.466 [Test worker] INFO  com.zaxxer.hikari.HikariDataSource - HikariPool-1 - Starting...
2026-09-06 12:32:35.532 [Test worker] INFO  com.zaxxer.hikari.pool.HikariPool - HikariPool-1 - Added connection oracle.jdbc.driver.T4CConnection@73f93fb4
2026-09-06 12:32:35.536 [Test worker] INFO  com.zaxxer.hikari.HikariDataSource - HikariPool-1 - Start completed.
2026-09-06 12:32:35.622 [Test worker] WARN  org.hibernate.dialect.Dialect - HHH000511: The 11.2.0 version for [org.hibernate.dialect.OracleDialect] is no longer supported, hence certain features may not work properly. The minimum supported version is 19.0.0. Check the community dialects project for available legacy versions.
2026-09-06 12:32:35.629 [Test worker] WARN  org.hibernate.orm.deprecation - HHH90000025: OracleDialect does not need to be specified explicitly using 'hibernate.dialect' (remove the property setting and it will be selected by default)
2026-09-06 12:32:37.699 [Test worker] INFO  o.h.e.t.j.p.i.JtaPlatformInitiator - HHH000489: No JTA platform available (set 'hibernate.transaction.jta.platform' to enable JTA platform integration)
2026-09-06 12:32:37.704 [Test worker] INFO  o.s.o.j.LocalContainerEntityManagerFactoryBean - Initialized JPA EntityManagerFactory for persistence unit 'oracle'
2026-09-06 12:32:37.723 [Test worker] INFO  o.h.jpa.internal.util.LogHelper - HHH000204: Processing PersistenceUnitInfo [name: postgres]
2026-09-06 12:32:37.727 [Test worker] INFO  o.h.c.i.RegionFactoryInitiator - HHH000026: Second-level cache disabled
2026-09-06 12:32:37.750 [Test worker] INFO  o.s.o.j.p.SpringPersistenceUnitInfo - No LoadTimeWeaver setup: ignoring JPA class transformer
2026-09-06 12:32:37.752 [Test worker] INFO  com.zaxxer.hikari.HikariDataSource - HikariPool-2 - Starting...
2026-09-06 12:32:37.788 [Test worker] INFO  com.zaxxer.hikari.pool.HikariPool - HikariPool-2 - Added connection org.postgresql.jdbc.PgConnection@5cd7f753
2026-09-06 12:32:37.789 [Test worker] INFO  com.zaxxer.hikari.HikariDataSource - HikariPool-2 - Start completed.
2026-09-06 12:32:37.806 [Test worker] WARN  org.hibernate.orm.deprecation - HHH90000025: PostgreSQLDialect does not need to be specified explicitly using 'hibernate.dialect' (remove the property setting and it will be selected by default)
2026-09-06 12:32:38.208 [Test worker] INFO  o.h.e.t.j.p.i.JtaPlatformInitiator - HHH000489: No JTA platform available (set 'hibernate.transaction.jta.platform' to enable JTA platform integration)
2026-09-06 12:32:38.209 [Test worker] INFO  o.s.o.j.LocalContainerEntityManagerFactoryBean - Initialized JPA EntityManagerFactory for persistence unit 'postgres'
2026-09-06 12:32:38.881 [Test worker] WARN  o.s.b.a.o.j.JpaBaseConfiguration$JpaWebConfiguration - spring.jpa.open-in-view is enabled by default. Therefore, database queries may be performed during view rendering. Explicitly configure spring.jpa.open-in-view to disable this warning
2026-09-06 12:32:39.447 [Test worker] INFO  n.d.b.g.s.a.GrpcServerFactoryAutoConfiguration - Detected grpc-netty-shaded: Creating ShadedNettyGrpcServerFactory
2026-09-06 12:32:39.757 [Test worker] INFO  o.a.coyote.http11.Http11NioProtocol - Starting ProtocolHandler ["http-nio-8081"]
2026-09-06 12:32:39.786 [Test worker] INFO  o.s.b.w.e.tomcat.TomcatWebServer - Tomcat started on port 8081 (http) with context path '/'
2026-09-06 12:32:39.937 [Test worker] INFO  n.d.b.g.s.s.AbstractGrpcServerFactory - Registered gRPC service: ru.itone.illya4gurenko.grpc.FileUploadService, bean: fileUploadGrpcService, class: ru.itone.illya4gurenko.publisher_change_food_card.controller.FileUploadGrpcService
2026-09-06 12:32:39.938 [Test worker] INFO  n.d.b.g.s.s.AbstractGrpcServerFactory - Registered gRPC service: grpc.health.v1.Health, bean: grpcHealthService, class: io.grpc.protobuf.services.HealthServiceImpl
2026-09-06 12:32:39.938 [Test worker] INFO  n.d.b.g.s.s.AbstractGrpcServerFactory - Registered gRPC service: grpc.reflection.v1alpha.ServerReflection, bean: protoReflectionService, class: io.grpc.protobuf.services.ProtoReflectionService
2026-09-06 12:32:40.156 [Test worker] INFO  n.d.b.g.s.s.GrpcServerLifecycle - gRPC Server started, listening on address: *, port: 9090
2026-09-06 12:32:40.173 [Test worker] INFO  r.i.i.p.local.SystemDirTest - Started SystemDirTest in 9.302 seconds (process running for 42.421)
2026-09-06 12:32:41.124 [Test worker] INFO  r.i.i.p.service.CheckDirService - service get new file: Z001002.VALID_ENROLL2.298
2026-09-06 12:32:41.128 [Test worker] INFO  r.i.i.p.service.ProcessFileService - start process file: Z001002.VALID_ENROLL2.298
2026-09-06 12:32:41.132 [Test worker] INFO  r.i.i.p.service.GenerateDirService - create 3 state directory
2026-09-06 12:32:41.135 [Test worker] INFO  r.i.i.p.service.GenerateDirService - file: Z001002.VALID_ENROLL2.298 move to in-progress
2026-09-06 12:32:41.139 [Test worker] INFO  r.i.i.p.s.visitor.EnrollVisitor - title: Z001002.VALID_ENROLL2.298 is valid
2026-09-06 12:32:41.383 [Test worker] INFO  r.i.i.p.service.GenerateDirService - create 3 state directory
2026-09-06 12:32:41.384 [Test worker] INFO  r.i.i.p.service.GenerateDirService - file: Z001002.VALID_ENROLL2.298 move to success
2026-09-06 12:32:41.384 [Test worker] INFO  r.i.i.p.service.ProcessFileService - file: Z001002.VALID_ENROLL2.298 move in success
2026-09-06 12:32:41.909 [Test worker] INFO  r.i.i.p.service.CheckDirService - service get new file: Z001002.ERRORCOUNT_ENROLL1.298
2026-09-06 12:32:41.913 [Test worker] INFO  r.i.i.p.service.ProcessFileService - start process file: Z001002.ERRORCOUNT_ENROLL1.298
2026-09-06 12:32:41.915 [Test worker] INFO  r.i.i.p.service.GenerateDirService - create 3 state directory
2026-09-06 12:32:41.916 [Test worker] INFO  r.i.i.p.service.GenerateDirService - file: Z001002.ERRORCOUNT_ENROLL1.298 move to in-progress
2026-09-06 12:32:41.918 [Test worker] INFO  r.i.i.p.s.visitor.EnrollVisitor - title: Z001002.ERRORCOUNT_ENROLL1.298 is valid
2026-09-06 12:32:41.946 [Test worker] WARN  r.i.i.p.s.visitor.EnrollVisitor - invalid trailer: T                  10
2026-09-06 12:32:41.960 [Test worker] WARN  r.i.i.p.service.ProcessFileService - Validation failed for file Z001002.ERRORCOUNT_ENROLL1.298: File contains validation errors
2026-09-06 12:32:41.989 [Test worker] WARN  r.i.i.p.service.CheckDirService - File Z001002.ERRORCOUNT_ENROLL1.298 processing completed with error: No EntityManager with actual transaction available for current thread - cannot reliably process 'remove' call
2026-09-06 12:32:42.091 [Test worker] INFO  r.i.i.p.service.CheckDirService - service get new file: Z001002.VALID_ENROLL2.298
2026-09-06 12:32:42.094 [Test worker] INFO  r.i.i.p.service.ProcessFileService - start process file: Z001002.VALID_ENROLL2.298
2026-09-06 12:32:42.095 [Test worker] INFO  r.i.i.p.service.GenerateDirService - create 3 state directory
2026-09-06 12:32:42.097 [Test worker] INFO  r.i.i.p.service.GenerateDirService - file: Z001002.VALID_ENROLL2.298 move to in-progress
2026-09-06 12:32:42.099 [Test worker] INFO  r.i.i.p.s.visitor.EnrollVisitor - title: Z001002.VALID_ENROLL2.298 is valid
2026-09-06 12:32:42.144 [Test worker] INFO  r.i.i.p.service.GenerateDirService - create 3 state directory
2026-09-06 12:32:42.145 [Test worker] INFO  r.i.i.p.service.GenerateDirService - file: Z001002.VALID_ENROLL2.298 move to success
2026-09-06 12:32:42.146 [Test worker] INFO  r.i.i.p.service.ProcessFileService - file: Z001002.VALID_ENROLL2.298 move in success
2026-09-06 12:32:42.223 [Test worker] INFO  r.i.i.p.service.CheckDirService - service get new file: Z001002.VALIDINTIME_ENROLL2.298
2026-09-06 12:32:42.227 [Test worker] INFO  r.i.i.p.service.ProcessFileService - start process file: Z001002.VALIDINTIME_ENROLL2.298
2026-09-06 12:32:42.228 [Test worker] INFO  r.i.i.p.service.GenerateDirService - create 3 state directory
2026-09-06 12:32:42.229 [Test worker] INFO  r.i.i.p.service.GenerateDirService - file: Z001002.VALIDINTIME_ENROLL2.298 move to in-progress
2026-09-06 12:32:42.231 [Test worker] INFO  r.i.i.p.s.visitor.EnrollVisitor - title: Z001002.VALIDINTIME_ENROLL2.298 is valid
2026-09-06 12:32:42.294 [Test worker] INFO  r.i.i.p.service.GenerateDirService - create 3 state directory
2026-09-06 12:32:42.295 [Test worker] INFO  r.i.i.p.service.GenerateDirService - file: Z001002.VALIDINTIME_ENROLL2.298 move to success
2026-09-06 12:32:42.295 [Test worker] INFO  r.i.i.p.service.ProcessFileService - file: Z001002.VALIDINTIME_ENROLL2.298 move in success
2026-09-06 12:32:42.621 [SpringApplicationShutdownHook] INFO  n.d.b.g.s.s.GrpcServerLifecycle - Completed gRPC server shutdown
2026-09-06 12:32:42.643 [SpringApplicationShutdownHook] INFO  o.s.o.j.LocalContainerEntityManagerFactoryBean - Closing JPA EntityManagerFactory for persistence unit 'postgres'
2026-09-06 12:32:42.644 [SpringApplicationShutdownHook] INFO  com.zaxxer.hikari.HikariDataSource - HikariPool-2 - Shutdown initiated...
2026-09-06 12:32:42.655 [SpringApplicationShutdownHook] INFO  com.zaxxer.hikari.HikariDataSource - HikariPool-2 - Shutdown completed.
2026-09-06 12:32:42.656 [SpringApplicationShutdownHook] INFO  o.s.o.j.LocalContainerEntityManagerFactoryBean - Closing JPA EntityManagerFactory for persistence unit 'oracle'
2026-09-06 12:32:42.658 [SpringApplicationShutdownHook] INFO  com.zaxxer.hikari.HikariDataSource - HikariPool-1 - Shutdown initiated...
2026-09-06 12:32:42.700 [SpringApplicationShutdownHook] INFO  com.zaxxer.hikari.HikariDataSource - HikariPool-1 - Shutdown completed.
2026-09-06 12:33:07.284 [background-preinit] INFO  o.h.validator.internal.util.Version - HV000001: Hibernate Validator 8.0.1.Final
2026-09-06 12:33:07.349 [main] INFO  r.i.i.p.PublisherChangeFoodCardApplication - Starting PublisherChangeFoodCardApplication using Java 21.0.9 with PID 15048 (D:\gpb_tasks\publisher-change-food-card\build\classes\java\main started by USER in D:\gpb_tasks\publisher-change-food-card)
2026-09-06 12:33:07.350 [main] INFO  r.i.i.p.PublisherChangeFoodCardApplication - No active profile set, falling back to 1 default profile: "default"
2026-09-06 12:33:08.099 [main] INFO  o.s.d.r.c.RepositoryConfigurationDelegate - Bootstrapping Spring Data JPA repositories in DEFAULT mode.
2026-09-06 12:33:08.160 [main] INFO  o.s.d.r.c.RepositoryConfigurationDelegate - Finished Spring Data repository scanning in 50 ms. Found 1 JPA repository interface.
2026-09-06 12:33:08.162 [main] INFO  o.s.d.r.c.RepositoryConfigurationDelegate - Bootstrapping Spring Data JPA repositories in DEFAULT mode.
2026-09-06 12:33:08.174 [main] INFO  o.s.d.r.c.RepositoryConfigurationDelegate - Finished Spring Data repository scanning in 12 ms. Found 3 JPA repository interfaces.
2026-09-06 12:33:09.247 [main] INFO  o.s.b.w.e.tomcat.TomcatWebServer - Tomcat initialized with port 8081 (http)
2026-09-06 12:33:09.264 [main] INFO  o.a.coyote.http11.Http11NioProtocol - Initializing ProtocolHandler ["http-nio-8081"]
2026-09-06 12:33:09.267 [main] INFO  o.a.catalina.core.StandardService - Starting service [Tomcat]
2026-09-06 12:33:09.268 [main] INFO  o.a.catalina.core.StandardEngine - Starting Servlet engine: [Apache Tomcat/10.1.26]
2026-09-06 12:33:09.348 [main] INFO  o.a.c.c.C.[Tomcat].[localhost].[/] - Initializing Spring embedded WebApplicationContext
2026-09-06 12:33:09.348 [main] INFO  o.s.b.w.s.c.ServletWebServerApplicationContext - Root WebApplicationContext: initialization completed in 1939 ms
2026-09-06 12:33:09.718 [main] INFO  o.h.jpa.internal.util.LogHelper - HHH000204: Processing PersistenceUnitInfo [name: oracle]
2026-09-06 12:33:09.783 [main] INFO  org.hibernate.Version - HHH000412: Hibernate ORM core version 6.5.2.Final
2026-09-06 12:33:09.827 [main] INFO  o.h.c.i.RegionFactoryInitiator - HHH000026: Second-level cache disabled
2026-09-06 12:33:10.360 [main] INFO  o.s.o.j.p.SpringPersistenceUnitInfo - No LoadTimeWeaver setup: ignoring JPA class transformer
2026-09-06 12:33:10.399 [main] INFO  com.zaxxer.hikari.HikariDataSource - HikariPool-1 - Starting...
2026-09-06 12:33:11.621 [main] WARN  o.h.e.j.e.i.JdbcEnvironmentInitiator - HHH000342: Could not obtain connection to query metadata
java.lang.NullPointerException: Cannot invoke "org.hibernate.engine.jdbc.spi.SqlExceptionHelper.convert(java.sql.SQLException, String)" because the return value of "org.hibernate.resource.transaction.backend.jdbc.internal.JdbcIsolationDelegate.sqlExceptionHelper()" is null
	at org.hibernate.resource.transaction.backend.jdbc.internal.JdbcIsolationDelegate.delegateWork(JdbcIsolationDelegate.java:116)
	at org.hibernate.engine.jdbc.env.internal.JdbcEnvironmentInitiator.getJdbcEnvironmentUsingJdbcMetadata(JdbcEnvironmentInitiator.java:290)
	at org.hibernate.engine.jdbc.env.internal.JdbcEnvironmentInitiator.initiateService(JdbcEnvironmentInitiator.java:123)
	at org.hibernate.engine.jdbc.env.internal.JdbcEnvironmentInitiator.initiateService(JdbcEnvironmentInitiator.java:77)
	at org.hibernate.boot.registry.internal.StandardServiceRegistryImpl.initiateService(StandardServiceRegistryImpl.java:130)
	at org.hibernate.service.internal.AbstractServiceRegistryImpl.createService(AbstractServiceRegistryImpl.java:263)
	at org.hibernate.service.internal.AbstractServiceRegistryImpl.initializeService(AbstractServiceRegistryImpl.java:238)
	at org.hibernate.service.internal.AbstractServiceRegistryImpl.getService(AbstractServiceRegistryImpl.java:215)
	at org.hibernate.boot.model.relational.Database.<init>(Database.java:45)
	at org.hibernate.boot.internal.InFlightMetadataCollectorImpl.getDatabase(InFlightMetadataCollectorImpl.java:221)
	at org.hibernate.boot.internal.InFlightMetadataCollectorImpl.<init>(InFlightMetadataCollectorImpl.java:189)
	at org.hibernate.boot.model.process.spi.MetadataBuildingProcess.complete(MetadataBuildingProcess.java:171)
	at org.hibernate.jpa.boot.internal.EntityManagerFactoryBuilderImpl.metadata(EntityManagerFactoryBuilderImpl.java:1431)
	at org.hibernate.jpa.boot.internal.EntityManagerFactoryBuilderImpl.build(EntityManagerFactoryBuilderImpl.java:1502)
	at org.springframework.orm.jpa.vendor.SpringHibernateJpaPersistenceProvider.createContainerEntityManagerFactory(SpringHibernateJpaPersistenceProvider.java:75)
	at org.springframework.orm.jpa.LocalContainerEntityManagerFactoryBean.createNativeEntityManagerFactory(LocalContainerEntityManagerFactoryBean.java:390)
	at org.springframework.orm.jpa.AbstractEntityManagerFactoryBean.buildNativeEntityManagerFactory(AbstractEntityManagerFactoryBean.java:409)
	at org.springframework.orm.jpa.AbstractEntityManagerFactoryBean.afterPropertiesSet(AbstractEntityManagerFactoryBean.java:396)
	at org.springframework.orm.jpa.LocalContainerEntityManagerFactoryBean.afterPropertiesSet(LocalContainerEntityManagerFactoryBean.java:366)
	at org.springframework.beans.factory.support.AbstractAutowireCapableBeanFactory.invokeInitMethods(AbstractAutowireCapableBeanFactory.java:1853)
	at org.springframework.beans.factory.support.AbstractAutowireCapableBeanFactory.initializeBean(AbstractAutowireCapableBeanFactory.java:1802)
	at org.springframework.beans.factory.support.AbstractAutowireCapableBeanFactory.doCreateBean(AbstractAutowireCapableBeanFactory.java:600)
	at org.springframework.beans.factory.support.AbstractAutowireCapableBeanFactory.createBean(AbstractAutowireCapableBeanFactory.java:522)
	at org.springframework.beans.factory.support.AbstractBeanFactory.lambda$doGetBean$0(AbstractBeanFactory.java:337)
	at org.springframework.beans.factory.support.DefaultSingletonBeanRegistry.getSingleton(DefaultSingletonBeanRegistry.java:234)
	at org.springframework.beans.factory.support.AbstractBeanFactory.doGetBean(AbstractBeanFactory.java:335)
	at org.springframework.beans.factory.support.AbstractBeanFactory.getBean(AbstractBeanFactory.java:205)
	at org.springframework.context.support.AbstractApplicationContext.finishBeanFactoryInitialization(AbstractApplicationContext.java:954)
	at org.springframework.context.support.AbstractApplicationContext.refresh(AbstractApplicationContext.java:625)
	at org.springframework.boot.web.servlet.context.ServletWebServerApplicationContext.refresh(ServletWebServerApplicationContext.java:146)
	at org.springframework.boot.SpringApplication.refresh(SpringApplication.java:754)
	at org.springframework.boot.SpringApplication.refreshContext(SpringApplication.java:456)
	at org.springframework.boot.SpringApplication.run(SpringApplication.java:335)
	at org.springframework.boot.SpringApplication.run(SpringApplication.java:1363)
	at org.springframework.boot.SpringApplication.run(SpringApplication.java:1352)
	at ru.itone.illya4gurenko.publisher_change_food_card.PublisherChangeFoodCardApplication.main(PublisherChangeFoodCardApplication.java:14)
2026-09-06 12:33:11.642 [main] WARN  org.hibernate.orm.deprecation - HHH90000025: OracleDialect does not need to be specified explicitly using 'hibernate.dialect' (remove the property setting and it will be selected by default)
2026-09-06 12:33:12.561 [main] INFO  o.h.e.t.j.p.i.JtaPlatformInitiator - HHH000489: No JTA platform available (set 'hibernate.transaction.jta.platform' to enable JTA platform integration)
2026-09-06 12:33:12.563 [main] INFO  o.s.o.j.LocalContainerEntityManagerFactoryBean - Initialized JPA EntityManagerFactory for persistence unit 'oracle'
2026-09-06 12:33:12.579 [main] INFO  o.h.jpa.internal.util.LogHelper - HHH000204: Processing PersistenceUnitInfo [name: postgres]
2026-09-06 12:33:12.581 [main] INFO  o.h.c.i.RegionFactoryInitiator - HHH000026: Second-level cache disabled
2026-09-06 12:33:12.621 [main] INFO  o.s.o.j.p.SpringPersistenceUnitInfo - No LoadTimeWeaver setup: ignoring JPA class transformer
2026-09-06 12:33:12.622 [main] INFO  com.zaxxer.hikari.HikariDataSource - HikariPool-2 - Starting...
2026-09-06 12:33:13.664 [main] WARN  o.h.e.j.e.i.JdbcEnvironmentInitiator - HHH000342: Could not obtain connection to query metadata
java.lang.NullPointerException: Cannot invoke "org.hibernate.engine.jdbc.spi.SqlExceptionHelper.convert(java.sql.SQLException, String)" because the return value of "org.hibernate.resource.transaction.backend.jdbc.internal.JdbcIsolationDelegate.sqlExceptionHelper()" is null
	at org.hibernate.resource.transaction.backend.jdbc.internal.JdbcIsolationDelegate.delegateWork(JdbcIsolationDelegate.java:116)
	at org.hibernate.engine.jdbc.env.internal.JdbcEnvironmentInitiator.getJdbcEnvironmentUsingJdbcMetadata(JdbcEnvironmentInitiator.java:290)
	at org.hibernate.engine.jdbc.env.internal.JdbcEnvironmentInitiator.initiateService(JdbcEnvironmentInitiator.java:123)
	at org.hibernate.engine.jdbc.env.internal.JdbcEnvironmentInitiator.initiateService(JdbcEnvironmentInitiator.java:77)
	at org.hibernate.boot.registry.internal.StandardServiceRegistryImpl.initiateService(StandardServiceRegistryImpl.java:130)
	at org.hibernate.service.internal.AbstractServiceRegistryImpl.createService(AbstractServiceRegistryImpl.java:263)
	at org.hibernate.service.internal.AbstractServiceRegistryImpl.initializeService(AbstractServiceRegistryImpl.java:238)
	at org.hibernate.service.internal.AbstractServiceRegistryImpl.getService(AbstractServiceRegistryImpl.java:215)
	at org.hibernate.boot.model.relational.Database.<init>(Database.java:45)
	at org.hibernate.boot.internal.InFlightMetadataCollectorImpl.getDatabase(InFlightMetadataCollectorImpl.java:221)
	at org.hibernate.boot.internal.InFlightMetadataCollectorImpl.<init>(InFlightMetadataCollectorImpl.java:189)
	at org.hibernate.boot.model.process.spi.MetadataBuildingProcess.complete(MetadataBuildingProcess.java:171)
	at org.hibernate.jpa.boot.internal.EntityManagerFactoryBuilderImpl.metadata(EntityManagerFactoryBuilderImpl.java:1431)
	at org.hibernate.jpa.boot.internal.EntityManagerFactoryBuilderImpl.build(EntityManagerFactoryBuilderImpl.java:1502)
	at org.springframework.orm.jpa.vendor.SpringHibernateJpaPersistenceProvider.createContainerEntityManagerFactory(SpringHibernateJpaPersistenceProvider.java:75)
	at org.springframework.orm.jpa.LocalContainerEntityManagerFactoryBean.createNativeEntityManagerFactory(LocalContainerEntityManagerFactoryBean.java:390)
	at org.springframework.orm.jpa.AbstractEntityManagerFactoryBean.buildNativeEntityManagerFactory(AbstractEntityManagerFactoryBean.java:409)
	at org.springframework.orm.jpa.AbstractEntityManagerFactoryBean.afterPropertiesSet(AbstractEntityManagerFactoryBean.java:396)
	at org.springframework.orm.jpa.LocalContainerEntityManagerFactoryBean.afterPropertiesSet(LocalContainerEntityManagerFactoryBean.java:366)
	at org.springframework.beans.factory.support.AbstractAutowireCapableBeanFactory.invokeInitMethods(AbstractAutowireCapableBeanFactory.java:1853)
	at org.springframework.beans.factory.support.AbstractAutowireCapableBeanFactory.initializeBean(AbstractAutowireCapableBeanFactory.java:1802)
	at org.springframework.beans.factory.support.AbstractAutowireCapableBeanFactory.doCreateBean(AbstractAutowireCapableBeanFactory.java:600)
	at org.springframework.beans.factory.support.AbstractAutowireCapableBeanFactory.createBean(AbstractAutowireCapableBeanFactory.java:522)
	at org.springframework.beans.factory.support.AbstractBeanFactory.lambda$doGetBean$0(AbstractBeanFactory.java:337)
	at org.springframework.beans.factory.support.DefaultSingletonBeanRegistry.getSingleton(DefaultSingletonBeanRegistry.java:234)
	at org.springframework.beans.factory.support.AbstractBeanFactory.doGetBean(AbstractBeanFactory.java:335)
	at org.springframework.beans.factory.support.AbstractBeanFactory.getBean(AbstractBeanFactory.java:205)
	at org.springframework.context.support.AbstractApplicationContext.finishBeanFactoryInitialization(AbstractApplicationContext.java:954)
	at org.springframework.context.support.AbstractApplicationContext.refresh(AbstractApplicationContext.java:625)
	at org.springframework.boot.web.servlet.context.ServletWebServerApplicationContext.refresh(ServletWebServerApplicationContext.java:146)
	at org.springframework.boot.SpringApplication.refresh(SpringApplication.java:754)
	at org.springframework.boot.SpringApplication.refreshContext(SpringApplication.java:456)
	at org.springframework.boot.SpringApplication.run(SpringApplication.java:335)
	at org.springframework.boot.SpringApplication.run(SpringApplication.java:1363)
	at org.springframework.boot.SpringApplication.run(SpringApplication.java:1352)
	at ru.itone.illya4gurenko.publisher_change_food_card.PublisherChangeFoodCardApplication.main(PublisherChangeFoodCardApplication.java:14)
2026-09-06 12:33:13.668 [main] WARN  org.hibernate.orm.deprecation - HHH90000025: PostgreSQLDialect does not need to be specified explicitly using 'hibernate.dialect' (remove the property setting and it will be selected by default)
2026-09-06 12:33:13.885 [main] INFO  o.h.e.t.j.p.i.JtaPlatformInitiator - HHH000489: No JTA platform available (set 'hibernate.transaction.jta.platform' to enable JTA platform integration)
2026-09-06 12:33:13.885 [main] INFO  o.s.o.j.LocalContainerEntityManagerFactoryBean - Initialized JPA EntityManagerFactory for persistence unit 'postgres'
2026-09-06 12:33:14.484 [main] WARN  o.s.b.a.o.j.JpaBaseConfiguration$JpaWebConfiguration - spring.jpa.open-in-view is enabled by default. Therefore, database queries may be performed during view rendering. Explicitly configure spring.jpa.open-in-view to disable this warning
2026-09-06 12:33:14.920 [main] INFO  n.d.b.g.s.a.GrpcServerFactoryAutoConfiguration - Detected grpc-netty-shaded: Creating ShadedNettyGrpcServerFactory
2026-09-06 12:33:15.138 [main] INFO  o.a.coyote.http11.Http11NioProtocol - Starting ProtocolHandler ["http-nio-8081"]
2026-09-06 12:33:15.150 [main] INFO  o.s.b.w.e.tomcat.TomcatWebServer - Tomcat started on port 8081 (http) with context path '/'
2026-09-06 12:33:15.224 [main] INFO  n.d.b.g.s.s.AbstractGrpcServerFactory - Registered gRPC service: ru.itone.illya4gurenko.grpc.FileUploadService, bean: fileUploadGrpcService, class: ru.itone.illya4gurenko.publisher_change_food_card.controller.FileUploadGrpcService
2026-09-06 12:33:15.224 [main] INFO  n.d.b.g.s.s.AbstractGrpcServerFactory - Registered gRPC service: grpc.health.v1.Health, bean: grpcHealthService, class: io.grpc.protobuf.services.HealthServiceImpl
2026-09-06 12:33:15.224 [main] INFO  n.d.b.g.s.s.AbstractGrpcServerFactory - Registered gRPC service: grpc.reflection.v1alpha.ServerReflection, bean: protoReflectionService, class: io.grpc.protobuf.services.ProtoReflectionService
2026-09-06 12:33:15.369 [main] INFO  n.d.b.g.s.s.GrpcServerLifecycle - gRPC Server started, listening on address: *, port: 9090
2026-09-06 12:33:15.387 [main] INFO  r.i.i.p.PublisherChangeFoodCardApplication - Started PublisherChangeFoodCardApplication in 8.799 seconds (process running for 9.529)
2026-09-06 12:33:18.530 [SpringApplicationShutdownHook] INFO  n.d.b.g.s.s.GrpcServerLifecycle - Completed gRPC server shutdown
2026-09-06 12:33:18.544 [SpringApplicationShutdownHook] INFO  o.s.o.j.LocalContainerEntityManagerFactoryBean - Closing JPA EntityManagerFactory for persistence unit 'postgres'
2026-09-06 12:33:18.545 [SpringApplicationShutdownHook] INFO  o.s.o.j.LocalContainerEntityManagerFactoryBean - Closing JPA EntityManagerFactory for persistence unit 'oracle'
2026-09-06 12:33:43.951 [background-preinit] INFO  o.h.validator.internal.util.Version - HV000001: Hibernate Validator 8.0.1.Final
2026-09-06 12:33:44.023 [main] INFO  r.i.i.p.PublisherChangeFoodCardApplication - Starting PublisherChangeFoodCardApplication using Java 21.0.9 with PID 12992 (D:\gpb_tasks\publisher-change-food-card\build\classes\java\main started by USER in D:\gpb_tasks\publisher-change-food-card)
2026-09-06 12:33:44.026 [main] INFO  r.i.i.p.PublisherChangeFoodCardApplication - No active profile set, falling back to 1 default profile: "default"
2026-09-06 12:33:44.871 [main] INFO  o.s.d.r.c.RepositoryConfigurationDelegate - Bootstrapping Spring Data JPA repositories in DEFAULT mode.
2026-09-06 12:33:44.940 [main] INFO  o.s.d.r.c.RepositoryConfigurationDelegate - Finished Spring Data repository scanning in 55 ms. Found 1 JPA repository interface.
2026-09-06 12:33:44.942 [main] INFO  o.s.d.r.c.RepositoryConfigurationDelegate - Bootstrapping Spring Data JPA repositories in DEFAULT mode.
2026-09-06 12:33:44.958 [main] INFO  o.s.d.r.c.RepositoryConfigurationDelegate - Finished Spring Data repository scanning in 16 ms. Found 3 JPA repository interfaces.
2026-09-06 12:33:46.035 [main] INFO  o.s.b.w.e.tomcat.TomcatWebServer - Tomcat initialized with port 8081 (http)
2026-09-06 12:33:46.050 [main] INFO  o.a.coyote.http11.Http11NioProtocol - Initializing ProtocolHandler ["http-nio-8081"]
2026-09-06 12:33:46.060 [main] INFO  o.a.catalina.core.StandardService - Starting service [Tomcat]
2026-09-06 12:33:46.061 [main] INFO  o.a.catalina.core.StandardEngine - Starting Servlet engine: [Apache Tomcat/10.1.26]
2026-09-06 12:33:46.167 [main] INFO  o.a.c.c.C.[Tomcat].[localhost].[/] - Initializing Spring embedded WebApplicationContext
2026-09-06 12:33:46.168 [main] INFO  o.s.b.w.s.c.ServletWebServerApplicationContext - Root WebApplicationContext: initialization completed in 2084 ms
2026-09-06 12:33:46.661 [main] INFO  o.h.jpa.internal.util.LogHelper - HHH000204: Processing PersistenceUnitInfo [name: oracle]
2026-09-06 12:33:46.745 [main] INFO  org.hibernate.Version - HHH000412: Hibernate ORM core version 6.5.2.Final
2026-09-06 12:33:46.799 [main] INFO  o.h.c.i.RegionFactoryInitiator - HHH000026: Second-level cache disabled
2026-09-06 12:33:47.383 [main] INFO  o.s.o.j.p.SpringPersistenceUnitInfo - No LoadTimeWeaver setup: ignoring JPA class transformer
2026-09-06 12:33:47.422 [main] INFO  com.zaxxer.hikari.HikariDataSource - HikariPool-1 - Starting...
2026-09-06 12:33:47.830 [main] INFO  com.zaxxer.hikari.pool.HikariPool - HikariPool-1 - Added connection oracle.jdbc.driver.T4CConnection@51d88c38
2026-09-06 12:33:47.831 [main] INFO  com.zaxxer.hikari.HikariDataSource - HikariPool-1 - Start completed.
2026-09-06 12:33:47.942 [main] WARN  org.hibernate.dialect.Dialect - HHH000511: The 11.2.0 version for [org.hibernate.dialect.OracleDialect] is no longer supported, hence certain features may not work properly. The minimum supported version is 19.0.0. Check the community dialects project for available legacy versions.
2026-09-06 12:33:47.947 [main] WARN  org.hibernate.orm.deprecation - HHH90000025: OracleDialect does not need to be specified explicitly using 'hibernate.dialect' (remove the property setting and it will be selected by default)
2026-09-06 12:33:49.031 [main] INFO  o.h.e.t.j.p.i.JtaPlatformInitiator - HHH000489: No JTA platform available (set 'hibernate.transaction.jta.platform' to enable JTA platform integration)
2026-09-06 12:33:49.035 [main] INFO  o.s.o.j.LocalContainerEntityManagerFactoryBean - Initialized JPA EntityManagerFactory for persistence unit 'oracle'
2026-09-06 12:33:49.050 [main] INFO  o.h.jpa.internal.util.LogHelper - HHH000204: Processing PersistenceUnitInfo [name: postgres]
2026-09-06 12:33:49.054 [main] INFO  o.h.c.i.RegionFactoryInitiator - HHH000026: Second-level cache disabled
2026-09-06 12:33:49.089 [main] INFO  o.s.o.j.p.SpringPersistenceUnitInfo - No LoadTimeWeaver setup: ignoring JPA class transformer
2026-09-06 12:33:49.090 [main] INFO  com.zaxxer.hikari.HikariDataSource - HikariPool-2 - Starting...
2026-09-06 12:33:49.298 [main] INFO  com.zaxxer.hikari.pool.HikariPool - HikariPool-2 - Added connection org.postgresql.jdbc.PgConnection@384cd83a
2026-09-06 12:33:49.298 [main] INFO  com.zaxxer.hikari.HikariDataSource - HikariPool-2 - Start completed.
2026-09-06 12:33:49.329 [main] WARN  org.hibernate.orm.deprecation - HHH90000025: PostgreSQLDialect does not need to be specified explicitly using 'hibernate.dialect' (remove the property setting and it will be selected by default)
2026-09-06 12:33:49.639 [main] INFO  o.h.e.t.j.p.i.JtaPlatformInitiator - HHH000489: No JTA platform available (set 'hibernate.transaction.jta.platform' to enable JTA platform integration)
2026-09-06 12:33:49.640 [main] INFO  o.s.o.j.LocalContainerEntityManagerFactoryBean - Initialized JPA EntityManagerFactory for persistence unit 'postgres'
2026-09-06 12:33:50.238 [main] WARN  o.s.b.a.o.j.JpaBaseConfiguration$JpaWebConfiguration - spring.jpa.open-in-view is enabled by default. Therefore, database queries may be performed during view rendering. Explicitly configure spring.jpa.open-in-view to disable this warning
2026-09-06 12:33:50.630 [main] INFO  n.d.b.g.s.a.GrpcServerFactoryAutoConfiguration - Detected grpc-netty-shaded: Creating ShadedNettyGrpcServerFactory
2026-09-06 12:33:50.862 [main] INFO  o.a.coyote.http11.Http11NioProtocol - Starting ProtocolHandler ["http-nio-8081"]
2026-09-06 12:33:50.877 [main] INFO  o.s.b.w.e.tomcat.TomcatWebServer - Tomcat started on port 8081 (http) with context path '/'
2026-09-06 12:33:50.973 [main] INFO  n.d.b.g.s.s.AbstractGrpcServerFactory - Registered gRPC service: ru.itone.illya4gurenko.grpc.FileUploadService, bean: fileUploadGrpcService, class: ru.itone.illya4gurenko.publisher_change_food_card.controller.FileUploadGrpcService
2026-09-06 12:33:50.973 [main] INFO  n.d.b.g.s.s.AbstractGrpcServerFactory - Registered gRPC service: grpc.health.v1.Health, bean: grpcHealthService, class: io.grpc.protobuf.services.HealthServiceImpl
2026-09-06 12:33:50.973 [main] INFO  n.d.b.g.s.s.AbstractGrpcServerFactory - Registered gRPC service: grpc.reflection.v1alpha.ServerReflection, bean: protoReflectionService, class: io.grpc.protobuf.services.ProtoReflectionService
2026-09-06 12:33:51.127 [main] INFO  n.d.b.g.s.s.GrpcServerLifecycle - gRPC Server started, listening on address: *, port: 9090
2026-09-06 12:33:51.142 [main] INFO  r.i.i.p.PublisherChangeFoodCardApplication - Started PublisherChangeFoodCardApplication in 8.077 seconds (process running for 8.651)
2026-09-06 12:34:03.996 [SpringApplicationShutdownHook] INFO  n.d.b.g.s.s.GrpcServerLifecycle - Completed gRPC server shutdown
2026-09-06 12:34:04.009 [SpringApplicationShutdownHook] INFO  o.s.o.j.LocalContainerEntityManagerFactoryBean - Closing JPA EntityManagerFactory for persistence unit 'postgres'
2026-09-06 12:34:04.010 [SpringApplicationShutdownHook] INFO  com.zaxxer.hikari.HikariDataSource - HikariPool-2 - Shutdown initiated...
2026-09-06 12:34:04.018 [SpringApplicationShutdownHook] INFO  com.zaxxer.hikari.HikariDataSource - HikariPool-2 - Shutdown completed.
2026-09-06 12:34:04.019 [SpringApplicationShutdownHook] INFO  o.s.o.j.LocalContainerEntityManagerFactoryBean - Closing JPA EntityManagerFactory for persistence unit 'oracle'
2026-09-06 12:34:04.020 [SpringApplicationShutdownHook] INFO  com.zaxxer.hikari.HikariDataSource - HikariPool-1 - Shutdown initiated...
2026-09-06 12:34:04.044 [SpringApplicationShutdownHook] INFO  com.zaxxer.hikari.HikariDataSource - HikariPool-1 - Shutdown completed.
2026-09-06 12:34:48.453 [background-preinit] INFO  o.h.validator.internal.util.Version - HV000001: Hibernate Validator 8.0.1.Final
2026-09-06 12:34:48.567 [Test worker] INFO  r.i.i.p.local.SystemDirTest - Starting SystemDirTest using Java 21.0.9 with PID 3388 (started by USER in D:\gpb_tasks\publisher-change-food-card)
2026-09-06 12:34:48.570 [Test worker] INFO  r.i.i.p.local.SystemDirTest - No active profile set, falling back to 1 default profile: "default"
2026-09-06 12:34:49.532 [Test worker] INFO  o.s.d.r.c.RepositoryConfigurationDelegate - Bootstrapping Spring Data JPA repositories in DEFAULT mode.
2026-09-06 12:34:49.609 [Test worker] INFO  o.s.d.r.c.RepositoryConfigurationDelegate - Finished Spring Data repository scanning in 56 ms. Found 1 JPA repository interface.
2026-09-06 12:34:49.613 [Test worker] INFO  o.s.d.r.c.RepositoryConfigurationDelegate - Bootstrapping Spring Data JPA repositories in DEFAULT mode.
2026-09-06 12:34:49.625 [Test worker] INFO  o.s.d.r.c.RepositoryConfigurationDelegate - Finished Spring Data repository scanning in 11 ms. Found 3 JPA repository interfaces.
2026-09-06 12:34:50.993 [Test worker] INFO  o.s.b.w.e.tomcat.TomcatWebServer - Tomcat initialized with port 8081 (http)
2026-09-06 12:34:51.017 [Test worker] INFO  o.a.coyote.http11.Http11NioProtocol - Initializing ProtocolHandler ["http-nio-8081"]
2026-09-06 12:34:51.021 [Test worker] INFO  o.a.catalina.core.StandardService - Starting service [Tomcat]
2026-09-06 12:34:51.021 [Test worker] INFO  o.a.catalina.core.StandardEngine - Starting Servlet engine: [Apache Tomcat/10.1.26]
2026-09-06 12:34:51.131 [Test worker] INFO  o.a.c.c.C.[Tomcat].[localhost].[/] - Initializing Spring embedded WebApplicationContext
2026-09-06 12:34:51.132 [Test worker] INFO  o.s.b.w.s.c.ServletWebServerApplicationContext - Root WebApplicationContext: initialization completed in 2518 ms
2026-09-06 12:34:51.406 [Test worker] INFO  o.h.jpa.internal.util.LogHelper - HHH000204: Processing PersistenceUnitInfo [name: oracle]
2026-09-06 12:34:51.510 [Test worker] INFO  org.hibernate.Version - HHH000412: Hibernate ORM core version 6.5.2.Final
2026-09-06 12:34:51.568 [Test worker] INFO  o.h.c.i.RegionFactoryInitiator - HHH000026: Second-level cache disabled
2026-09-06 12:34:52.267 [Test worker] INFO  o.s.o.j.p.SpringPersistenceUnitInfo - No LoadTimeWeaver setup: ignoring JPA class transformer
2026-09-06 12:34:52.331 [Test worker] INFO  com.zaxxer.hikari.HikariDataSource - HikariPool-1 - Starting...
2026-09-06 12:34:52.392 [Test worker] INFO  com.zaxxer.hikari.pool.HikariPool - HikariPool-1 - Added connection oracle.jdbc.driver.T4CConnection@236d8e23
2026-09-06 12:34:52.396 [Test worker] INFO  com.zaxxer.hikari.HikariDataSource - HikariPool-1 - Start completed.
2026-09-06 12:34:52.471 [Test worker] WARN  org.hibernate.dialect.Dialect - HHH000511: The 11.2.0 version for [org.hibernate.dialect.OracleDialect] is no longer supported, hence certain features may not work properly. The minimum supported version is 19.0.0. Check the community dialects project for available legacy versions.
2026-09-06 12:34:52.479 [Test worker] WARN  org.hibernate.orm.deprecation - HHH90000025: OracleDialect does not need to be specified explicitly using 'hibernate.dialect' (remove the property setting and it will be selected by default)
2026-09-06 12:34:54.778 [Test worker] INFO  o.h.e.t.j.p.i.JtaPlatformInitiator - HHH000489: No JTA platform available (set 'hibernate.transaction.jta.platform' to enable JTA platform integration)
2026-09-06 12:34:54.783 [Test worker] INFO  o.s.o.j.LocalContainerEntityManagerFactoryBean - Initialized JPA EntityManagerFactory for persistence unit 'oracle'
2026-09-06 12:34:54.801 [Test worker] INFO  o.h.jpa.internal.util.LogHelper - HHH000204: Processing PersistenceUnitInfo [name: postgres]
2026-09-06 12:34:54.806 [Test worker] INFO  o.h.c.i.RegionFactoryInitiator - HHH000026: Second-level cache disabled
2026-09-06 12:34:54.827 [Test worker] INFO  o.s.o.j.p.SpringPersistenceUnitInfo - No LoadTimeWeaver setup: ignoring JPA class transformer
2026-09-06 12:34:54.829 [Test worker] INFO  com.zaxxer.hikari.HikariDataSource - HikariPool-2 - Starting...
2026-09-06 12:34:54.864 [Test worker] INFO  com.zaxxer.hikari.pool.HikariPool - HikariPool-2 - Added connection org.postgresql.jdbc.PgConnection@37051ba3
2026-09-06 12:34:54.864 [Test worker] INFO  com.zaxxer.hikari.HikariDataSource - HikariPool-2 - Start completed.
2026-09-06 12:34:54.882 [Test worker] WARN  org.hibernate.orm.deprecation - HHH90000025: PostgreSQLDialect does not need to be specified explicitly using 'hibernate.dialect' (remove the property setting and it will be selected by default)
2026-09-06 12:34:55.289 [Test worker] INFO  o.h.e.t.j.p.i.JtaPlatformInitiator - HHH000489: No JTA platform available (set 'hibernate.transaction.jta.platform' to enable JTA platform integration)
2026-09-06 12:34:55.290 [Test worker] INFO  o.s.o.j.LocalContainerEntityManagerFactoryBean - Initialized JPA EntityManagerFactory for persistence unit 'postgres'
2026-09-06 12:34:55.990 [Test worker] WARN  o.s.b.a.o.j.JpaBaseConfiguration$JpaWebConfiguration - spring.jpa.open-in-view is enabled by default. Therefore, database queries may be performed during view rendering. Explicitly configure spring.jpa.open-in-view to disable this warning
2026-09-06 12:34:56.687 [Test worker] INFO  n.d.b.g.s.a.GrpcServerFactoryAutoConfiguration - Detected grpc-netty-shaded: Creating ShadedNettyGrpcServerFactory
2026-09-06 12:34:56.997 [Test worker] INFO  o.a.coyote.http11.Http11NioProtocol - Starting ProtocolHandler ["http-nio-8081"]
2026-09-06 12:34:57.024 [Test worker] INFO  o.s.b.w.e.tomcat.TomcatWebServer - Tomcat started on port 8081 (http) with context path '/'
2026-09-06 12:34:57.160 [Test worker] INFO  n.d.b.g.s.s.AbstractGrpcServerFactory - Registered gRPC service: ru.itone.illya4gurenko.grpc.FileUploadService, bean: fileUploadGrpcService, class: ru.itone.illya4gurenko.publisher_change_food_card.controller.FileUploadGrpcService
2026-09-06 12:34:57.160 [Test worker] INFO  n.d.b.g.s.s.AbstractGrpcServerFactory - Registered gRPC service: grpc.health.v1.Health, bean: grpcHealthService, class: io.grpc.protobuf.services.HealthServiceImpl
2026-09-06 12:34:57.160 [Test worker] INFO  n.d.b.g.s.s.AbstractGrpcServerFactory - Registered gRPC service: grpc.reflection.v1alpha.ServerReflection, bean: protoReflectionService, class: io.grpc.protobuf.services.ProtoReflectionService
2026-09-06 12:34:57.375 [Test worker] INFO  n.d.b.g.s.s.GrpcServerLifecycle - gRPC Server started, listening on address: *, port: 9090
2026-09-06 12:34:57.393 [Test worker] INFO  r.i.i.p.local.SystemDirTest - Started SystemDirTest in 9.764 seconds (process running for 45.126)
2026-09-06 12:34:58.357 [Test worker] INFO  r.i.i.p.service.CheckDirService - service get new file: Z001002.VALID_ENROLL2.298
2026-09-06 12:34:58.365 [Test worker] INFO  r.i.i.p.service.ProcessFileService - start process file: Z001002.VALID_ENROLL2.298
2026-09-06 12:34:58.368 [Test worker] INFO  r.i.i.p.service.GenerateDirService - create 3 state directory
2026-09-06 12:34:58.371 [Test worker] INFO  r.i.i.p.service.GenerateDirService - file: Z001002.VALID_ENROLL2.298 move to in-progress
2026-09-06 12:34:58.377 [Test worker] INFO  r.i.i.p.s.visitor.EnrollVisitor - title: Z001002.VALID_ENROLL2.298 is valid
2026-09-06 12:34:58.624 [Test worker] INFO  r.i.i.p.service.GenerateDirService - create 3 state directory
2026-09-06 12:34:58.625 [Test worker] INFO  r.i.i.p.service.GenerateDirService - file: Z001002.VALID_ENROLL2.298 move to success
2026-09-06 12:34:58.625 [Test worker] INFO  r.i.i.p.service.ProcessFileService - file: Z001002.VALID_ENROLL2.298 move in success
2026-09-06 12:34:59.146 [Test worker] INFO  r.i.i.p.service.CheckDirService - service get new file: Z001002.ERRORCOUNT_ENROLL1.298
2026-09-06 12:34:59.150 [Test worker] INFO  r.i.i.p.service.ProcessFileService - start process file: Z001002.ERRORCOUNT_ENROLL1.298
2026-09-06 12:34:59.152 [Test worker] INFO  r.i.i.p.service.GenerateDirService - create 3 state directory
2026-09-06 12:34:59.153 [Test worker] INFO  r.i.i.p.service.GenerateDirService - file: Z001002.ERRORCOUNT_ENROLL1.298 move to in-progress
2026-09-06 12:34:59.155 [Test worker] INFO  r.i.i.p.s.visitor.EnrollVisitor - title: Z001002.ERRORCOUNT_ENROLL1.298 is valid
2026-09-06 12:34:59.183 [Test worker] WARN  r.i.i.p.s.visitor.EnrollVisitor - invalid trailer: T                  10
2026-09-06 12:34:59.199 [Test worker] WARN  r.i.i.p.service.ProcessFileService - Validation failed for file Z001002.ERRORCOUNT_ENROLL1.298: File contains validation errors
2026-09-06 12:34:59.229 [Test worker] INFO  r.i.i.p.service.GenerateDirService - create 3 state directory
2026-09-06 12:34:59.230 [Test worker] INFO  r.i.i.p.service.GenerateDirService - file: Z001002.ERRORCOUNT_ENROLL1.298 move to error
2026-09-06 12:34:59.231 [Test worker] WARN  r.i.i.p.service.CheckDirService - File Z001002.ERRORCOUNT_ENROLL1.298 processing completed with error: File contains validation errors
2026-09-06 12:34:59.301 [Test worker] INFO  r.i.i.p.service.CheckDirService - service get new file: Z001002.VALID_ENROLL2.298
2026-09-06 12:34:59.307 [Test worker] INFO  r.i.i.p.service.ProcessFileService - start process file: Z001002.VALID_ENROLL2.298
2026-09-06 12:34:59.308 [Test worker] INFO  r.i.i.p.service.GenerateDirService - create 3 state directory
2026-09-06 12:34:59.309 [Test worker] INFO  r.i.i.p.service.GenerateDirService - file: Z001002.VALID_ENROLL2.298 move to in-progress
2026-09-06 12:34:59.311 [Test worker] INFO  r.i.i.p.s.visitor.EnrollVisitor - title: Z001002.VALID_ENROLL2.298 is valid
2026-09-06 12:34:59.354 [Test worker] INFO  r.i.i.p.service.GenerateDirService - create 3 state directory
2026-09-06 12:34:59.355 [Test worker] INFO  r.i.i.p.service.GenerateDirService - file: Z001002.VALID_ENROLL2.298 move to success
2026-09-06 12:34:59.355 [Test worker] INFO  r.i.i.p.service.ProcessFileService - file: Z001002.VALID_ENROLL2.298 move in success
2026-09-06 12:34:59.434 [Test worker] INFO  r.i.i.p.service.CheckDirService - service get new file: Z001002.VALIDINTIME_ENROLL2.298
2026-09-06 12:34:59.440 [Test worker] INFO  r.i.i.p.service.ProcessFileService - start process file: Z001002.VALIDINTIME_ENROLL2.298
2026-09-06 12:34:59.441 [Test worker] INFO  r.i.i.p.service.GenerateDirService - create 3 state directory
2026-09-06 12:34:59.442 [Test worker] INFO  r.i.i.p.service.GenerateDirService - file: Z001002.VALIDINTIME_ENROLL2.298 move to in-progress
2026-09-06 12:34:59.443 [Test worker] INFO  r.i.i.p.s.visitor.EnrollVisitor - title: Z001002.VALIDINTIME_ENROLL2.298 is valid
2026-09-06 12:34:59.503 [Test worker] INFO  r.i.i.p.service.GenerateDirService - create 3 state directory
2026-09-06 12:34:59.504 [Test worker] INFO  r.i.i.p.service.GenerateDirService - file: Z001002.VALIDINTIME_ENROLL2.298 move to success
2026-09-06 12:34:59.504 [Test worker] INFO  r.i.i.p.service.ProcessFileService - file: Z001002.VALIDINTIME_ENROLL2.298 move in success
2026-09-06 12:34:59.531 [Test worker] INFO  o.s.t.c.s.AnnotationConfigContextLoaderUtils - Could not detect default configuration classes for test class [ru.itone.illya4gurenko.publisher_change_food_card.base.ContextLoadsTest]: ContextLoadsTest does not declare any static, non-private, non-final, nested classes annotated with @Configuration.
2026-09-06 12:34:59.541 [Test worker] INFO  o.s.b.t.c.SpringBootTestContextBootstrapper - Found @SpringBootConfiguration ru.itone.illya4gurenko.publisher_change_food_card.PublisherChangeFoodCardApplication for test class ru.itone.illya4gurenko.publisher_change_food_card.base.ContextLoadsTest
2026-09-06 12:34:59.619 [Test worker] INFO  o.s.t.c.s.AnnotationConfigContextLoaderUtils - Could not detect default configuration classes for test class [ru.itone.illya4gurenko.publisher_change_food_card.controller.ChunkedTest]: ChunkedTest does not declare any static, non-private, non-final, nested classes annotated with @Configuration.
2026-09-06 12:34:59.630 [Test worker] INFO  o.s.b.t.c.SpringBootTestContextBootstrapper - Found @SpringBootConfiguration ru.itone.illya4gurenko.publisher_change_food_card.PublisherChangeFoodCardApplication for test class ru.itone.illya4gurenko.publisher_change_food_card.controller.ChunkedTest
2026-09-06 12:34:59.828 [http-nio-8081-exec-1] INFO  o.a.c.c.C.[Tomcat].[localhost].[/] - Initializing Spring DispatcherServlet 'dispatcherServlet'
2026-09-06 12:34:59.829 [http-nio-8081-exec-1] INFO  o.s.web.servlet.DispatcherServlet - Initializing Servlet 'dispatcherServlet'
2026-09-06 12:34:59.830 [http-nio-8081-exec-1] INFO  o.s.web.servlet.DispatcherServlet - Completed initialization in 1 ms
2026-09-06 12:34:59.905 [http-nio-8081-exec-1] INFO  r.i.i.p.service.GenerateDirService - create 3 state directory
2026-09-06 12:34:59.906 [http-nio-8081-exec-1] INFO  r.i.i.p.service.GenerateDirService - file: Z001002.VALID_ENROLL2.298 move to in-progress from controller
2026-09-06 12:34:59.909 [http-nio-8081-exec-1] INFO  r.i.i.p.service.ProcessFileService - start process file: Z001002.VALID_ENROLL2.298
2026-09-06 12:34:59.911 [http-nio-8081-exec-1] INFO  r.i.i.p.s.visitor.EnrollVisitor - title: Z001002.VALID_ENROLL2.298 is valid
2026-09-06 12:34:59.957 [http-nio-8081-exec-1] INFO  r.i.i.p.service.GenerateDirService - create 3 state directory
2026-09-06 12:34:59.958 [http-nio-8081-exec-1] INFO  r.i.i.p.service.GenerateDirService - file: Z001002.VALID_ENROLL2.298 move to success
2026-09-06 12:34:59.959 [http-nio-8081-exec-1] INFO  r.i.i.p.service.ProcessFileService - file: Z001002.VALID_ENROLL2.298 move in success
2026-09-06 12:34:59.959 [http-nio-8081-exec-1] INFO  r.i.i.p.c.FileChunkedController - file: Z001002.VALID_ENROLL2.298 success chunked get
2026-09-06 12:35:00.077 [http-nio-8081-exec-2] INFO  r.i.i.p.service.GenerateDirService - create 3 state directory
2026-09-06 12:35:00.079 [http-nio-8081-exec-2] INFO  r.i.i.p.service.GenerateDirService - file: Z001002.VALIDINTIME_ENROLL2.298 move to in-progress from controller
2026-09-06 12:35:00.082 [http-nio-8081-exec-2] INFO  r.i.i.p.service.ProcessFileService - start process file: Z001002.VALIDINTIME_ENROLL2.298
2026-09-06 12:35:00.084 [http-nio-8081-exec-2] INFO  r.i.i.p.s.visitor.EnrollVisitor - title: Z001002.VALIDINTIME_ENROLL2.298 is valid
2026-09-06 12:35:00.140 [http-nio-8081-exec-2] INFO  r.i.i.p.service.GenerateDirService - create 3 state directory
2026-09-06 12:35:00.141 [http-nio-8081-exec-2] INFO  r.i.i.p.service.GenerateDirService - file: Z001002.VALIDINTIME_ENROLL2.298 move to success
2026-09-06 12:35:00.141 [http-nio-8081-exec-2] INFO  r.i.i.p.service.ProcessFileService - file: Z001002.VALIDINTIME_ENROLL2.298 move in success
2026-09-06 12:35:00.141 [http-nio-8081-exec-2] INFO  r.i.i.p.c.FileChunkedController - file: Z001002.VALIDINTIME_ENROLL2.298 success chunked get
2026-09-06 12:35:00.229 [http-nio-8081-exec-3] INFO  r.i.i.p.service.GenerateDirService - create 3 state directory
2026-09-06 12:35:00.231 [http-nio-8081-exec-3] INFO  r.i.i.p.service.GenerateDirService - file: Z001002.ERRORHEADER_ENROLL2.298 move to in-progress from controller
2026-09-06 12:35:00.235 [http-nio-8081-exec-3] INFO  r.i.i.p.service.ProcessFileService - start process file: Z001002.ERRORHEADER_ENROLL2.298
2026-09-06 12:35:00.237 [http-nio-8081-exec-3] INFO  r.i.i.p.s.visitor.EnrollVisitor - title: Z001002.ERRORHEADER_ENROLL2.298 is valid
2026-09-06 12:35:00.242 [http-nio-8081-exec-3] WARN  r.i.i.p.s.visitor.EnrollVisitor - invalid header: H CORRUPTED_HEADER_DATA_12345
2026-09-06 12:35:00.250 [http-nio-8081-exec-3] WARN  r.i.i.p.s.visitor.EnrollVisitor - invalid header: Иванов Иван Иванович                                                                                40817810099910004321          ZR             1500.50
2026-09-06 12:35:00.261 [http-nio-8081-exec-3] WARN  r.i.i.p.s.visitor.EnrollVisitor - invalid header: T                   1
2026-09-06 12:35:00.272 [http-nio-8081-exec-3] WARN  r.i.i.p.service.ProcessFileService - Validation failed for file Z001002.ERRORHEADER_ENROLL2.298: invalid structure file
2026-09-06 12:35:00.288 [http-nio-8081-exec-3] INFO  r.i.i.p.service.GenerateDirService - create 3 state directory
2026-09-06 12:35:00.289 [http-nio-8081-exec-3] INFO  r.i.i.p.service.GenerateDirService - file: Z001002.ERRORHEADER_ENROLL2.298 move to error
2026-09-06 12:35:00.292 [http-nio-8081-exec-3] ERROR o.a.c.c.C.[.[.[.[dispatcherServlet] - Servlet.service() for servlet [dispatcherServlet] in context with path [] threw exception [Request processing failed: ru.itone.illya4gurenko.publisher_change_food_card.exception.FileValidationException: invalid structure file] with root cause
ru.itone.illya4gurenko.publisher_change_food_card.exception.FileValidationException: invalid structure file
	at ru.itone.illya4gurenko.publisher_change_food_card.service.visitor.EnrollVisitor.visit(EnrollVisitor.java:78)
	at java.base/java.nio.file.FileChannelLinesSpliterator.forEachRemaining(FileChannelLinesSpliterator.java:130)
	at java.base/java.util.stream.ReferencePipeline$Head.forEach(ReferencePipeline.java:762)
	at ru.itone.illya4gurenko.publisher_change_food_card.service.ProcessFileService.process(ProcessFileService.java:56)
	at ru.itone.illya4gurenko.publisher_change_food_card.controller.FileChunkedController.uploadChunkedStream(FileChunkedController.java:49)
	at java.base/jdk.internal.reflect.DirectMethodHandleAccessor.invoke(DirectMethodHandleAccessor.java:103)
	at java.base/java.lang.reflect.Method.invoke(Method.java:580)
	at org.springframework.web.method.support.InvocableHandlerMethod.doInvoke(InvocableHandlerMethod.java:255)
	at org.springframework.web.method.support.InvocableHandlerMethod.invokeForRequest(InvocableHandlerMethod.java:188)
	at org.springframework.web.servlet.mvc.method.annotation.ServletInvocableHandlerMethod.invokeAndHandle(ServletInvocableHandlerMethod.java:118)
	at org.springframework.web.servlet.mvc.method.annotation.RequestMappingHandlerAdapter.invokeHandlerMethod(RequestMappingHandlerAdapter.java:926)
	at org.springframework.web.servlet.mvc.method.annotation.RequestMappingHandlerAdapter.handleInternal(RequestMappingHandlerAdapter.java:831)
	at org.springframework.web.servlet.mvc.method.AbstractHandlerMethodAdapter.handle(AbstractHandlerMethodAdapter.java:87)
	at org.springframework.web.servlet.DispatcherServlet.doDispatch(DispatcherServlet.java:1089)
	at org.springframework.web.servlet.DispatcherServlet.doService(DispatcherServlet.java:979)
	at org.springframework.web.servlet.FrameworkServlet.processRequest(FrameworkServlet.java:1014)
	at org.springframework.web.servlet.FrameworkServlet.doPost(FrameworkServlet.java:914)
	at jakarta.servlet.http.HttpServlet.service(HttpServlet.java:590)
	at org.springframework.web.servlet.FrameworkServlet.service(FrameworkServlet.java:885)
	at jakarta.servlet.http.HttpServlet.service(HttpServlet.java:658)
	at org.apache.catalina.core.ApplicationFilterChain.internalDoFilter(ApplicationFilterChain.java:195)
	at org.apache.catalina.core.ApplicationFilterChain.doFilter(ApplicationFilterChain.java:140)
	at org.apache.tomcat.websocket.server.WsFilter.doFilter(WsFilter.java:51)
	at org.apache.catalina.core.ApplicationFilterChain.internalDoFilter(ApplicationFilterChain.java:164)
	at org.apache.catalina.core.ApplicationFilterChain.doFilter(ApplicationFilterChain.java:140)
	at org.springframework.web.filter.RequestContextFilter.doFilterInternal(RequestContextFilter.java:100)
	at org.springframework.web.filter.OncePerRequestFilter.doFilter(OncePerRequestFilter.java:116)
	at org.apache.catalina.core.ApplicationFilterChain.internalDoFilter(ApplicationFilterChain.java:164)
	at org.apache.catalina.core.ApplicationFilterChain.doFilter(ApplicationFilterChain.java:140)
	at org.springframework.web.filter.FormContentFilter.doFilterInternal(FormContentFilter.java:93)
	at org.springframework.web.filter.OncePerRequestFilter.doFilter(OncePerRequestFilter.java:116)
	at org.apache.catalina.core.ApplicationFilterChain.internalDoFilter(ApplicationFilterChain.java:164)
	at org.apache.catalina.core.ApplicationFilterChain.doFilter(ApplicationFilterChain.java:140)
	at org.springframework.web.filter.CharacterEncodingFilter.doFilterInternal(CharacterEncodingFilter.java:201)
	at org.springframework.web.filter.OncePerRequestFilter.doFilter(OncePerRequestFilter.java:116)
	at org.apache.catalina.core.ApplicationFilterChain.internalDoFilter(ApplicationFilterChain.java:164)
	at org.apache.catalina.core.ApplicationFilterChain.doFilter(ApplicationFilterChain.java:140)
	at org.apache.catalina.core.StandardWrapperValve.invoke(StandardWrapperValve.java:167)
	at org.apache.catalina.core.StandardContextValve.invoke(StandardContextValve.java:90)
	at org.apache.catalina.authenticator.AuthenticatorBase.invoke(AuthenticatorBase.java:483)
	at org.apache.catalina.core.StandardHostValve.invoke(StandardHostValve.java:115)
	at org.apache.catalina.valves.ErrorReportValve.invoke(ErrorReportValve.java:93)
	at org.apache.catalina.core.StandardEngineValve.invoke(StandardEngineValve.java:74)
	at org.apache.catalina.connector.CoyoteAdapter.service(CoyoteAdapter.java:344)
	at org.apache.coyote.http11.Http11Processor.service(Http11Processor.java:389)
	at org.apache.coyote.AbstractProcessorLight.process(AbstractProcessorLight.java:63)
	at org.apache.coyote.AbstractProtocol$ConnectionHandler.process(AbstractProtocol.java:904)
	at org.apache.tomcat.util.net.NioEndpoint$SocketProcessor.doRun(NioEndpoint.java:1741)
	at org.apache.tomcat.util.net.SocketProcessorBase.run(SocketProcessorBase.java:52)
	at org.apache.tomcat.util.threads.ThreadPoolExecutor.runWorker(ThreadPoolExecutor.java:1190)
	at org.apache.tomcat.util.threads.ThreadPoolExecutor$Worker.run(ThreadPoolExecutor.java:659)
	at org.apache.tomcat.util.threads.TaskThread$WrappingRunnable.run(TaskThread.java:63)
	at java.base/java.lang.Thread.run(Thread.java:1583)
2026-09-06 12:35:00.445 [http-nio-8081-exec-4] INFO  r.i.i.p.service.GenerateDirService - create 3 state directory
2026-09-06 12:35:00.447 [http-nio-8081-exec-4] INFO  r.i.i.p.service.GenerateDirService - file: Z001002.VALID_ENROLL2.298 move to in-progress from controller
2026-09-06 12:35:00.451 [http-nio-8081-exec-4] INFO  r.i.i.p.service.ProcessFileService - start process file: Z001002.VALID_ENROLL2.298
2026-09-06 12:35:00.454 [http-nio-8081-exec-4] INFO  r.i.i.p.s.visitor.EnrollVisitor - title: Z001002.VALID_ENROLL2.298 is valid
2026-09-06 12:35:00.512 [http-nio-8081-exec-4] INFO  r.i.i.p.service.GenerateDirService - create 3 state directory
2026-09-06 12:35:00.512 [http-nio-8081-exec-4] INFO  r.i.i.p.service.GenerateDirService - file: Z001002.VALID_ENROLL2.298 move to success
2026-09-06 12:35:00.513 [http-nio-8081-exec-4] INFO  r.i.i.p.service.ProcessFileService - file: Z001002.VALID_ENROLL2.298 move in success
2026-09-06 12:35:00.513 [http-nio-8081-exec-4] INFO  r.i.i.p.c.FileChunkedController - file: Z001002.VALID_ENROLL2.298 success chunked get
2026-09-06 12:35:00.525 [http-nio-8081-exec-5] WARN  r.i.i.p.c.FileChunkedController - file: Z001002.VALID_ENROLL2.298 is exist in db
2026-09-06 12:35:00.535 [Test worker] INFO  o.s.t.c.s.AnnotationConfigContextLoaderUtils - Could not detect default configuration classes for test class [ru.itone.illya4gurenko.publisher_change_food_card.controller.MultipartTest]: MultipartTest does not declare any static, non-private, non-final, nested classes annotated with @Configuration.
2026-09-06 12:35:00.538 [Test worker] INFO  o.s.b.t.c.SpringBootTestContextBootstrapper - Found @SpringBootConfiguration ru.itone.illya4gurenko.publisher_change_food_card.PublisherChangeFoodCardApplication for test class ru.itone.illya4gurenko.publisher_change_food_card.controller.MultipartTest
2026-09-06 12:35:00.651 [http-nio-8081-exec-6] INFO  r.i.i.p.service.GenerateDirService - create 3 state directory
2026-09-06 12:35:00.654 [http-nio-8081-exec-6] INFO  r.i.i.p.service.GenerateDirService - file: Z001002.ERRORCOUNT_ENROLL1.298 move to in-progress from controller
2026-09-06 12:35:00.658 [http-nio-8081-exec-6] INFO  r.i.i.p.service.ProcessFileService - start process file: Z001002.ERRORCOUNT_ENROLL1.298
2026-09-06 12:35:00.659 [http-nio-8081-exec-6] INFO  r.i.i.p.s.visitor.EnrollVisitor - title: Z001002.ERRORCOUNT_ENROLL1.298 is valid
2026-09-06 12:35:00.685 [http-nio-8081-exec-6] WARN  r.i.i.p.s.visitor.EnrollVisitor - invalid trailer: T                  10
2026-09-06 12:35:00.695 [http-nio-8081-exec-6] WARN  r.i.i.p.service.ProcessFileService - Validation failed for file Z001002.ERRORCOUNT_ENROLL1.298: File contains validation errors
2026-09-06 12:35:00.718 [http-nio-8081-exec-6] INFO  r.i.i.p.service.GenerateDirService - create 3 state directory
2026-09-06 12:35:00.719 [http-nio-8081-exec-6] INFO  r.i.i.p.service.GenerateDirService - file: Z001002.ERRORCOUNT_ENROLL1.298 move to error
2026-09-06 12:35:00.721 [http-nio-8081-exec-6] ERROR o.a.c.c.C.[.[.[.[dispatcherServlet] - Servlet.service() for servlet [dispatcherServlet] in context with path [] threw exception [Request processing failed: ru.itone.illya4gurenko.publisher_change_food_card.exception.FileValidationException: File contains validation errors] with root cause
ru.itone.illya4gurenko.publisher_change_food_card.exception.FileValidationException: File contains validation errors
	at ru.itone.illya4gurenko.publisher_change_food_card.service.visitor.EnrollVisitor.visit(EnrollVisitor.java:85)
	at java.base/java.nio.file.FileChannelLinesSpliterator.forEachRemaining(FileChannelLinesSpliterator.java:130)
	at java.base/java.util.stream.ReferencePipeline$Head.forEach(ReferencePipeline.java:762)
	at ru.itone.illya4gurenko.publisher_change_food_card.service.ProcessFileService.process(ProcessFileService.java:56)
	at ru.itone.illya4gurenko.publisher_change_food_card.controller.FileMultipartController.uploadMultipart(FileMultipartController.java:40)
	at java.base/jdk.internal.reflect.DirectMethodHandleAccessor.invoke(DirectMethodHandleAccessor.java:103)
	at java.base/java.lang.reflect.Method.invoke(Method.java:580)
	at org.springframework.web.method.support.InvocableHandlerMethod.doInvoke(InvocableHandlerMethod.java:255)
	at org.springframework.web.method.support.InvocableHandlerMethod.invokeForRequest(InvocableHandlerMethod.java:188)
	at org.springframework.web.servlet.mvc.method.annotation.ServletInvocableHandlerMethod.invokeAndHandle(ServletInvocableHandlerMethod.java:118)
	at org.springframework.web.servlet.mvc.method.annotation.RequestMappingHandlerAdapter.invokeHandlerMethod(RequestMappingHandlerAdapter.java:926)
	at org.springframework.web.servlet.mvc.method.annotation.RequestMappingHandlerAdapter.handleInternal(RequestMappingHandlerAdapter.java:831)
	at org.springframework.web.servlet.mvc.method.AbstractHandlerMethodAdapter.handle(AbstractHandlerMethodAdapter.java:87)
	at org.springframework.web.servlet.DispatcherServlet.doDispatch(DispatcherServlet.java:1089)
	at org.springframework.web.servlet.DispatcherServlet.doService(DispatcherServlet.java:979)
	at org.springframework.web.servlet.FrameworkServlet.processRequest(FrameworkServlet.java:1014)
	at org.springframework.web.servlet.FrameworkServlet.doPost(FrameworkServlet.java:914)
	at jakarta.servlet.http.HttpServlet.service(HttpServlet.java:590)
	at org.springframework.web.servlet.FrameworkServlet.service(FrameworkServlet.java:885)
	at jakarta.servlet.http.HttpServlet.service(HttpServlet.java:658)
	at org.apache.catalina.core.ApplicationFilterChain.internalDoFilter(ApplicationFilterChain.java:195)
	at org.apache.catalina.core.ApplicationFilterChain.doFilter(ApplicationFilterChain.java:140)
	at org.apache.tomcat.websocket.server.WsFilter.doFilter(WsFilter.java:51)
	at org.apache.catalina.core.ApplicationFilterChain.internalDoFilter(ApplicationFilterChain.java:164)
	at org.apache.catalina.core.ApplicationFilterChain.doFilter(ApplicationFilterChain.java:140)
	at org.springframework.web.filter.RequestContextFilter.doFilterInternal(RequestContextFilter.java:100)
	at org.springframework.web.filter.OncePerRequestFilter.doFilter(OncePerRequestFilter.java:116)
	at org.apache.catalina.core.ApplicationFilterChain.internalDoFilter(ApplicationFilterChain.java:164)
	at org.apache.catalina.core.ApplicationFilterChain.doFilter(ApplicationFilterChain.java:140)
	at org.springframework.web.filter.FormContentFilter.doFilterInternal(FormContentFilter.java:93)
	at org.springframework.web.filter.OncePerRequestFilter.doFilter(OncePerRequestFilter.java:116)
	at org.apache.catalina.core.ApplicationFilterChain.internalDoFilter(ApplicationFilterChain.java:164)
	at org.apache.catalina.core.ApplicationFilterChain.doFilter(ApplicationFilterChain.java:140)
	at org.springframework.web.filter.CharacterEncodingFilter.doFilterInternal(CharacterEncodingFilter.java:201)
	at org.springframework.web.filter.OncePerRequestFilter.doFilter(OncePerRequestFilter.java:116)
	at org.apache.catalina.core.ApplicationFilterChain.internalDoFilter(ApplicationFilterChain.java:164)
	at org.apache.catalina.core.ApplicationFilterChain.doFilter(ApplicationFilterChain.java:140)
	at org.apache.catalina.core.StandardWrapperValve.invoke(StandardWrapperValve.java:167)
	at org.apache.catalina.core.StandardContextValve.invoke(StandardContextValve.java:90)
	at org.apache.catalina.authenticator.AuthenticatorBase.invoke(AuthenticatorBase.java:483)
	at org.apache.catalina.core.StandardHostValve.invoke(StandardHostValve.java:115)
	at org.apache.catalina.valves.ErrorReportValve.invoke(ErrorReportValve.java:93)
	at org.apache.catalina.core.StandardEngineValve.invoke(StandardEngineValve.java:74)
	at org.apache.catalina.connector.CoyoteAdapter.service(CoyoteAdapter.java:344)
	at org.apache.coyote.http11.Http11Processor.service(Http11Processor.java:389)
	at org.apache.coyote.AbstractProcessorLight.process(AbstractProcessorLight.java:63)
	at org.apache.coyote.AbstractProtocol$ConnectionHandler.process(AbstractProtocol.java:904)
	at org.apache.tomcat.util.net.NioEndpoint$SocketProcessor.doRun(NioEndpoint.java:1741)
	at org.apache.tomcat.util.net.SocketProcessorBase.run(SocketProcessorBase.java:52)
	at org.apache.tomcat.util.threads.ThreadPoolExecutor.runWorker(ThreadPoolExecutor.java:1190)
	at org.apache.tomcat.util.threads.ThreadPoolExecutor$Worker.run(ThreadPoolExecutor.java:659)
	at org.apache.tomcat.util.threads.TaskThread$WrappingRunnable.run(TaskThread.java:63)
	at java.base/java.lang.Thread.run(Thread.java:1583)
2026-09-06 12:35:00.797 [http-nio-8081-exec-7] INFO  r.i.i.p.service.GenerateDirService - create 3 state directory
2026-09-06 12:35:00.800 [http-nio-8081-exec-7] INFO  r.i.i.p.service.GenerateDirService - file: Z001002.VALIDINTIME_ENROLL2.298 move to in-progress from controller
2026-09-06 12:35:00.804 [http-nio-8081-exec-7] INFO  r.i.i.p.service.ProcessFileService - start process file: Z001002.VALIDINTIME_ENROLL2.298
2026-09-06 12:35:00.806 [http-nio-8081-exec-7] INFO  r.i.i.p.s.visitor.EnrollVisitor - title: Z001002.VALIDINTIME_ENROLL2.298 is valid
2026-09-06 12:35:00.862 [http-nio-8081-exec-7] INFO  r.i.i.p.service.GenerateDirService - create 3 state directory
2026-09-06 12:35:00.862 [http-nio-8081-exec-7] INFO  r.i.i.p.service.GenerateDirService - file: Z001002.VALIDINTIME_ENROLL2.298 move to success
2026-09-06 12:35:00.862 [http-nio-8081-exec-7] INFO  r.i.i.p.service.ProcessFileService - file: Z001002.VALIDINTIME_ENROLL2.298 move in success
2026-09-06 12:35:00.862 [http-nio-8081-exec-7] INFO  r.i.i.p.c.FileMultipartController - file: Z001002.VALIDINTIME_ENROLL2.298 success multipart get
2026-09-06 12:35:00.950 [http-nio-8081-exec-9] INFO  r.i.i.p.service.GenerateDirService - create 3 state directory
2026-09-06 12:35:00.952 [http-nio-8081-exec-9] INFO  r.i.i.p.service.GenerateDirService - file: Z001002.VALID_ENROLL2.298 move to in-progress from controller
2026-09-06 12:35:00.956 [http-nio-8081-exec-9] INFO  r.i.i.p.service.ProcessFileService - start process file: Z001002.VALID_ENROLL2.298
2026-09-06 12:35:00.957 [http-nio-8081-exec-9] INFO  r.i.i.p.s.visitor.EnrollVisitor - title: Z001002.VALID_ENROLL2.298 is valid
2026-09-06 12:35:01.000 [http-nio-8081-exec-9] INFO  r.i.i.p.service.GenerateDirService - create 3 state directory
2026-09-06 12:35:01.002 [http-nio-8081-exec-9] INFO  r.i.i.p.service.GenerateDirService - file: Z001002.VALID_ENROLL2.298 move to success
2026-09-06 12:35:01.003 [http-nio-8081-exec-9] INFO  r.i.i.p.service.ProcessFileService - file: Z001002.VALID_ENROLL2.298 move in success
2026-09-06 12:35:01.003 [http-nio-8081-exec-9] INFO  r.i.i.p.c.FileMultipartController - file: Z001002.VALID_ENROLL2.298 success multipart get
2026-09-06 12:35:01.013 [http-nio-8081-exec-8] WARN  r.i.i.p.c.FileMultipartController - file: Z001002.VALID_ENROLL2.298 is exist in db
2026-09-06 12:35:01.084 [http-nio-8081-exec-10] INFO  r.i.i.p.service.GenerateDirService - create 3 state directory
2026-09-06 12:35:01.086 [http-nio-8081-exec-10] INFO  r.i.i.p.service.GenerateDirService - file: Z001002.ERRORTRAILER_ENROLL2.298 move to in-progress from controller
2026-09-06 12:35:01.091 [http-nio-8081-exec-10] INFO  r.i.i.p.service.ProcessFileService - start process file: Z001002.ERRORTRAILER_ENROLL2.298
2026-09-06 12:35:01.092 [http-nio-8081-exec-10] INFO  r.i.i.p.s.visitor.EnrollVisitor - title: Z001002.ERRORTRAILER_ENROLL2.298 is valid
2026-09-06 12:35:01.109 [http-nio-8081-exec-10] WARN  r.i.i.p.s.visitor.EnrollVisitor - invalid trailer: INVALID_TRAILER_STRING_FORMAT
2026-09-06 12:35:01.120 [http-nio-8081-exec-10] WARN  r.i.i.p.service.ProcessFileService - Validation failed for file Z001002.ERRORTRAILER_ENROLL2.298: File contains validation errors
2026-09-06 12:35:01.136 [http-nio-8081-exec-10] INFO  r.i.i.p.service.GenerateDirService - create 3 state directory
2026-09-06 12:35:01.137 [http-nio-8081-exec-10] INFO  r.i.i.p.service.GenerateDirService - file: Z001002.ERRORTRAILER_ENROLL2.298 move to error
2026-09-06 12:35:01.138 [http-nio-8081-exec-10] ERROR o.a.c.c.C.[.[.[.[dispatcherServlet] - Servlet.service() for servlet [dispatcherServlet] in context with path [] threw exception [Request processing failed: ru.itone.illya4gurenko.publisher_change_food_card.exception.FileValidationException: File contains validation errors] with root cause
ru.itone.illya4gurenko.publisher_change_food_card.exception.FileValidationException: File contains validation errors
	at ru.itone.illya4gurenko.publisher_change_food_card.service.visitor.EnrollVisitor.visit(EnrollVisitor.java:85)
	at java.base/java.nio.file.FileChannelLinesSpliterator.forEachRemaining(FileChannelLinesSpliterator.java:130)
	at java.base/java.util.stream.ReferencePipeline$Head.forEach(ReferencePipeline.java:762)
	at ru.itone.illya4gurenko.publisher_change_food_card.service.ProcessFileService.process(ProcessFileService.java:56)
	at ru.itone.illya4gurenko.publisher_change_food_card.controller.FileMultipartController.uploadMultipart(FileMultipartController.java:40)
	at java.base/jdk.internal.reflect.DirectMethodHandleAccessor.invoke(DirectMethodHandleAccessor.java:103)
	at java.base/java.lang.reflect.Method.invoke(Method.java:580)
	at org.springframework.web.method.support.InvocableHandlerMethod.doInvoke(InvocableHandlerMethod.java:255)
	at org.springframework.web.method.support.InvocableHandlerMethod.invokeForRequest(InvocableHandlerMethod.java:188)
	at org.springframework.web.servlet.mvc.method.annotation.ServletInvocableHandlerMethod.invokeAndHandle(ServletInvocableHandlerMethod.java:118)
	at org.springframework.web.servlet.mvc.method.annotation.RequestMappingHandlerAdapter.invokeHandlerMethod(RequestMappingHandlerAdapter.java:926)
	at org.springframework.web.servlet.mvc.method.annotation.RequestMappingHandlerAdapter.handleInternal(RequestMappingHandlerAdapter.java:831)
	at org.springframework.web.servlet.mvc.method.AbstractHandlerMethodAdapter.handle(AbstractHandlerMethodAdapter.java:87)
	at org.springframework.web.servlet.DispatcherServlet.doDispatch(DispatcherServlet.java:1089)
	at org.springframework.web.servlet.DispatcherServlet.doService(DispatcherServlet.java:979)
	at org.springframework.web.servlet.FrameworkServlet.processRequest(FrameworkServlet.java:1014)
	at org.springframework.web.servlet.FrameworkServlet.doPost(FrameworkServlet.java:914)
	at jakarta.servlet.http.HttpServlet.service(HttpServlet.java:590)
	at org.springframework.web.servlet.FrameworkServlet.service(FrameworkServlet.java:885)
	at jakarta.servlet.http.HttpServlet.service(HttpServlet.java:658)
	at org.apache.catalina.core.ApplicationFilterChain.internalDoFilter(ApplicationFilterChain.java:195)
	at org.apache.catalina.core.ApplicationFilterChain.doFilter(ApplicationFilterChain.java:140)
	at org.apache.tomcat.websocket.server.WsFilter.doFilter(WsFilter.java:51)
	at org.apache.catalina.core.ApplicationFilterChain.internalDoFilter(ApplicationFilterChain.java:164)
	at org.apache.catalina.core.ApplicationFilterChain.doFilter(ApplicationFilterChain.java:140)
	at org.springframework.web.filter.RequestContextFilter.doFilterInternal(RequestContextFilter.java:100)
	at org.springframework.web.filter.OncePerRequestFilter.doFilter(OncePerRequestFilter.java:116)
	at org.apache.catalina.core.ApplicationFilterChain.internalDoFilter(ApplicationFilterChain.java:164)
	at org.apache.catalina.core.ApplicationFilterChain.doFilter(ApplicationFilterChain.java:140)
	at org.springframework.web.filter.FormContentFilter.doFilterInternal(FormContentFilter.java:93)
	at org.springframework.web.filter.OncePerRequestFilter.doFilter(OncePerRequestFilter.java:116)
	at org.apache.catalina.core.ApplicationFilterChain.internalDoFilter(ApplicationFilterChain.java:164)
	at org.apache.catalina.core.ApplicationFilterChain.doFilter(ApplicationFilterChain.java:140)
	at org.springframework.web.filter.CharacterEncodingFilter.doFilterInternal(CharacterEncodingFilter.java:201)
	at org.springframework.web.filter.OncePerRequestFilter.doFilter(OncePerRequestFilter.java:116)
	at org.apache.catalina.core.ApplicationFilterChain.internalDoFilter(ApplicationFilterChain.java:164)
	at org.apache.catalina.core.ApplicationFilterChain.doFilter(ApplicationFilterChain.java:140)
	at org.apache.catalina.core.StandardWrapperValve.invoke(StandardWrapperValve.java:167)
	at org.apache.catalina.core.StandardContextValve.invoke(StandardContextValve.java:90)
	at org.apache.catalina.authenticator.AuthenticatorBase.invoke(AuthenticatorBase.java:483)
	at org.apache.catalina.core.StandardHostValve.invoke(StandardHostValve.java:115)
	at org.apache.catalina.valves.ErrorReportValve.invoke(ErrorReportValve.java:93)
	at org.apache.catalina.core.StandardEngineValve.invoke(StandardEngineValve.java:74)
	at org.apache.catalina.connector.CoyoteAdapter.service(CoyoteAdapter.java:344)
	at org.apache.coyote.http11.Http11Processor.service(Http11Processor.java:389)
	at org.apache.coyote.AbstractProcessorLight.process(AbstractProcessorLight.java:63)
	at org.apache.coyote.AbstractProtocol$ConnectionHandler.process(AbstractProtocol.java:904)
	at org.apache.tomcat.util.net.NioEndpoint$SocketProcessor.doRun(NioEndpoint.java:1741)
	at org.apache.tomcat.util.net.SocketProcessorBase.run(SocketProcessorBase.java:52)
	at org.apache.tomcat.util.threads.ThreadPoolExecutor.runWorker(ThreadPoolExecutor.java:1190)
	at org.apache.tomcat.util.threads.ThreadPoolExecutor$Worker.run(ThreadPoolExecutor.java:659)
	at org.apache.tomcat.util.threads.TaskThread$WrappingRunnable.run(TaskThread.java:63)
	at java.base/java.lang.Thread.run(Thread.java:1583)
2026-09-06 12:35:01.207 [http-nio-8081-exec-1] INFO  r.i.i.p.service.GenerateDirService - create 3 state directory
2026-09-06 12:35:01.209 [http-nio-8081-exec-1] INFO  r.i.i.p.service.GenerateDirService - file: Z001002.ERRORBODY_ENROLL2.298 move to in-progress from controller
2026-09-06 12:35:01.212 [http-nio-8081-exec-1] INFO  r.i.i.p.service.ProcessFileService - start process file: Z001002.ERRORBODY_ENROLL2.298
2026-09-06 12:35:01.213 [http-nio-8081-exec-1] INFO  r.i.i.p.s.visitor.EnrollVisitor - title: Z001002.ERRORBODY_ENROLL2.298 is valid
2026-09-06 12:35:01.225 [http-nio-8081-exec-1] WARN  r.i.i.p.s.visitor.EnrollVisitor - body: Алексеев Алексей Алексеевич                                                                         40817810099910009999          DR            -5000.00, has error: [ValidationError[code=B05, message=amount mustn`t <0: -5000.00]]
2026-09-06 12:35:01.241 [http-nio-8081-exec-1] WARN  r.i.i.p.service.ProcessFileService - Validation failed for file Z001002.ERRORBODY_ENROLL2.298: File contains validation errors
2026-09-06 12:35:01.256 [http-nio-8081-exec-1] INFO  r.i.i.p.service.GenerateDirService - create 3 state directory
2026-09-06 12:35:01.257 [http-nio-8081-exec-1] INFO  r.i.i.p.service.GenerateDirService - file: Z001002.ERRORBODY_ENROLL2.298 move to error
2026-09-06 12:35:01.258 [http-nio-8081-exec-1] ERROR o.a.c.c.C.[.[.[.[dispatcherServlet] - Servlet.service() for servlet [dispatcherServlet] in context with path [] threw exception [Request processing failed: ru.itone.illya4gurenko.publisher_change_food_card.exception.FileValidationException: File contains validation errors] with root cause
ru.itone.illya4gurenko.publisher_change_food_card.exception.FileValidationException: File contains validation errors
	at ru.itone.illya4gurenko.publisher_change_food_card.service.visitor.EnrollVisitor.visit(EnrollVisitor.java:85)
	at java.base/java.nio.file.FileChannelLinesSpliterator.forEachRemaining(FileChannelLinesSpliterator.java:130)
	at java.base/java.util.stream.ReferencePipeline$Head.forEach(ReferencePipeline.java:762)
	at ru.itone.illya4gurenko.publisher_change_food_card.service.ProcessFileService.process(ProcessFileService.java:56)
	at ru.itone.illya4gurenko.publisher_change_food_card.controller.FileMultipartController.uploadMultipart(FileMultipartController.java:40)
	at java.base/jdk.internal.reflect.DirectMethodHandleAccessor.invoke(DirectMethodHandleAccessor.java:103)
	at java.base/java.lang.reflect.Method.invoke(Method.java:580)
	at org.springframework.web.method.support.InvocableHandlerMethod.doInvoke(InvocableHandlerMethod.java:255)
	at org.springframework.web.method.support.InvocableHandlerMethod.invokeForRequest(InvocableHandlerMethod.java:188)
	at org.springframework.web.servlet.mvc.method.annotation.ServletInvocableHandlerMethod.invokeAndHandle(ServletInvocableHandlerMethod.java:118)
	at org.springframework.web.servlet.mvc.method.annotation.RequestMappingHandlerAdapter.invokeHandlerMethod(RequestMappingHandlerAdapter.java:926)
	at org.springframework.web.servlet.mvc.method.annotation.RequestMappingHandlerAdapter.handleInternal(RequestMappingHandlerAdapter.java:831)
	at org.springframework.web.servlet.mvc.method.AbstractHandlerMethodAdapter.handle(AbstractHandlerMethodAdapter.java:87)
	at org.springframework.web.servlet.DispatcherServlet.doDispatch(DispatcherServlet.java:1089)
	at org.springframework.web.servlet.DispatcherServlet.doService(DispatcherServlet.java:979)
	at org.springframework.web.servlet.FrameworkServlet.processRequest(FrameworkServlet.java:1014)
	at org.springframework.web.servlet.FrameworkServlet.doPost(FrameworkServlet.java:914)
	at jakarta.servlet.http.HttpServlet.service(HttpServlet.java:590)
	at org.springframework.web.servlet.FrameworkServlet.service(FrameworkServlet.java:885)
	at jakarta.servlet.http.HttpServlet.service(HttpServlet.java:658)
	at org.apache.catalina.core.ApplicationFilterChain.internalDoFilter(ApplicationFilterChain.java:195)
	at org.apache.catalina.core.ApplicationFilterChain.doFilter(ApplicationFilterChain.java:140)
	at org.apache.tomcat.websocket.server.WsFilter.doFilter(WsFilter.java:51)
	at org.apache.catalina.core.ApplicationFilterChain.internalDoFilter(ApplicationFilterChain.java:164)
	at org.apache.catalina.core.ApplicationFilterChain.doFilter(ApplicationFilterChain.java:140)
	at org.springframework.web.filter.RequestContextFilter.doFilterInternal(RequestContextFilter.java:100)
	at org.springframework.web.filter.OncePerRequestFilter.doFilter(OncePerRequestFilter.java:116)
	at org.apache.catalina.core.ApplicationFilterChain.internalDoFilter(ApplicationFilterChain.java:164)
	at org.apache.catalina.core.ApplicationFilterChain.doFilter(ApplicationFilterChain.java:140)
	at org.springframework.web.filter.FormContentFilter.doFilterInternal(FormContentFilter.java:93)
	at org.springframework.web.filter.OncePerRequestFilter.doFilter(OncePerRequestFilter.java:116)
	at org.apache.catalina.core.ApplicationFilterChain.internalDoFilter(ApplicationFilterChain.java:164)
	at org.apache.catalina.core.ApplicationFilterChain.doFilter(ApplicationFilterChain.java:140)
	at org.springframework.web.filter.CharacterEncodingFilter.doFilterInternal(CharacterEncodingFilter.java:201)
	at org.springframework.web.filter.OncePerRequestFilter.doFilter(OncePerRequestFilter.java:116)
	at org.apache.catalina.core.ApplicationFilterChain.internalDoFilter(ApplicationFilterChain.java:164)
	at org.apache.catalina.core.ApplicationFilterChain.doFilter(ApplicationFilterChain.java:140)
	at org.apache.catalina.core.StandardWrapperValve.invoke(StandardWrapperValve.java:167)
	at org.apache.catalina.core.StandardContextValve.invoke(StandardContextValve.java:90)
	at org.apache.catalina.authenticator.AuthenticatorBase.invoke(AuthenticatorBase.java:483)
	at org.apache.catalina.core.StandardHostValve.invoke(StandardHostValve.java:115)
	at org.apache.catalina.valves.ErrorReportValve.invoke(ErrorReportValve.java:93)
	at org.apache.catalina.core.StandardEngineValve.invoke(StandardEngineValve.java:74)
	at org.apache.catalina.connector.CoyoteAdapter.service(CoyoteAdapter.java:344)
	at org.apache.coyote.http11.Http11Processor.service(Http11Processor.java:389)
	at org.apache.coyote.AbstractProcessorLight.process(AbstractProcessorLight.java:63)
	at org.apache.coyote.AbstractProtocol$ConnectionHandler.process(AbstractProtocol.java:904)
	at org.apache.tomcat.util.net.NioEndpoint$SocketProcessor.doRun(NioEndpoint.java:1741)
	at org.apache.tomcat.util.net.SocketProcessorBase.run(SocketProcessorBase.java:52)
	at org.apache.tomcat.util.threads.ThreadPoolExecutor.runWorker(ThreadPoolExecutor.java:1190)
	at org.apache.tomcat.util.threads.ThreadPoolExecutor$Worker.run(ThreadPoolExecutor.java:659)
	at org.apache.tomcat.util.threads.TaskThread$WrappingRunnable.run(TaskThread.java:63)
	at java.base/java.lang.Thread.run(Thread.java:1583)
2026-09-06 12:35:01.331 [http-nio-8081-exec-2] INFO  r.i.i.p.service.GenerateDirService - create 3 state directory
2026-09-06 12:35:01.332 [http-nio-8081-exec-2] INFO  r.i.i.p.service.GenerateDirService - file: Z001002.VALID_ENROLL2.298 move to in-progress from controller
2026-09-06 12:35:01.337 [http-nio-8081-exec-2] INFO  r.i.i.p.service.ProcessFileService - start process file: Z001002.VALID_ENROLL2.298
2026-09-06 12:35:01.338 [http-nio-8081-exec-2] INFO  r.i.i.p.s.visitor.EnrollVisitor - title: Z001002.VALID_ENROLL2.298 is valid
2026-09-06 12:35:01.380 [http-nio-8081-exec-2] INFO  r.i.i.p.service.GenerateDirService - create 3 state directory
2026-09-06 12:35:01.381 [http-nio-8081-exec-2] INFO  r.i.i.p.service.GenerateDirService - file: Z001002.VALID_ENROLL2.298 move to success
2026-09-06 12:35:01.382 [http-nio-8081-exec-2] INFO  r.i.i.p.service.ProcessFileService - file: Z001002.VALID_ENROLL2.298 move in success
2026-09-06 12:35:01.382 [http-nio-8081-exec-2] INFO  r.i.i.p.c.FileMultipartController - file: Z001002.VALID_ENROLL2.298 success multipart get
2026-09-06 12:35:01.492 [http-nio-8081-exec-3] INFO  r.i.i.p.service.GenerateDirService - create 3 state directory
2026-09-06 12:35:01.493 [http-nio-8081-exec-3] INFO  r.i.i.p.service.GenerateDirService - file: Z001002.ERRORHEADER_ENROLL2.298 move to in-progress from controller
2026-09-06 12:35:01.496 [http-nio-8081-exec-3] INFO  r.i.i.p.service.ProcessFileService - start process file: Z001002.ERRORHEADER_ENROLL2.298
2026-09-06 12:35:01.498 [http-nio-8081-exec-3] INFO  r.i.i.p.s.visitor.EnrollVisitor - title: Z001002.ERRORHEADER_ENROLL2.298 is valid
2026-09-06 12:35:01.505 [http-nio-8081-exec-3] WARN  r.i.i.p.s.visitor.EnrollVisitor - invalid header: H CORRUPTED_HEADER_DATA_12345
2026-09-06 12:35:01.516 [http-nio-8081-exec-3] WARN  r.i.i.p.s.visitor.EnrollVisitor - invalid header: Иванов Иван Иванович                                                                                40817810099910004321          ZR             1500.50
2026-09-06 12:35:01.526 [http-nio-8081-exec-3] WARN  r.i.i.p.s.visitor.EnrollVisitor - invalid header: T                   1
2026-09-06 12:35:01.535 [http-nio-8081-exec-3] WARN  r.i.i.p.service.ProcessFileService - Validation failed for file Z001002.ERRORHEADER_ENROLL2.298: invalid structure file
2026-09-06 12:35:01.549 [http-nio-8081-exec-3] INFO  r.i.i.p.service.GenerateDirService - create 3 state directory
2026-09-06 12:35:01.551 [http-nio-8081-exec-3] INFO  r.i.i.p.service.GenerateDirService - file: Z001002.ERRORHEADER_ENROLL2.298 move to error
2026-09-06 12:35:01.553 [http-nio-8081-exec-3] ERROR o.a.c.c.C.[.[.[.[dispatcherServlet] - Servlet.service() for servlet [dispatcherServlet] in context with path [] threw exception [Request processing failed: ru.itone.illya4gurenko.publisher_change_food_card.exception.FileValidationException: invalid structure file] with root cause
ru.itone.illya4gurenko.publisher_change_food_card.exception.FileValidationException: invalid structure file
	at ru.itone.illya4gurenko.publisher_change_food_card.service.visitor.EnrollVisitor.visit(EnrollVisitor.java:78)
	at java.base/java.nio.file.FileChannelLinesSpliterator.forEachRemaining(FileChannelLinesSpliterator.java:130)
	at java.base/java.util.stream.ReferencePipeline$Head.forEach(ReferencePipeline.java:762)
	at ru.itone.illya4gurenko.publisher_change_food_card.service.ProcessFileService.process(ProcessFileService.java:56)
	at ru.itone.illya4gurenko.publisher_change_food_card.controller.FileMultipartController.uploadMultipart(FileMultipartController.java:40)
	at java.base/jdk.internal.reflect.DirectMethodHandleAccessor.invoke(DirectMethodHandleAccessor.java:103)
	at java.base/java.lang.reflect.Method.invoke(Method.java:580)
	at org.springframework.web.method.support.InvocableHandlerMethod.doInvoke(InvocableHandlerMethod.java:255)
	at org.springframework.web.method.support.InvocableHandlerMethod.invokeForRequest(InvocableHandlerMethod.java:188)
	at org.springframework.web.servlet.mvc.method.annotation.ServletInvocableHandlerMethod.invokeAndHandle(ServletInvocableHandlerMethod.java:118)
	at org.springframework.web.servlet.mvc.method.annotation.RequestMappingHandlerAdapter.invokeHandlerMethod(RequestMappingHandlerAdapter.java:926)
	at org.springframework.web.servlet.mvc.method.annotation.RequestMappingHandlerAdapter.handleInternal(RequestMappingHandlerAdapter.java:831)
	at org.springframework.web.servlet.mvc.method.AbstractHandlerMethodAdapter.handle(AbstractHandlerMethodAdapter.java:87)
	at org.springframework.web.servlet.DispatcherServlet.doDispatch(DispatcherServlet.java:1089)
	at org.springframework.web.servlet.DispatcherServlet.doService(DispatcherServlet.java:979)
	at org.springframework.web.servlet.FrameworkServlet.processRequest(FrameworkServlet.java:1014)
	at org.springframework.web.servlet.FrameworkServlet.doPost(FrameworkServlet.java:914)
	at jakarta.servlet.http.HttpServlet.service(HttpServlet.java:590)
	at org.springframework.web.servlet.FrameworkServlet.service(FrameworkServlet.java:885)
	at jakarta.servlet.http.HttpServlet.service(HttpServlet.java:658)
	at org.apache.catalina.core.ApplicationFilterChain.internalDoFilter(ApplicationFilterChain.java:195)
	at org.apache.catalina.core.ApplicationFilterChain.doFilter(ApplicationFilterChain.java:140)
	at org.apache.tomcat.websocket.server.WsFilter.doFilter(WsFilter.java:51)
	at org.apache.catalina.core.ApplicationFilterChain.internalDoFilter(ApplicationFilterChain.java:164)
	at org.apache.catalina.core.ApplicationFilterChain.doFilter(ApplicationFilterChain.java:140)
	at org.springframework.web.filter.RequestContextFilter.doFilterInternal(RequestContextFilter.java:100)
	at org.springframework.web.filter.OncePerRequestFilter.doFilter(OncePerRequestFilter.java:116)
	at org.apache.catalina.core.ApplicationFilterChain.internalDoFilter(ApplicationFilterChain.java:164)
	at org.apache.catalina.core.ApplicationFilterChain.doFilter(ApplicationFilterChain.java:140)
	at org.springframework.web.filter.FormContentFilter.doFilterInternal(FormContentFilter.java:93)
	at org.springframework.web.filter.OncePerRequestFilter.doFilter(OncePerRequestFilter.java:116)
	at org.apache.catalina.core.ApplicationFilterChain.internalDoFilter(ApplicationFilterChain.java:164)
	at org.apache.catalina.core.ApplicationFilterChain.doFilter(ApplicationFilterChain.java:140)
	at org.springframework.web.filter.CharacterEncodingFilter.doFilterInternal(CharacterEncodingFilter.java:201)
	at org.springframework.web.filter.OncePerRequestFilter.doFilter(OncePerRequestFilter.java:116)
	at org.apache.catalina.core.ApplicationFilterChain.internalDoFilter(ApplicationFilterChain.java:164)
	at org.apache.catalina.core.ApplicationFilterChain.doFilter(ApplicationFilterChain.java:140)
	at org.apache.catalina.core.StandardWrapperValve.invoke(StandardWrapperValve.java:167)
	at org.apache.catalina.core.StandardContextValve.invoke(StandardContextValve.java:90)
	at org.apache.catalina.authenticator.AuthenticatorBase.invoke(AuthenticatorBase.java:483)
	at org.apache.catalina.core.StandardHostValve.invoke(StandardHostValve.java:115)
	at org.apache.catalina.valves.ErrorReportValve.invoke(ErrorReportValve.java:93)
	at org.apache.catalina.core.StandardEngineValve.invoke(StandardEngineValve.java:74)
	at org.apache.catalina.connector.CoyoteAdapter.service(CoyoteAdapter.java:344)
	at org.apache.coyote.http11.Http11Processor.service(Http11Processor.java:389)
	at org.apache.coyote.AbstractProcessorLight.process(AbstractProcessorLight.java:63)
	at org.apache.coyote.AbstractProtocol$ConnectionHandler.process(AbstractProtocol.java:904)
	at org.apache.tomcat.util.net.NioEndpoint$SocketProcessor.doRun(NioEndpoint.java:1741)
	at org.apache.tomcat.util.net.SocketProcessorBase.run(SocketProcessorBase.java:52)
	at org.apache.tomcat.util.threads.ThreadPoolExecutor.runWorker(ThreadPoolExecutor.java:1190)
	at org.apache.tomcat.util.threads.ThreadPoolExecutor$Worker.run(ThreadPoolExecutor.java:659)
	at org.apache.tomcat.util.threads.TaskThread$WrappingRunnable.run(TaskThread.java:63)
	at java.base/java.lang.Thread.run(Thread.java:1583)
2026-09-06 12:35:01.578 [Test worker] INFO  o.s.t.c.s.AnnotationConfigContextLoaderUtils - Could not detect default configuration classes for test class [ru.itone.illya4gurenko.publisher_change_food_card.grpc.GrpcTest]: GrpcTest does not declare any static, non-private, non-final, nested classes annotated with @Configuration.
2026-09-06 12:35:01.585 [Test worker] INFO  o.s.b.t.c.SpringBootTestContextBootstrapper - Found @SpringBootConfiguration ru.itone.illya4gurenko.publisher_change_food_card.PublisherChangeFoodCardApplication for test class ru.itone.illya4gurenko.publisher_change_food_card.grpc.GrpcTest
2026-09-06 12:35:02.059 [grpc-default-executor-1] INFO  r.i.i.p.c.FileUploadGrpcService - get grpc-chunk for file: Z001002.VALID_ENROLL2.298
2026-09-06 12:35:02.060 [grpc-default-executor-1] INFO  r.i.i.p.service.GenerateDirService - create 3 state directory
2026-09-06 12:35:02.063 [grpc-default-executor-1] INFO  r.i.i.p.c.FileUploadGrpcService - gRPC stream end. get 222 byte for file 'Z001002.VALID_ENROLL2.298'
2026-09-06 12:35:02.070 [grpc-default-executor-1] INFO  r.i.i.p.service.ProcessFileService - start process file: Z001002.VALID_ENROLL2.298
2026-09-06 12:35:02.072 [grpc-default-executor-1] INFO  r.i.i.p.s.visitor.EnrollVisitor - title: Z001002.VALID_ENROLL2.298 is valid
2026-09-06 12:35:02.116 [grpc-default-executor-1] INFO  r.i.i.p.service.GenerateDirService - create 3 state directory
2026-09-06 12:35:02.118 [grpc-default-executor-1] INFO  r.i.i.p.service.GenerateDirService - file: Z001002.VALID_ENROLL2.298 move to success
2026-09-06 12:35:02.118 [grpc-default-executor-1] INFO  r.i.i.p.service.ProcessFileService - file: Z001002.VALID_ENROLL2.298 move in success
2026-09-06 12:35:02.208 [grpc-default-executor-1] INFO  r.i.i.p.c.FileUploadGrpcService - get grpc-chunk for file: Z001002.VALIDINTIME_ENROLL2.298
2026-09-06 12:35:02.210 [grpc-default-executor-1] INFO  r.i.i.p.service.GenerateDirService - create 3 state directory
2026-09-06 12:35:02.213 [grpc-default-executor-1] INFO  r.i.i.p.c.FileUploadGrpcService - gRPC stream end. get 410 byte for file 'Z001002.VALIDINTIME_ENROLL2.298'
2026-09-06 12:35:02.219 [grpc-default-executor-1] INFO  r.i.i.p.service.ProcessFileService - start process file: Z001002.VALIDINTIME_ENROLL2.298
2026-09-06 12:35:02.221 [grpc-default-executor-1] INFO  r.i.i.p.s.visitor.EnrollVisitor - title: Z001002.VALIDINTIME_ENROLL2.298 is valid
2026-09-06 12:35:02.280 [grpc-default-executor-1] INFO  r.i.i.p.service.GenerateDirService - create 3 state directory
2026-09-06 12:35:02.281 [grpc-default-executor-1] INFO  r.i.i.p.service.GenerateDirService - file: Z001002.VALIDINTIME_ENROLL2.298 move to success
2026-09-06 12:35:02.282 [grpc-default-executor-1] INFO  r.i.i.p.service.ProcessFileService - file: Z001002.VALIDINTIME_ENROLL2.298 move in success
2026-09-06 12:35:02.355 [grpc-default-executor-0] INFO  r.i.i.p.c.FileUploadGrpcService - get grpc-chunk for file: Z001002.ERRORBODY_ENROLL2.298
2026-09-06 12:35:02.356 [grpc-default-executor-0] INFO  r.i.i.p.service.GenerateDirService - create 3 state directory
2026-09-06 12:35:02.358 [grpc-default-executor-0] INFO  r.i.i.p.c.FileUploadGrpcService - gRPC stream end. get 229 byte for file 'Z001002.ERRORBODY_ENROLL2.298'
2026-09-06 12:35:02.361 [grpc-default-executor-0] INFO  r.i.i.p.service.ProcessFileService - start process file: Z001002.ERRORBODY_ENROLL2.298
2026-09-06 12:35:02.363 [grpc-default-executor-0] INFO  r.i.i.p.s.visitor.EnrollVisitor - title: Z001002.ERRORBODY_ENROLL2.298 is valid
2026-09-06 12:35:02.372 [grpc-default-executor-0] WARN  r.i.i.p.s.visitor.EnrollVisitor - body: Алексеев Алексей Алексеевич                                                                         40817810099910009999          DR            -5000.00, has error: [ValidationError[code=B05, message=amount mustn`t <0: -5000.00]]
2026-09-06 12:35:02.387 [grpc-default-executor-0] WARN  r.i.i.p.service.ProcessFileService - Validation failed for file Z001002.ERRORBODY_ENROLL2.298: File contains validation errors
2026-09-06 12:35:02.402 [grpc-default-executor-0] INFO  r.i.i.p.service.GenerateDirService - create 3 state directory
2026-09-06 12:35:02.403 [grpc-default-executor-0] INFO  r.i.i.p.service.GenerateDirService - file: Z001002.ERRORBODY_ENROLL2.298 move to error
2026-09-06 12:35:02.403 [grpc-default-executor-0] ERROR r.i.i.p.c.FileUploadGrpcService - error process file: Z001002.ERRORBODY_ENROLL2.298
ru.itone.illya4gurenko.publisher_change_food_card.exception.FileValidationException: File contains validation errors
	at ru.itone.illya4gurenko.publisher_change_food_card.service.visitor.EnrollVisitor.visit(EnrollVisitor.java:85)
	at java.base/java.nio.file.FileChannelLinesSpliterator.forEachRemaining(FileChannelLinesSpliterator.java:130)
	at java.base/java.util.stream.ReferencePipeline$Head.forEach(ReferencePipeline.java:762)
	at ru.itone.illya4gurenko.publisher_change_food_card.service.ProcessFileService.process(ProcessFileService.java:56)
	at ru.itone.illya4gurenko.publisher_change_food_card.controller.FileUploadGrpcService$1.onCompleted(FileUploadGrpcService.java:84)
	at io.grpc.stub.ServerCalls$StreamingServerCallHandler$StreamingServerCallListener.onHalfClose(ServerCalls.java:273)
	at io.grpc.PartialForwardingServerCallListener.onHalfClose(PartialForwardingServerCallListener.java:35)
	at io.grpc.ForwardingServerCallListener.onHalfClose(ForwardingServerCallListener.java:23)
	at io.grpc.ForwardingServerCallListener$SimpleForwardingServerCallListener.onHalfClose(ForwardingServerCallListener.java:40)
	at io.grpc.Contexts$ContextualizedServerCallListener.onHalfClose(Contexts.java:86)
	at io.grpc.internal.ServerCallImpl$ServerStreamListenerImpl.halfClosed(ServerCallImpl.java:356)
	at io.grpc.internal.ServerImpl$JumpToApplicationThreadServerStreamListener$1HalfClosed.runInContext(ServerImpl.java:861)
	at io.grpc.internal.ContextRunnable.run(ContextRunnable.java:37)
	at io.grpc.internal.SerializingExecutor.run(SerializingExecutor.java:133)
	at java.base/java.util.concurrent.ThreadPoolExecutor.runWorker(ThreadPoolExecutor.java:1144)
	at java.base/java.util.concurrent.ThreadPoolExecutor$Worker.run(ThreadPoolExecutor.java:642)
	at java.base/java.lang.Thread.run(Thread.java:1583)
2026-09-06 12:35:02.459 [grpc-default-executor-1] INFO  r.i.i.p.c.FileUploadGrpcService - get grpc-chunk for file: Z001002.ERRORTRAILER_ENROLL2.298
2026-09-06 12:35:02.460 [grpc-default-executor-1] INFO  r.i.i.p.service.GenerateDirService - create 3 state directory
2026-09-06 12:35:02.462 [grpc-default-executor-1] INFO  r.i.i.p.c.FileUploadGrpcService - gRPC stream end. get 230 byte for file 'Z001002.ERRORTRAILER_ENROLL2.298'
2026-09-06 12:35:02.466 [grpc-default-executor-1] INFO  r.i.i.p.service.ProcessFileService - start process file: Z001002.ERRORTRAILER_ENROLL2.298
2026-09-06 12:35:02.468 [grpc-default-executor-1] INFO  r.i.i.p.s.visitor.EnrollVisitor - title: Z001002.ERRORTRAILER_ENROLL2.298 is valid
2026-09-06 12:35:02.485 [grpc-default-executor-1] WARN  r.i.i.p.s.visitor.EnrollVisitor - invalid trailer: INVALID_TRAILER_STRING_FORMAT
2026-09-06 12:35:02.494 [grpc-default-executor-1] WARN  r.i.i.p.service.ProcessFileService - Validation failed for file Z001002.ERRORTRAILER_ENROLL2.298: File contains validation errors
2026-09-06 12:35:02.512 [grpc-default-executor-1] INFO  r.i.i.p.service.GenerateDirService - create 3 state directory
2026-09-06 12:35:02.513 [grpc-default-executor-1] INFO  r.i.i.p.service.GenerateDirService - file: Z001002.ERRORTRAILER_ENROLL2.298 move to error
2026-09-06 12:35:02.513 [grpc-default-executor-1] ERROR r.i.i.p.c.FileUploadGrpcService - error process file: Z001002.ERRORTRAILER_ENROLL2.298
ru.itone.illya4gurenko.publisher_change_food_card.exception.FileValidationException: File contains validation errors
	at ru.itone.illya4gurenko.publisher_change_food_card.service.visitor.EnrollVisitor.visit(EnrollVisitor.java:85)
	at java.base/java.nio.file.FileChannelLinesSpliterator.forEachRemaining(FileChannelLinesSpliterator.java:130)
	at java.base/java.util.stream.ReferencePipeline$Head.forEach(ReferencePipeline.java:762)
	at ru.itone.illya4gurenko.publisher_change_food_card.service.ProcessFileService.process(ProcessFileService.java:56)
	at ru.itone.illya4gurenko.publisher_change_food_card.controller.FileUploadGrpcService$1.onCompleted(FileUploadGrpcService.java:84)
	at io.grpc.stub.ServerCalls$StreamingServerCallHandler$StreamingServerCallListener.onHalfClose(ServerCalls.java:273)
	at io.grpc.PartialForwardingServerCallListener.onHalfClose(PartialForwardingServerCallListener.java:35)
	at io.grpc.ForwardingServerCallListener.onHalfClose(ForwardingServerCallListener.java:23)
	at io.grpc.ForwardingServerCallListener$SimpleForwardingServerCallListener.onHalfClose(ForwardingServerCallListener.java:40)
	at io.grpc.Contexts$ContextualizedServerCallListener.onHalfClose(Contexts.java:86)
	at io.grpc.internal.ServerCallImpl$ServerStreamListenerImpl.halfClosed(ServerCallImpl.java:356)
	at io.grpc.internal.ServerImpl$JumpToApplicationThreadServerStreamListener$1HalfClosed.runInContext(ServerImpl.java:861)
	at io.grpc.internal.ContextRunnable.run(ContextRunnable.java:37)
	at io.grpc.internal.SerializingExecutor.run(SerializingExecutor.java:133)
	at java.base/java.util.concurrent.ThreadPoolExecutor.runWorker(ThreadPoolExecutor.java:1144)
	at java.base/java.util.concurrent.ThreadPoolExecutor$Worker.run(ThreadPoolExecutor.java:642)
	at java.base/java.lang.Thread.run(Thread.java:1583)
2026-09-06 12:35:02.796 [SpringApplicationShutdownHook] INFO  n.d.b.g.s.s.GrpcServerLifecycle - Completed gRPC server shutdown
2026-09-06 12:35:02.811 [SpringApplicationShutdownHook] INFO  o.s.o.j.LocalContainerEntityManagerFactoryBean - Closing JPA EntityManagerFactory for persistence unit 'postgres'
2026-09-06 12:35:02.811 [SpringApplicationShutdownHook] INFO  com.zaxxer.hikari.HikariDataSource - HikariPool-2 - Shutdown initiated...
2026-09-06 12:35:02.822 [SpringApplicationShutdownHook] INFO  com.zaxxer.hikari.HikariDataSource - HikariPool-2 - Shutdown completed.
2026-09-06 12:35:02.823 [SpringApplicationShutdownHook] INFO  o.s.o.j.LocalContainerEntityManagerFactoryBean - Closing JPA EntityManagerFactory for persistence unit 'oracle'
2026-09-06 12:35:02.824 [SpringApplicationShutdownHook] INFO  com.zaxxer.hikari.HikariDataSource - HikariPool-1 - Shutdown initiated...
2026-09-06 12:35:02.859 [SpringApplicationShutdownHook] INFO  com.zaxxer.hikari.HikariDataSource - HikariPool-1 - Shutdown completed.
2026-09-06 12:35:52.348 [background-preinit] INFO  o.h.validator.internal.util.Version - HV000001: Hibernate Validator 8.0.1.Final
2026-09-06 12:35:52.565 [Test worker] INFO  r.i.i.p.base.ContextLoadsTest - Starting ContextLoadsTest using Java 21.0.9 with PID 7280 (started by USER in D:\gpb_tasks\publisher-change-food-card)
2026-09-06 12:35:52.568 [Test worker] INFO  r.i.i.p.base.ContextLoadsTest - No active profile set, falling back to 1 default profile: "default"
2026-09-06 12:35:54.055 [Test worker] INFO  o.s.d.r.c.RepositoryConfigurationDelegate - Bootstrapping Spring Data JPA repositories in DEFAULT mode.
2026-09-06 12:35:54.168 [Test worker] INFO  o.s.d.r.c.RepositoryConfigurationDelegate - Finished Spring Data repository scanning in 87 ms. Found 1 JPA repository interface.
2026-09-06 12:35:54.173 [Test worker] INFO  o.s.d.r.c.RepositoryConfigurationDelegate - Bootstrapping Spring Data JPA repositories in DEFAULT mode.
2026-09-06 12:35:54.189 [Test worker] INFO  o.s.d.r.c.RepositoryConfigurationDelegate - Finished Spring Data repository scanning in 14 ms. Found 3 JPA repository interfaces.
2026-09-06 12:35:56.634 [Test worker] INFO  o.s.b.w.e.tomcat.TomcatWebServer - Tomcat initialized with port 8081 (http)
2026-09-06 12:35:56.677 [Test worker] INFO  o.a.coyote.http11.Http11NioProtocol - Initializing ProtocolHandler ["http-nio-8081"]
2026-09-06 12:35:56.681 [Test worker] INFO  o.a.catalina.core.StandardService - Starting service [Tomcat]
2026-09-06 12:35:56.682 [Test worker] INFO  o.a.catalina.core.StandardEngine - Starting Servlet engine: [Apache Tomcat/10.1.26]
2026-09-06 12:35:56.834 [Test worker] INFO  o.a.c.c.C.[Tomcat].[localhost].[/] - Initializing Spring embedded WebApplicationContext
2026-09-06 12:35:56.835 [Test worker] INFO  o.s.b.w.s.c.ServletWebServerApplicationContext - Root WebApplicationContext: initialization completed in 4202 ms
2026-09-06 12:35:57.253 [Test worker] INFO  o.h.jpa.internal.util.LogHelper - HHH000204: Processing PersistenceUnitInfo [name: oracle]
2026-09-06 12:35:57.459 [Test worker] INFO  org.hibernate.Version - HHH000412: Hibernate ORM core version 6.5.2.Final
2026-09-06 12:35:57.577 [Test worker] INFO  o.h.c.i.RegionFactoryInitiator - HHH000026: Second-level cache disabled
2026-09-06 12:35:58.900 [Test worker] INFO  o.s.o.j.p.SpringPersistenceUnitInfo - No LoadTimeWeaver setup: ignoring JPA class transformer
2026-09-06 12:35:59.006 [Test worker] INFO  com.zaxxer.hikari.HikariDataSource - HikariPool-1 - Starting...
2026-09-06 12:35:59.075 [Test worker] INFO  com.zaxxer.hikari.pool.HikariPool - HikariPool-1 - Added connection oracle.jdbc.driver.T4CConnection@24879918
2026-09-06 12:35:59.082 [Test worker] INFO  com.zaxxer.hikari.HikariDataSource - HikariPool-1 - Start completed.
2026-09-06 12:35:59.187 [Test worker] WARN  org.hibernate.dialect.Dialect - HHH000511: The 11.2.0 version for [org.hibernate.dialect.OracleDialect] is no longer supported, hence certain features may not work properly. The minimum supported version is 19.0.0. Check the community dialects project for available legacy versions.
2026-09-06 12:35:59.204 [Test worker] WARN  org.hibernate.orm.deprecation - HHH90000025: OracleDialect does not need to be specified explicitly using 'hibernate.dialect' (remove the property setting and it will be selected by default)
2026-09-06 12:36:02.708 [Test worker] INFO  o.h.e.t.j.p.i.JtaPlatformInitiator - HHH000489: No JTA platform available (set 'hibernate.transaction.jta.platform' to enable JTA platform integration)
2026-09-06 12:36:02.717 [Test worker] INFO  o.s.o.j.LocalContainerEntityManagerFactoryBean - Initialized JPA EntityManagerFactory for persistence unit 'oracle'
2026-09-06 12:36:02.739 [Test worker] INFO  o.h.jpa.internal.util.LogHelper - HHH000204: Processing PersistenceUnitInfo [name: postgres]
2026-09-06 12:36:02.744 [Test worker] INFO  o.h.c.i.RegionFactoryInitiator - HHH000026: Second-level cache disabled
2026-09-06 12:36:02.764 [Test worker] INFO  o.s.o.j.p.SpringPersistenceUnitInfo - No LoadTimeWeaver setup: ignoring JPA class transformer
2026-09-06 12:36:02.766 [Test worker] INFO  com.zaxxer.hikari.HikariDataSource - HikariPool-2 - Starting...
2026-09-06 12:36:02.824 [Test worker] INFO  com.zaxxer.hikari.pool.HikariPool - HikariPool-2 - Added connection org.postgresql.jdbc.PgConnection@45088730
2026-09-06 12:36:02.825 [Test worker] INFO  com.zaxxer.hikari.HikariDataSource - HikariPool-2 - Start completed.
2026-09-06 12:36:02.873 [Test worker] WARN  org.hibernate.orm.deprecation - HHH90000025: PostgreSQLDialect does not need to be specified explicitly using 'hibernate.dialect' (remove the property setting and it will be selected by default)
2026-09-06 12:36:03.585 [Test worker] INFO  o.h.e.t.j.p.i.JtaPlatformInitiator - HHH000489: No JTA platform available (set 'hibernate.transaction.jta.platform' to enable JTA platform integration)
2026-09-06 12:36:03.586 [Test worker] INFO  o.s.o.j.LocalContainerEntityManagerFactoryBean - Initialized JPA EntityManagerFactory for persistence unit 'postgres'
2026-09-06 12:36:04.712 [Test worker] WARN  o.s.b.a.o.j.JpaBaseConfiguration$JpaWebConfiguration - spring.jpa.open-in-view is enabled by default. Therefore, database queries may be performed during view rendering. Explicitly configure spring.jpa.open-in-view to disable this warning
2026-09-06 12:36:05.593 [Test worker] INFO  n.d.b.g.s.a.GrpcServerFactoryAutoConfiguration - Detected grpc-netty-shaded: Creating ShadedNettyGrpcServerFactory
2026-09-06 12:36:06.170 [Test worker] INFO  o.a.coyote.http11.Http11NioProtocol - Starting ProtocolHandler ["http-nio-8081"]
2026-09-06 12:36:06.204 [Test worker] INFO  o.s.b.w.e.tomcat.TomcatWebServer - Tomcat started on port 8081 (http) with context path '/'
2026-09-06 12:36:06.609 [Test worker] INFO  n.d.b.g.s.s.AbstractGrpcServerFactory - Registered gRPC service: ru.itone.illya4gurenko.grpc.FileUploadService, bean: fileUploadGrpcService, class: ru.itone.illya4gurenko.publisher_change_food_card.controller.FileUploadGrpcService
2026-09-06 12:36:06.609 [Test worker] INFO  n.d.b.g.s.s.AbstractGrpcServerFactory - Registered gRPC service: grpc.health.v1.Health, bean: grpcHealthService, class: io.grpc.protobuf.services.HealthServiceImpl
2026-09-06 12:36:06.610 [Test worker] INFO  n.d.b.g.s.s.AbstractGrpcServerFactory - Registered gRPC service: grpc.reflection.v1alpha.ServerReflection, bean: protoReflectionService, class: io.grpc.protobuf.services.ProtoReflectionService
2026-09-06 12:36:07.052 [Test worker] INFO  n.d.b.g.s.s.GrpcServerLifecycle - gRPC Server started, listening on address: *, port: 9090
2026-09-06 12:36:07.073 [Test worker] INFO  r.i.i.p.base.ContextLoadsTest - Started ContextLoadsTest in 16.023 seconds (process running for 54.859)
2026-09-06 12:36:08.507 [Test worker] INFO  o.s.t.c.s.AnnotationConfigContextLoaderUtils - Could not detect default configuration classes for test class [ru.itone.illya4gurenko.publisher_change_food_card.controller.ChunkedTest]: ChunkedTest does not declare any static, non-private, non-final, nested classes annotated with @Configuration.
2026-09-06 12:36:08.521 [Test worker] INFO  o.s.b.t.c.SpringBootTestContextBootstrapper - Found @SpringBootConfiguration ru.itone.illya4gurenko.publisher_change_food_card.PublisherChangeFoodCardApplication for test class ru.itone.illya4gurenko.publisher_change_food_card.controller.ChunkedTest
2026-09-06 12:36:08.883 [http-nio-8081-exec-2] INFO  o.a.c.c.C.[Tomcat].[localhost].[/] - Initializing Spring DispatcherServlet 'dispatcherServlet'
2026-09-06 12:36:08.883 [http-nio-8081-exec-2] INFO  o.s.web.servlet.DispatcherServlet - Initializing Servlet 'dispatcherServlet'
2026-09-06 12:36:08.885 [http-nio-8081-exec-2] INFO  o.s.web.servlet.DispatcherServlet - Completed initialization in 1 ms
2026-09-06 12:36:09.127 [http-nio-8081-exec-2] INFO  r.i.i.p.service.GenerateDirService - create 3 state directory
2026-09-06 12:36:09.129 [http-nio-8081-exec-2] INFO  r.i.i.p.service.GenerateDirService - file: Z001002.VALID_ENROLL2.298 move to in-progress from controller
2026-09-06 12:36:09.133 [http-nio-8081-exec-2] INFO  r.i.i.p.service.ProcessFileService - start process file: Z001002.VALID_ENROLL2.298
2026-09-06 12:36:09.140 [http-nio-8081-exec-2] INFO  r.i.i.p.s.visitor.EnrollVisitor - title: Z001002.VALID_ENROLL2.298 is valid
2026-09-06 12:36:09.532 [http-nio-8081-exec-2] INFO  r.i.i.p.service.GenerateDirService - create 3 state directory
2026-09-06 12:36:09.534 [http-nio-8081-exec-2] INFO  r.i.i.p.service.GenerateDirService - file: Z001002.VALID_ENROLL2.298 move to success
2026-09-06 12:36:09.534 [http-nio-8081-exec-2] INFO  r.i.i.p.service.ProcessFileService - file: Z001002.VALID_ENROLL2.298 move in success
2026-09-06 12:36:09.534 [http-nio-8081-exec-2] INFO  r.i.i.p.c.FileChunkedController - file: Z001002.VALID_ENROLL2.298 success chunked get
2026-09-06 12:36:10.527 [http-nio-8081-exec-1] INFO  r.i.i.p.service.GenerateDirService - create 3 state directory
2026-09-06 12:36:10.529 [http-nio-8081-exec-1] INFO  r.i.i.p.service.GenerateDirService - file: Z001002.VALIDINTIME_ENROLL2.298 move to in-progress from controller
2026-09-06 12:36:10.532 [http-nio-8081-exec-1] INFO  r.i.i.p.service.ProcessFileService - start process file: Z001002.VALIDINTIME_ENROLL2.298
2026-09-06 12:36:10.534 [http-nio-8081-exec-1] INFO  r.i.i.p.s.visitor.EnrollVisitor - title: Z001002.VALIDINTIME_ENROLL2.298 is valid
2026-09-06 12:36:10.605 [http-nio-8081-exec-1] INFO  r.i.i.p.service.GenerateDirService - create 3 state directory
2026-09-06 12:36:10.606 [http-nio-8081-exec-1] INFO  r.i.i.p.service.GenerateDirService - file: Z001002.VALIDINTIME_ENROLL2.298 move to success
2026-09-06 12:36:10.606 [http-nio-8081-exec-1] INFO  r.i.i.p.service.ProcessFileService - file: Z001002.VALIDINTIME_ENROLL2.298 move in success
2026-09-06 12:36:10.606 [http-nio-8081-exec-1] INFO  r.i.i.p.c.FileChunkedController - file: Z001002.VALIDINTIME_ENROLL2.298 success chunked get
2026-09-06 12:36:10.710 [http-nio-8081-exec-3] INFO  r.i.i.p.service.GenerateDirService - create 3 state directory
2026-09-06 12:36:10.711 [http-nio-8081-exec-3] INFO  r.i.i.p.service.GenerateDirService - file: Z001002.ERRORHEADER_ENROLL2.298 move to in-progress from controller
2026-09-06 12:36:10.715 [http-nio-8081-exec-3] INFO  r.i.i.p.service.ProcessFileService - start process file: Z001002.ERRORHEADER_ENROLL2.298
2026-09-06 12:36:10.716 [http-nio-8081-exec-3] INFO  r.i.i.p.s.visitor.EnrollVisitor - title: Z001002.ERRORHEADER_ENROLL2.298 is valid
2026-09-06 12:36:10.724 [http-nio-8081-exec-3] WARN  r.i.i.p.s.visitor.EnrollVisitor - invalid header: H CORRUPTED_HEADER_DATA_12345
2026-09-06 12:36:10.746 [http-nio-8081-exec-3] WARN  r.i.i.p.s.visitor.EnrollVisitor - invalid header: Иванов Иван Иванович                                                                                40817810099910004321          ZR             1500.50
2026-09-06 12:36:10.760 [http-nio-8081-exec-3] WARN  r.i.i.p.s.visitor.EnrollVisitor - invalid header: T                   1
2026-09-06 12:36:10.773 [http-nio-8081-exec-3] WARN  r.i.i.p.service.ProcessFileService - Validation failed for file Z001002.ERRORHEADER_ENROLL2.298: invalid structure file
2026-09-06 12:36:10.803 [http-nio-8081-exec-3] INFO  r.i.i.p.service.GenerateDirService - create 3 state directory
2026-09-06 12:36:10.804 [http-nio-8081-exec-3] INFO  r.i.i.p.service.GenerateDirService - file: Z001002.ERRORHEADER_ENROLL2.298 move to error
2026-09-06 12:36:10.810 [http-nio-8081-exec-3] ERROR o.a.c.c.C.[.[.[.[dispatcherServlet] - Servlet.service() for servlet [dispatcherServlet] in context with path [] threw exception [Request processing failed: ru.itone.illya4gurenko.publisher_change_food_card.exception.FileValidationException: invalid structure file] with root cause
ru.itone.illya4gurenko.publisher_change_food_card.exception.FileValidationException: invalid structure file
	at ru.itone.illya4gurenko.publisher_change_food_card.service.visitor.EnrollVisitor.visit(EnrollVisitor.java:78)
	at java.base/java.nio.file.FileChannelLinesSpliterator.forEachRemaining(FileChannelLinesSpliterator.java:130)
	at java.base/java.util.stream.ReferencePipeline$Head.forEach(ReferencePipeline.java:762)
	at ru.itone.illya4gurenko.publisher_change_food_card.service.ProcessFileService.process(ProcessFileService.java:56)
	at ru.itone.illya4gurenko.publisher_change_food_card.controller.FileChunkedController.uploadChunkedStream(FileChunkedController.java:49)
	at java.base/jdk.internal.reflect.DirectMethodHandleAccessor.invoke(DirectMethodHandleAccessor.java:103)
	at java.base/java.lang.reflect.Method.invoke(Method.java:580)
	at org.springframework.web.method.support.InvocableHandlerMethod.doInvoke(InvocableHandlerMethod.java:255)
	at org.springframework.web.method.support.InvocableHandlerMethod.invokeForRequest(InvocableHandlerMethod.java:188)
	at org.springframework.web.servlet.mvc.method.annotation.ServletInvocableHandlerMethod.invokeAndHandle(ServletInvocableHandlerMethod.java:118)
	at org.springframework.web.servlet.mvc.method.annotation.RequestMappingHandlerAdapter.invokeHandlerMethod(RequestMappingHandlerAdapter.java:926)
	at org.springframework.web.servlet.mvc.method.annotation.RequestMappingHandlerAdapter.handleInternal(RequestMappingHandlerAdapter.java:831)
	at org.springframework.web.servlet.mvc.method.AbstractHandlerMethodAdapter.handle(AbstractHandlerMethodAdapter.java:87)
	at org.springframework.web.servlet.DispatcherServlet.doDispatch(DispatcherServlet.java:1089)
	at org.springframework.web.servlet.DispatcherServlet.doService(DispatcherServlet.java:979)
	at org.springframework.web.servlet.FrameworkServlet.processRequest(FrameworkServlet.java:1014)
	at org.springframework.web.servlet.FrameworkServlet.doPost(FrameworkServlet.java:914)
	at jakarta.servlet.http.HttpServlet.service(HttpServlet.java:590)
	at org.springframework.web.servlet.FrameworkServlet.service(FrameworkServlet.java:885)
	at jakarta.servlet.http.HttpServlet.service(HttpServlet.java:658)
	at org.apache.catalina.core.ApplicationFilterChain.internalDoFilter(ApplicationFilterChain.java:195)
	at org.apache.catalina.core.ApplicationFilterChain.doFilter(ApplicationFilterChain.java:140)
	at org.apache.tomcat.websocket.server.WsFilter.doFilter(WsFilter.java:51)
	at org.apache.catalina.core.ApplicationFilterChain.internalDoFilter(ApplicationFilterChain.java:164)
	at org.apache.catalina.core.ApplicationFilterChain.doFilter(ApplicationFilterChain.java:140)
	at org.springframework.web.filter.RequestContextFilter.doFilterInternal(RequestContextFilter.java:100)
	at org.springframework.web.filter.OncePerRequestFilter.doFilter(OncePerRequestFilter.java:116)
	at org.apache.catalina.core.ApplicationFilterChain.internalDoFilter(ApplicationFilterChain.java:164)
	at org.apache.catalina.core.ApplicationFilterChain.doFilter(ApplicationFilterChain.java:140)
	at org.springframework.web.filter.FormContentFilter.doFilterInternal(FormContentFilter.java:93)
	at org.springframework.web.filter.OncePerRequestFilter.doFilter(OncePerRequestFilter.java:116)
	at org.apache.catalina.core.ApplicationFilterChain.internalDoFilter(ApplicationFilterChain.java:164)
	at org.apache.catalina.core.ApplicationFilterChain.doFilter(ApplicationFilterChain.java:140)
	at org.springframework.web.filter.CharacterEncodingFilter.doFilterInternal(CharacterEncodingFilter.java:201)
	at org.springframework.web.filter.OncePerRequestFilter.doFilter(OncePerRequestFilter.java:116)
	at org.apache.catalina.core.ApplicationFilterChain.internalDoFilter(ApplicationFilterChain.java:164)
	at org.apache.catalina.core.ApplicationFilterChain.doFilter(ApplicationFilterChain.java:140)
	at org.apache.catalina.core.StandardWrapperValve.invoke(StandardWrapperValve.java:167)
	at org.apache.catalina.core.StandardContextValve.invoke(StandardContextValve.java:90)
	at org.apache.catalina.authenticator.AuthenticatorBase.invoke(AuthenticatorBase.java:483)
	at org.apache.catalina.core.StandardHostValve.invoke(StandardHostValve.java:115)
	at org.apache.catalina.valves.ErrorReportValve.invoke(ErrorReportValve.java:93)
	at org.apache.catalina.core.StandardEngineValve.invoke(StandardEngineValve.java:74)
	at org.apache.catalina.connector.CoyoteAdapter.service(CoyoteAdapter.java:344)
	at org.apache.coyote.http11.Http11Processor.service(Http11Processor.java:389)
	at org.apache.coyote.AbstractProcessorLight.process(AbstractProcessorLight.java:63)
	at org.apache.coyote.AbstractProtocol$ConnectionHandler.process(AbstractProtocol.java:904)
	at org.apache.tomcat.util.net.NioEndpoint$SocketProcessor.doRun(NioEndpoint.java:1741)
	at org.apache.tomcat.util.net.SocketProcessorBase.run(SocketProcessorBase.java:52)
	at org.apache.tomcat.util.threads.ThreadPoolExecutor.runWorker(ThreadPoolExecutor.java:1190)
	at org.apache.tomcat.util.threads.ThreadPoolExecutor$Worker.run(ThreadPoolExecutor.java:659)
	at org.apache.tomcat.util.threads.TaskThread$WrappingRunnable.run(TaskThread.java:63)
	at java.base/java.lang.Thread.run(Thread.java:1583)
2026-09-06 12:36:11.098 [http-nio-8081-exec-4] INFO  r.i.i.p.service.GenerateDirService - create 3 state directory
2026-09-06 12:36:11.099 [http-nio-8081-exec-4] INFO  r.i.i.p.service.GenerateDirService - file: Z001002.VALID_ENROLL2.298 move to in-progress from controller
2026-09-06 12:36:11.106 [http-nio-8081-exec-4] INFO  r.i.i.p.service.ProcessFileService - start process file: Z001002.VALID_ENROLL2.298
2026-09-06 12:36:11.108 [http-nio-8081-exec-4] INFO  r.i.i.p.s.visitor.EnrollVisitor - title: Z001002.VALID_ENROLL2.298 is valid
2026-09-06 12:36:11.160 [http-nio-8081-exec-4] INFO  r.i.i.p.service.GenerateDirService - create 3 state directory
2026-09-06 12:36:11.161 [http-nio-8081-exec-4] INFO  r.i.i.p.service.GenerateDirService - file: Z001002.VALID_ENROLL2.298 move to success
2026-09-06 12:36:11.162 [http-nio-8081-exec-4] INFO  r.i.i.p.service.ProcessFileService - file: Z001002.VALID_ENROLL2.298 move in success
2026-09-06 12:36:11.162 [http-nio-8081-exec-4] INFO  r.i.i.p.c.FileChunkedController - file: Z001002.VALID_ENROLL2.298 success chunked get
2026-09-06 12:36:11.175 [http-nio-8081-exec-5] WARN  r.i.i.p.c.FileChunkedController - file: Z001002.VALID_ENROLL2.298 is exist in db
2026-09-06 12:36:11.186 [Test worker] INFO  o.s.t.c.s.AnnotationConfigContextLoaderUtils - Could not detect default configuration classes for test class [ru.itone.illya4gurenko.publisher_change_food_card.controller.MultipartTest]: MultipartTest does not declare any static, non-private, non-final, nested classes annotated with @Configuration.
2026-09-06 12:36:11.189 [Test worker] INFO  o.s.b.t.c.SpringBootTestContextBootstrapper - Found @SpringBootConfiguration ru.itone.illya4gurenko.publisher_change_food_card.PublisherChangeFoodCardApplication for test class ru.itone.illya4gurenko.publisher_change_food_card.controller.MultipartTest
2026-09-06 12:36:11.317 [http-nio-8081-exec-6] INFO  r.i.i.p.service.GenerateDirService - create 3 state directory
2026-09-06 12:36:11.319 [http-nio-8081-exec-6] INFO  r.i.i.p.service.GenerateDirService - file: Z001002.ERRORCOUNT_ENROLL1.298 move to in-progress from controller
2026-09-06 12:36:11.324 [http-nio-8081-exec-6] INFO  r.i.i.p.service.ProcessFileService - start process file: Z001002.ERRORCOUNT_ENROLL1.298
2026-09-06 12:36:11.325 [http-nio-8081-exec-6] INFO  r.i.i.p.s.visitor.EnrollVisitor - title: Z001002.ERRORCOUNT_ENROLL1.298 is valid
2026-09-06 12:36:11.354 [http-nio-8081-exec-6] WARN  r.i.i.p.s.visitor.EnrollVisitor - invalid trailer: T                  10
2026-09-06 12:36:11.364 [http-nio-8081-exec-6] WARN  r.i.i.p.service.ProcessFileService - Validation failed for file Z001002.ERRORCOUNT_ENROLL1.298: File contains validation errors
2026-09-06 12:36:11.394 [http-nio-8081-exec-6] INFO  r.i.i.p.service.GenerateDirService - create 3 state directory
2026-09-06 12:36:11.395 [http-nio-8081-exec-6] INFO  r.i.i.p.service.GenerateDirService - file: Z001002.ERRORCOUNT_ENROLL1.298 move to error
2026-09-06 12:36:11.396 [http-nio-8081-exec-6] ERROR o.a.c.c.C.[.[.[.[dispatcherServlet] - Servlet.service() for servlet [dispatcherServlet] in context with path [] threw exception [Request processing failed: ru.itone.illya4gurenko.publisher_change_food_card.exception.FileValidationException: File contains validation errors] with root cause
ru.itone.illya4gurenko.publisher_change_food_card.exception.FileValidationException: File contains validation errors
	at ru.itone.illya4gurenko.publisher_change_food_card.service.visitor.EnrollVisitor.visit(EnrollVisitor.java:85)
	at java.base/java.nio.file.FileChannelLinesSpliterator.forEachRemaining(FileChannelLinesSpliterator.java:130)
	at java.base/java.util.stream.ReferencePipeline$Head.forEach(ReferencePipeline.java:762)
	at ru.itone.illya4gurenko.publisher_change_food_card.service.ProcessFileService.process(ProcessFileService.java:56)
	at ru.itone.illya4gurenko.publisher_change_food_card.controller.FileMultipartController.uploadMultipart(FileMultipartController.java:40)
	at java.base/jdk.internal.reflect.DirectMethodHandleAccessor.invoke(DirectMethodHandleAccessor.java:103)
	at java.base/java.lang.reflect.Method.invoke(Method.java:580)
	at org.springframework.web.method.support.InvocableHandlerMethod.doInvoke(InvocableHandlerMethod.java:255)
	at org.springframework.web.method.support.InvocableHandlerMethod.invokeForRequest(InvocableHandlerMethod.java:188)
	at org.springframework.web.servlet.mvc.method.annotation.ServletInvocableHandlerMethod.invokeAndHandle(ServletInvocableHandlerMethod.java:118)
	at org.springframework.web.servlet.mvc.method.annotation.RequestMappingHandlerAdapter.invokeHandlerMethod(RequestMappingHandlerAdapter.java:926)
	at org.springframework.web.servlet.mvc.method.annotation.RequestMappingHandlerAdapter.handleInternal(RequestMappingHandlerAdapter.java:831)
	at org.springframework.web.servlet.mvc.method.AbstractHandlerMethodAdapter.handle(AbstractHandlerMethodAdapter.java:87)
	at org.springframework.web.servlet.DispatcherServlet.doDispatch(DispatcherServlet.java:1089)
	at org.springframework.web.servlet.DispatcherServlet.doService(DispatcherServlet.java:979)
	at org.springframework.web.servlet.FrameworkServlet.processRequest(FrameworkServlet.java:1014)
	at org.springframework.web.servlet.FrameworkServlet.doPost(FrameworkServlet.java:914)
	at jakarta.servlet.http.HttpServlet.service(HttpServlet.java:590)
	at org.springframework.web.servlet.FrameworkServlet.service(FrameworkServlet.java:885)
	at jakarta.servlet.http.HttpServlet.service(HttpServlet.java:658)
	at org.apache.catalina.core.ApplicationFilterChain.internalDoFilter(ApplicationFilterChain.java:195)
	at org.apache.catalina.core.ApplicationFilterChain.doFilter(ApplicationFilterChain.java:140)
	at org.apache.tomcat.websocket.server.WsFilter.doFilter(WsFilter.java:51)
	at org.apache.catalina.core.ApplicationFilterChain.internalDoFilter(ApplicationFilterChain.java:164)
	at org.apache.catalina.core.ApplicationFilterChain.doFilter(ApplicationFilterChain.java:140)
	at org.springframework.web.filter.RequestContextFilter.doFilterInternal(RequestContextFilter.java:100)
	at org.springframework.web.filter.OncePerRequestFilter.doFilter(OncePerRequestFilter.java:116)
	at org.apache.catalina.core.ApplicationFilterChain.internalDoFilter(ApplicationFilterChain.java:164)
	at org.apache.catalina.core.ApplicationFilterChain.doFilter(ApplicationFilterChain.java:140)
	at org.springframework.web.filter.FormContentFilter.doFilterInternal(FormContentFilter.java:93)
	at org.springframework.web.filter.OncePerRequestFilter.doFilter(OncePerRequestFilter.java:116)
	at org.apache.catalina.core.ApplicationFilterChain.internalDoFilter(ApplicationFilterChain.java:164)
	at org.apache.catalina.core.ApplicationFilterChain.doFilter(ApplicationFilterChain.java:140)
	at org.springframework.web.filter.CharacterEncodingFilter.doFilterInternal(CharacterEncodingFilter.java:201)
	at org.springframework.web.filter.OncePerRequestFilter.doFilter(OncePerRequestFilter.java:116)
	at org.apache.catalina.core.ApplicationFilterChain.internalDoFilter(ApplicationFilterChain.java:164)
	at org.apache.catalina.core.ApplicationFilterChain.doFilter(ApplicationFilterChain.java:140)
	at org.apache.catalina.core.StandardWrapperValve.invoke(StandardWrapperValve.java:167)
	at org.apache.catalina.core.StandardContextValve.invoke(StandardContextValve.java:90)
	at org.apache.catalina.authenticator.AuthenticatorBase.invoke(AuthenticatorBase.java:483)
	at org.apache.catalina.core.StandardHostValve.invoke(StandardHostValve.java:115)
	at org.apache.catalina.valves.ErrorReportValve.invoke(ErrorReportValve.java:93)
	at org.apache.catalina.core.StandardEngineValve.invoke(StandardEngineValve.java:74)
	at org.apache.catalina.connector.CoyoteAdapter.service(CoyoteAdapter.java:344)
	at org.apache.coyote.http11.Http11Processor.service(Http11Processor.java:389)
	at org.apache.coyote.AbstractProcessorLight.process(AbstractProcessorLight.java:63)
	at org.apache.coyote.AbstractProtocol$ConnectionHandler.process(AbstractProtocol.java:904)
	at org.apache.tomcat.util.net.NioEndpoint$SocketProcessor.doRun(NioEndpoint.java:1741)
	at org.apache.tomcat.util.net.SocketProcessorBase.run(SocketProcessorBase.java:52)
	at org.apache.tomcat.util.threads.ThreadPoolExecutor.runWorker(ThreadPoolExecutor.java:1190)
	at org.apache.tomcat.util.threads.ThreadPoolExecutor$Worker.run(ThreadPoolExecutor.java:659)
	at org.apache.tomcat.util.threads.TaskThread$WrappingRunnable.run(TaskThread.java:63)
	at java.base/java.lang.Thread.run(Thread.java:1583)
2026-09-06 12:36:11.488 [http-nio-8081-exec-7] INFO  r.i.i.p.service.GenerateDirService - create 3 state directory
2026-09-06 12:36:11.490 [http-nio-8081-exec-7] INFO  r.i.i.p.service.GenerateDirService - file: Z001002.VALIDINTIME_ENROLL2.298 move to in-progress from controller
2026-09-06 12:36:11.494 [http-nio-8081-exec-7] INFO  r.i.i.p.service.ProcessFileService - start process file: Z001002.VALIDINTIME_ENROLL2.298
2026-09-06 12:36:11.495 [http-nio-8081-exec-7] INFO  r.i.i.p.s.visitor.EnrollVisitor - title: Z001002.VALIDINTIME_ENROLL2.298 is valid
2026-09-06 12:36:11.564 [http-nio-8081-exec-7] INFO  r.i.i.p.service.GenerateDirService - create 3 state directory
2026-09-06 12:36:11.565 [http-nio-8081-exec-7] INFO  r.i.i.p.service.GenerateDirService - file: Z001002.VALIDINTIME_ENROLL2.298 move to success
2026-09-06 12:36:11.566 [http-nio-8081-exec-7] INFO  r.i.i.p.service.ProcessFileService - file: Z001002.VALIDINTIME_ENROLL2.298 move in success
2026-09-06 12:36:11.566 [http-nio-8081-exec-7] INFO  r.i.i.p.c.FileMultipartController - file: Z001002.VALIDINTIME_ENROLL2.298 success multipart get
2026-09-06 12:36:11.661 [http-nio-8081-exec-8] INFO  r.i.i.p.service.GenerateDirService - create 3 state directory
2026-09-06 12:36:11.663 [http-nio-8081-exec-8] INFO  r.i.i.p.service.GenerateDirService - file: Z001002.VALID_ENROLL2.298 move to in-progress from controller
2026-09-06 12:36:11.666 [http-nio-8081-exec-8] INFO  r.i.i.p.service.ProcessFileService - start process file: Z001002.VALID_ENROLL2.298
2026-09-06 12:36:11.669 [http-nio-8081-exec-8] INFO  r.i.i.p.s.visitor.EnrollVisitor - title: Z001002.VALID_ENROLL2.298 is valid
2026-09-06 12:36:11.714 [http-nio-8081-exec-8] INFO  r.i.i.p.service.GenerateDirService - create 3 state directory
2026-09-06 12:36:11.715 [http-nio-8081-exec-8] INFO  r.i.i.p.service.GenerateDirService - file: Z001002.VALID_ENROLL2.298 move to success
2026-09-06 12:36:11.715 [http-nio-8081-exec-8] INFO  r.i.i.p.service.ProcessFileService - file: Z001002.VALID_ENROLL2.298 move in success
2026-09-06 12:36:11.715 [http-nio-8081-exec-8] INFO  r.i.i.p.c.FileMultipartController - file: Z001002.VALID_ENROLL2.298 success multipart get
2026-09-06 12:36:11.727 [http-nio-8081-exec-9] WARN  r.i.i.p.c.FileMultipartController - file: Z001002.VALID_ENROLL2.298 is exist in db
2026-09-06 12:36:11.800 [http-nio-8081-exec-10] INFO  r.i.i.p.service.GenerateDirService - create 3 state directory
2026-09-06 12:36:11.803 [http-nio-8081-exec-10] INFO  r.i.i.p.service.GenerateDirService - file: Z001002.ERRORTRAILER_ENROLL2.298 move to in-progress from controller
2026-09-06 12:36:11.807 [http-nio-8081-exec-10] INFO  r.i.i.p.service.ProcessFileService - start process file: Z001002.ERRORTRAILER_ENROLL2.298
2026-09-06 12:36:11.809 [http-nio-8081-exec-10] INFO  r.i.i.p.s.visitor.EnrollVisitor - title: Z001002.ERRORTRAILER_ENROLL2.298 is valid
2026-09-06 12:36:11.829 [http-nio-8081-exec-10] WARN  r.i.i.p.s.visitor.EnrollVisitor - invalid trailer: INVALID_TRAILER_STRING_FORMAT
2026-09-06 12:36:11.841 [http-nio-8081-exec-10] WARN  r.i.i.p.service.ProcessFileService - Validation failed for file Z001002.ERRORTRAILER_ENROLL2.298: File contains validation errors
2026-09-06 12:36:11.859 [http-nio-8081-exec-10] INFO  r.i.i.p.service.GenerateDirService - create 3 state directory
2026-09-06 12:36:11.860 [http-nio-8081-exec-10] INFO  r.i.i.p.service.GenerateDirService - file: Z001002.ERRORTRAILER_ENROLL2.298 move to error
2026-09-06 12:36:11.862 [http-nio-8081-exec-10] ERROR o.a.c.c.C.[.[.[.[dispatcherServlet] - Servlet.service() for servlet [dispatcherServlet] in context with path [] threw exception [Request processing failed: ru.itone.illya4gurenko.publisher_change_food_card.exception.FileValidationException: File contains validation errors] with root cause
ru.itone.illya4gurenko.publisher_change_food_card.exception.FileValidationException: File contains validation errors
	at ru.itone.illya4gurenko.publisher_change_food_card.service.visitor.EnrollVisitor.visit(EnrollVisitor.java:85)
	at java.base/java.nio.file.FileChannelLinesSpliterator.forEachRemaining(FileChannelLinesSpliterator.java:130)
	at java.base/java.util.stream.ReferencePipeline$Head.forEach(ReferencePipeline.java:762)
	at ru.itone.illya4gurenko.publisher_change_food_card.service.ProcessFileService.process(ProcessFileService.java:56)
	at ru.itone.illya4gurenko.publisher_change_food_card.controller.FileMultipartController.uploadMultipart(FileMultipartController.java:40)
	at java.base/jdk.internal.reflect.DirectMethodHandleAccessor.invoke(DirectMethodHandleAccessor.java:103)
	at java.base/java.lang.reflect.Method.invoke(Method.java:580)
	at org.springframework.web.method.support.InvocableHandlerMethod.doInvoke(InvocableHandlerMethod.java:255)
	at org.springframework.web.method.support.InvocableHandlerMethod.invokeForRequest(InvocableHandlerMethod.java:188)
	at org.springframework.web.servlet.mvc.method.annotation.ServletInvocableHandlerMethod.invokeAndHandle(ServletInvocableHandlerMethod.java:118)
	at org.springframework.web.servlet.mvc.method.annotation.RequestMappingHandlerAdapter.invokeHandlerMethod(RequestMappingHandlerAdapter.java:926)
	at org.springframework.web.servlet.mvc.method.annotation.RequestMappingHandlerAdapter.handleInternal(RequestMappingHandlerAdapter.java:831)
	at org.springframework.web.servlet.mvc.method.AbstractHandlerMethodAdapter.handle(AbstractHandlerMethodAdapter.java:87)
	at org.springframework.web.servlet.DispatcherServlet.doDispatch(DispatcherServlet.java:1089)
	at org.springframework.web.servlet.DispatcherServlet.doService(DispatcherServlet.java:979)
	at org.springframework.web.servlet.FrameworkServlet.processRequest(FrameworkServlet.java:1014)
	at org.springframework.web.servlet.FrameworkServlet.doPost(FrameworkServlet.java:914)
	at jakarta.servlet.http.HttpServlet.service(HttpServlet.java:590)
	at org.springframework.web.servlet.FrameworkServlet.service(FrameworkServlet.java:885)
	at jakarta.servlet.http.HttpServlet.service(HttpServlet.java:658)
	at org.apache.catalina.core.ApplicationFilterChain.internalDoFilter(ApplicationFilterChain.java:195)
	at org.apache.catalina.core.ApplicationFilterChain.doFilter(ApplicationFilterChain.java:140)
	at org.apache.tomcat.websocket.server.WsFilter.doFilter(WsFilter.java:51)
	at org.apache.catalina.core.ApplicationFilterChain.internalDoFilter(ApplicationFilterChain.java:164)
	at org.apache.catalina.core.ApplicationFilterChain.doFilter(ApplicationFilterChain.java:140)
	at org.springframework.web.filter.RequestContextFilter.doFilterInternal(RequestContextFilter.java:100)
	at org.springframework.web.filter.OncePerRequestFilter.doFilter(OncePerRequestFilter.java:116)
	at org.apache.catalina.core.ApplicationFilterChain.internalDoFilter(ApplicationFilterChain.java:164)
	at org.apache.catalina.core.ApplicationFilterChain.doFilter(ApplicationFilterChain.java:140)
	at org.springframework.web.filter.FormContentFilter.doFilterInternal(FormContentFilter.java:93)
	at org.springframework.web.filter.OncePerRequestFilter.doFilter(OncePerRequestFilter.java:116)
	at org.apache.catalina.core.ApplicationFilterChain.internalDoFilter(ApplicationFilterChain.java:164)
	at org.apache.catalina.core.ApplicationFilterChain.doFilter(ApplicationFilterChain.java:140)
	at org.springframework.web.filter.CharacterEncodingFilter.doFilterInternal(CharacterEncodingFilter.java:201)
	at org.springframework.web.filter.OncePerRequestFilter.doFilter(OncePerRequestFilter.java:116)
	at org.apache.catalina.core.ApplicationFilterChain.internalDoFilter(ApplicationFilterChain.java:164)
	at org.apache.catalina.core.ApplicationFilterChain.doFilter(ApplicationFilterChain.java:140)
	at org.apache.catalina.core.StandardWrapperValve.invoke(StandardWrapperValve.java:167)
	at org.apache.catalina.core.StandardContextValve.invoke(StandardContextValve.java:90)
	at org.apache.catalina.authenticator.AuthenticatorBase.invoke(AuthenticatorBase.java:483)
	at org.apache.catalina.core.StandardHostValve.invoke(StandardHostValve.java:115)
	at org.apache.catalina.valves.ErrorReportValve.invoke(ErrorReportValve.java:93)
	at org.apache.catalina.core.StandardEngineValve.invoke(StandardEngineValve.java:74)
	at org.apache.catalina.connector.CoyoteAdapter.service(CoyoteAdapter.java:344)
	at org.apache.coyote.http11.Http11Processor.service(Http11Processor.java:389)
	at org.apache.coyote.AbstractProcessorLight.process(AbstractProcessorLight.java:63)
	at org.apache.coyote.AbstractProtocol$ConnectionHandler.process(AbstractProtocol.java:904)
	at org.apache.tomcat.util.net.NioEndpoint$SocketProcessor.doRun(NioEndpoint.java:1741)
	at org.apache.tomcat.util.net.SocketProcessorBase.run(SocketProcessorBase.java:52)
	at org.apache.tomcat.util.threads.ThreadPoolExecutor.runWorker(ThreadPoolExecutor.java:1190)
	at org.apache.tomcat.util.threads.ThreadPoolExecutor$Worker.run(ThreadPoolExecutor.java:659)
	at org.apache.tomcat.util.threads.TaskThread$WrappingRunnable.run(TaskThread.java:63)
	at java.base/java.lang.Thread.run(Thread.java:1583)
2026-09-06 12:36:11.954 [http-nio-8081-exec-2] INFO  r.i.i.p.service.GenerateDirService - create 3 state directory
2026-09-06 12:36:11.956 [http-nio-8081-exec-2] INFO  r.i.i.p.service.GenerateDirService - file: Z001002.ERRORBODY_ENROLL2.298 move to in-progress from controller
2026-09-06 12:36:11.960 [http-nio-8081-exec-2] INFO  r.i.i.p.service.ProcessFileService - start process file: Z001002.ERRORBODY_ENROLL2.298
2026-09-06 12:36:11.962 [http-nio-8081-exec-2] INFO  r.i.i.p.s.visitor.EnrollVisitor - title: Z001002.ERRORBODY_ENROLL2.298 is valid
2026-09-06 12:36:11.975 [http-nio-8081-exec-2] WARN  r.i.i.p.s.visitor.EnrollVisitor - body: Алексеев Алексей Алексеевич                                                                         40817810099910009999          DR            -5000.00, has error: [ValidationError[code=B05, message=amount mustn`t <0: -5000.00]]
2026-09-06 12:36:11.995 [http-nio-8081-exec-2] WARN  r.i.i.p.service.ProcessFileService - Validation failed for file Z001002.ERRORBODY_ENROLL2.298: File contains validation errors
2026-09-06 12:36:12.013 [http-nio-8081-exec-2] INFO  r.i.i.p.service.GenerateDirService - create 3 state directory
2026-09-06 12:36:12.014 [http-nio-8081-exec-2] INFO  r.i.i.p.service.GenerateDirService - file: Z001002.ERRORBODY_ENROLL2.298 move to error
2026-09-06 12:36:12.016 [http-nio-8081-exec-2] ERROR o.a.c.c.C.[.[.[.[dispatcherServlet] - Servlet.service() for servlet [dispatcherServlet] in context with path [] threw exception [Request processing failed: ru.itone.illya4gurenko.publisher_change_food_card.exception.FileValidationException: File contains validation errors] with root cause
ru.itone.illya4gurenko.publisher_change_food_card.exception.FileValidationException: File contains validation errors
	at ru.itone.illya4gurenko.publisher_change_food_card.service.visitor.EnrollVisitor.visit(EnrollVisitor.java:85)
	at java.base/java.nio.file.FileChannelLinesSpliterator.forEachRemaining(FileChannelLinesSpliterator.java:130)
	at java.base/java.util.stream.ReferencePipeline$Head.forEach(ReferencePipeline.java:762)
	at ru.itone.illya4gurenko.publisher_change_food_card.service.ProcessFileService.process(ProcessFileService.java:56)
	at ru.itone.illya4gurenko.publisher_change_food_card.controller.FileMultipartController.uploadMultipart(FileMultipartController.java:40)
	at java.base/jdk.internal.reflect.DirectMethodHandleAccessor.invoke(DirectMethodHandleAccessor.java:103)
	at java.base/java.lang.reflect.Method.invoke(Method.java:580)
	at org.springframework.web.method.support.InvocableHandlerMethod.doInvoke(InvocableHandlerMethod.java:255)
	at org.springframework.web.method.support.InvocableHandlerMethod.invokeForRequest(InvocableHandlerMethod.java:188)
	at org.springframework.web.servlet.mvc.method.annotation.ServletInvocableHandlerMethod.invokeAndHandle(ServletInvocableHandlerMethod.java:118)
	at org.springframework.web.servlet.mvc.method.annotation.RequestMappingHandlerAdapter.invokeHandlerMethod(RequestMappingHandlerAdapter.java:926)
	at org.springframework.web.servlet.mvc.method.annotation.RequestMappingHandlerAdapter.handleInternal(RequestMappingHandlerAdapter.java:831)
	at org.springframework.web.servlet.mvc.method.AbstractHandlerMethodAdapter.handle(AbstractHandlerMethodAdapter.java:87)
	at org.springframework.web.servlet.DispatcherServlet.doDispatch(DispatcherServlet.java:1089)
	at org.springframework.web.servlet.DispatcherServlet.doService(DispatcherServlet.java:979)
	at org.springframework.web.servlet.FrameworkServlet.processRequest(FrameworkServlet.java:1014)
	at org.springframework.web.servlet.FrameworkServlet.doPost(FrameworkServlet.java:914)
	at jakarta.servlet.http.HttpServlet.service(HttpServlet.java:590)
	at org.springframework.web.servlet.FrameworkServlet.service(FrameworkServlet.java:885)
	at jakarta.servlet.http.HttpServlet.service(HttpServlet.java:658)
	at org.apache.catalina.core.ApplicationFilterChain.internalDoFilter(ApplicationFilterChain.java:195)
	at org.apache.catalina.core.ApplicationFilterChain.doFilter(ApplicationFilterChain.java:140)
	at org.apache.tomcat.websocket.server.WsFilter.doFilter(WsFilter.java:51)
	at org.apache.catalina.core.ApplicationFilterChain.internalDoFilter(ApplicationFilterChain.java:164)
	at org.apache.catalina.core.ApplicationFilterChain.doFilter(ApplicationFilterChain.java:140)
	at org.springframework.web.filter.RequestContextFilter.doFilterInternal(RequestContextFilter.java:100)
	at org.springframework.web.filter.OncePerRequestFilter.doFilter(OncePerRequestFilter.java:116)
	at org.apache.catalina.core.ApplicationFilterChain.internalDoFilter(ApplicationFilterChain.java:164)
	at org.apache.catalina.core.ApplicationFilterChain.doFilter(ApplicationFilterChain.java:140)
	at org.springframework.web.filter.FormContentFilter.doFilterInternal(FormContentFilter.java:93)
	at org.springframework.web.filter.OncePerRequestFilter.doFilter(OncePerRequestFilter.java:116)
	at org.apache.catalina.core.ApplicationFilterChain.internalDoFilter(ApplicationFilterChain.java:164)
	at org.apache.catalina.core.ApplicationFilterChain.doFilter(ApplicationFilterChain.java:140)
	at org.springframework.web.filter.CharacterEncodingFilter.doFilterInternal(CharacterEncodingFilter.java:201)
	at org.springframework.web.filter.OncePerRequestFilter.doFilter(OncePerRequestFilter.java:116)
	at org.apache.catalina.core.ApplicationFilterChain.internalDoFilter(ApplicationFilterChain.java:164)
	at org.apache.catalina.core.ApplicationFilterChain.doFilter(ApplicationFilterChain.java:140)
	at org.apache.catalina.core.StandardWrapperValve.invoke(StandardWrapperValve.java:167)
	at org.apache.catalina.core.StandardContextValve.invoke(StandardContextValve.java:90)
	at org.apache.catalina.authenticator.AuthenticatorBase.invoke(AuthenticatorBase.java:483)
	at org.apache.catalina.core.StandardHostValve.invoke(StandardHostValve.java:115)
	at org.apache.catalina.valves.ErrorReportValve.invoke(ErrorReportValve.java:93)
	at org.apache.catalina.core.StandardEngineValve.invoke(StandardEngineValve.java:74)
	at org.apache.catalina.connector.CoyoteAdapter.service(CoyoteAdapter.java:344)
	at org.apache.coyote.http11.Http11Processor.service(Http11Processor.java:389)
	at org.apache.coyote.AbstractProcessorLight.process(AbstractProcessorLight.java:63)
	at org.apache.coyote.AbstractProtocol$ConnectionHandler.process(AbstractProtocol.java:904)
	at org.apache.tomcat.util.net.NioEndpoint$SocketProcessor.doRun(NioEndpoint.java:1741)
	at org.apache.tomcat.util.net.SocketProcessorBase.run(SocketProcessorBase.java:52)
	at org.apache.tomcat.util.threads.ThreadPoolExecutor.runWorker(ThreadPoolExecutor.java:1190)
	at org.apache.tomcat.util.threads.ThreadPoolExecutor$Worker.run(ThreadPoolExecutor.java:659)
	at org.apache.tomcat.util.threads.TaskThread$WrappingRunnable.run(TaskThread.java:63)
	at java.base/java.lang.Thread.run(Thread.java:1583)
2026-09-06 12:36:12.107 [http-nio-8081-exec-1] INFO  r.i.i.p.service.GenerateDirService - create 3 state directory
2026-09-06 12:36:12.109 [http-nio-8081-exec-1] INFO  r.i.i.p.service.GenerateDirService - file: Z001002.VALID_ENROLL2.298 move to in-progress from controller
2026-09-06 12:36:12.113 [http-nio-8081-exec-1] INFO  r.i.i.p.service.ProcessFileService - start process file: Z001002.VALID_ENROLL2.298
2026-09-06 12:36:12.114 [http-nio-8081-exec-1] INFO  r.i.i.p.s.visitor.EnrollVisitor - title: Z001002.VALID_ENROLL2.298 is valid
2026-09-06 12:36:12.162 [http-nio-8081-exec-1] INFO  r.i.i.p.service.GenerateDirService - create 3 state directory
2026-09-06 12:36:12.163 [http-nio-8081-exec-1] INFO  r.i.i.p.service.GenerateDirService - file: Z001002.VALID_ENROLL2.298 move to success
2026-09-06 12:36:12.164 [http-nio-8081-exec-1] INFO  r.i.i.p.service.ProcessFileService - file: Z001002.VALID_ENROLL2.298 move in success
2026-09-06 12:36:12.164 [http-nio-8081-exec-1] INFO  r.i.i.p.c.FileMultipartController - file: Z001002.VALID_ENROLL2.298 success multipart get
2026-09-06 12:36:12.259 [http-nio-8081-exec-3] INFO  r.i.i.p.service.GenerateDirService - create 3 state directory
2026-09-06 12:36:12.261 [http-nio-8081-exec-3] INFO  r.i.i.p.service.GenerateDirService - file: Z001002.ERRORHEADER_ENROLL2.298 move to in-progress from controller
2026-09-06 12:36:12.264 [http-nio-8081-exec-3] INFO  r.i.i.p.service.ProcessFileService - start process file: Z001002.ERRORHEADER_ENROLL2.298
2026-09-06 12:36:12.265 [http-nio-8081-exec-3] INFO  r.i.i.p.s.visitor.EnrollVisitor - title: Z001002.ERRORHEADER_ENROLL2.298 is valid
2026-09-06 12:36:12.272 [http-nio-8081-exec-3] WARN  r.i.i.p.s.visitor.EnrollVisitor - invalid header: H CORRUPTED_HEADER_DATA_12345
2026-09-06 12:36:12.281 [http-nio-8081-exec-3] WARN  r.i.i.p.s.visitor.EnrollVisitor - invalid header: Иванов Иван Иванович                                                                                40817810099910004321          ZR             1500.50
2026-09-06 12:36:12.293 [http-nio-8081-exec-3] WARN  r.i.i.p.s.visitor.EnrollVisitor - invalid header: T                   1
2026-09-06 12:36:12.303 [http-nio-8081-exec-3] WARN  r.i.i.p.service.ProcessFileService - Validation failed for file Z001002.ERRORHEADER_ENROLL2.298: invalid structure file
2026-09-06 12:36:12.322 [http-nio-8081-exec-3] INFO  r.i.i.p.service.GenerateDirService - create 3 state directory
2026-09-06 12:36:12.323 [http-nio-8081-exec-3] INFO  r.i.i.p.service.GenerateDirService - file: Z001002.ERRORHEADER_ENROLL2.298 move to error
2026-09-06 12:36:12.324 [http-nio-8081-exec-3] ERROR o.a.c.c.C.[.[.[.[dispatcherServlet] - Servlet.service() for servlet [dispatcherServlet] in context with path [] threw exception [Request processing failed: ru.itone.illya4gurenko.publisher_change_food_card.exception.FileValidationException: invalid structure file] with root cause
ru.itone.illya4gurenko.publisher_change_food_card.exception.FileValidationException: invalid structure file
	at ru.itone.illya4gurenko.publisher_change_food_card.service.visitor.EnrollVisitor.visit(EnrollVisitor.java:78)
	at java.base/java.nio.file.FileChannelLinesSpliterator.forEachRemaining(FileChannelLinesSpliterator.java:130)
	at java.base/java.util.stream.ReferencePipeline$Head.forEach(ReferencePipeline.java:762)
	at ru.itone.illya4gurenko.publisher_change_food_card.service.ProcessFileService.process(ProcessFileService.java:56)
	at ru.itone.illya4gurenko.publisher_change_food_card.controller.FileMultipartController.uploadMultipart(FileMultipartController.java:40)
	at java.base/jdk.internal.reflect.DirectMethodHandleAccessor.invoke(DirectMethodHandleAccessor.java:103)
	at java.base/java.lang.reflect.Method.invoke(Method.java:580)
	at org.springframework.web.method.support.InvocableHandlerMethod.doInvoke(InvocableHandlerMethod.java:255)
	at org.springframework.web.method.support.InvocableHandlerMethod.invokeForRequest(InvocableHandlerMethod.java:188)
	at org.springframework.web.servlet.mvc.method.annotation.ServletInvocableHandlerMethod.invokeAndHandle(ServletInvocableHandlerMethod.java:118)
	at org.springframework.web.servlet.mvc.method.annotation.RequestMappingHandlerAdapter.invokeHandlerMethod(RequestMappingHandlerAdapter.java:926)
	at org.springframework.web.servlet.mvc.method.annotation.RequestMappingHandlerAdapter.handleInternal(RequestMappingHandlerAdapter.java:831)
	at org.springframework.web.servlet.mvc.method.AbstractHandlerMethodAdapter.handle(AbstractHandlerMethodAdapter.java:87)
	at org.springframework.web.servlet.DispatcherServlet.doDispatch(DispatcherServlet.java:1089)
	at org.springframework.web.servlet.DispatcherServlet.doService(DispatcherServlet.java:979)
	at org.springframework.web.servlet.FrameworkServlet.processRequest(FrameworkServlet.java:1014)
	at org.springframework.web.servlet.FrameworkServlet.doPost(FrameworkServlet.java:914)
	at jakarta.servlet.http.HttpServlet.service(HttpServlet.java:590)
	at org.springframework.web.servlet.FrameworkServlet.service(FrameworkServlet.java:885)
	at jakarta.servlet.http.HttpServlet.service(HttpServlet.java:658)
	at org.apache.catalina.core.ApplicationFilterChain.internalDoFilter(ApplicationFilterChain.java:195)
	at org.apache.catalina.core.ApplicationFilterChain.doFilter(ApplicationFilterChain.java:140)
	at org.apache.tomcat.websocket.server.WsFilter.doFilter(WsFilter.java:51)
	at org.apache.catalina.core.ApplicationFilterChain.internalDoFilter(ApplicationFilterChain.java:164)
	at org.apache.catalina.core.ApplicationFilterChain.doFilter(ApplicationFilterChain.java:140)
	at org.springframework.web.filter.RequestContextFilter.doFilterInternal(RequestContextFilter.java:100)
	at org.springframework.web.filter.OncePerRequestFilter.doFilter(OncePerRequestFilter.java:116)
	at org.apache.catalina.core.ApplicationFilterChain.internalDoFilter(ApplicationFilterChain.java:164)
	at org.apache.catalina.core.ApplicationFilterChain.doFilter(ApplicationFilterChain.java:140)
	at org.springframework.web.filter.FormContentFilter.doFilterInternal(FormContentFilter.java:93)
	at org.springframework.web.filter.OncePerRequestFilter.doFilter(OncePerRequestFilter.java:116)
	at org.apache.catalina.core.ApplicationFilterChain.internalDoFilter(ApplicationFilterChain.java:164)
	at org.apache.catalina.core.ApplicationFilterChain.doFilter(ApplicationFilterChain.java:140)
	at org.springframework.web.filter.CharacterEncodingFilter.doFilterInternal(CharacterEncodingFilter.java:201)
	at org.springframework.web.filter.OncePerRequestFilter.doFilter(OncePerRequestFilter.java:116)
	at org.apache.catalina.core.ApplicationFilterChain.internalDoFilter(ApplicationFilterChain.java:164)
	at org.apache.catalina.core.ApplicationFilterChain.doFilter(ApplicationFilterChain.java:140)
	at org.apache.catalina.core.StandardWrapperValve.invoke(StandardWrapperValve.java:167)
	at org.apache.catalina.core.StandardContextValve.invoke(StandardContextValve.java:90)
	at org.apache.catalina.authenticator.AuthenticatorBase.invoke(AuthenticatorBase.java:483)
	at org.apache.catalina.core.StandardHostValve.invoke(StandardHostValve.java:115)
	at org.apache.catalina.valves.ErrorReportValve.invoke(ErrorReportValve.java:93)
	at org.apache.catalina.core.StandardEngineValve.invoke(StandardEngineValve.java:74)
	at org.apache.catalina.connector.CoyoteAdapter.service(CoyoteAdapter.java:344)
	at org.apache.coyote.http11.Http11Processor.service(Http11Processor.java:389)
	at org.apache.coyote.AbstractProcessorLight.process(AbstractProcessorLight.java:63)
	at org.apache.coyote.AbstractProtocol$ConnectionHandler.process(AbstractProtocol.java:904)
	at org.apache.tomcat.util.net.NioEndpoint$SocketProcessor.doRun(NioEndpoint.java:1741)
	at org.apache.tomcat.util.net.SocketProcessorBase.run(SocketProcessorBase.java:52)
	at org.apache.tomcat.util.threads.ThreadPoolExecutor.runWorker(ThreadPoolExecutor.java:1190)
	at org.apache.tomcat.util.threads.ThreadPoolExecutor$Worker.run(ThreadPoolExecutor.java:659)
	at org.apache.tomcat.util.threads.TaskThread$WrappingRunnable.run(TaskThread.java:63)
	at java.base/java.lang.Thread.run(Thread.java:1583)
2026-09-06 12:36:12.355 [Test worker] INFO  o.s.t.c.s.AnnotationConfigContextLoaderUtils - Could not detect default configuration classes for test class [ru.itone.illya4gurenko.publisher_change_food_card.grpc.GrpcTest]: GrpcTest does not declare any static, non-private, non-final, nested classes annotated with @Configuration.
2026-09-06 12:36:12.362 [Test worker] INFO  o.s.b.t.c.SpringBootTestContextBootstrapper - Found @SpringBootConfiguration ru.itone.illya4gurenko.publisher_change_food_card.PublisherChangeFoodCardApplication for test class ru.itone.illya4gurenko.publisher_change_food_card.grpc.GrpcTest
2026-09-06 12:36:13.252 [grpc-default-executor-1] INFO  r.i.i.p.c.FileUploadGrpcService - get grpc-chunk for file: Z001002.VALID_ENROLL2.298
2026-09-06 12:36:13.253 [grpc-default-executor-1] INFO  r.i.i.p.service.GenerateDirService - create 3 state directory
2026-09-06 12:36:13.258 [grpc-default-executor-1] INFO  r.i.i.p.c.FileUploadGrpcService - gRPC stream end. get 222 byte for file 'Z001002.VALID_ENROLL2.298'
2026-09-06 12:36:13.267 [grpc-default-executor-1] INFO  r.i.i.p.service.ProcessFileService - start process file: Z001002.VALID_ENROLL2.298
2026-09-06 12:36:13.269 [grpc-default-executor-1] INFO  r.i.i.p.s.visitor.EnrollVisitor - title: Z001002.VALID_ENROLL2.298 is valid
2026-09-06 12:36:13.337 [grpc-default-executor-1] INFO  r.i.i.p.service.GenerateDirService - create 3 state directory
2026-09-06 12:36:13.339 [grpc-default-executor-1] INFO  r.i.i.p.service.GenerateDirService - file: Z001002.VALID_ENROLL2.298 move to success
2026-09-06 12:36:13.339 [grpc-default-executor-1] INFO  r.i.i.p.service.ProcessFileService - file: Z001002.VALID_ENROLL2.298 move in success
2026-09-06 12:36:13.495 [grpc-default-executor-1] INFO  r.i.i.p.c.FileUploadGrpcService - get grpc-chunk for file: Z001002.VALIDINTIME_ENROLL2.298
2026-09-06 12:36:13.497 [grpc-default-executor-1] INFO  r.i.i.p.service.GenerateDirService - create 3 state directory
2026-09-06 12:36:13.510 [grpc-default-executor-1] INFO  r.i.i.p.c.FileUploadGrpcService - gRPC stream end. get 410 byte for file 'Z001002.VALIDINTIME_ENROLL2.298'
2026-09-06 12:36:13.525 [grpc-default-executor-1] INFO  r.i.i.p.service.ProcessFileService - start process file: Z001002.VALIDINTIME_ENROLL2.298
2026-09-06 12:36:13.529 [grpc-default-executor-1] INFO  r.i.i.p.s.visitor.EnrollVisitor - title: Z001002.VALIDINTIME_ENROLL2.298 is valid
2026-09-06 12:36:13.630 [grpc-default-executor-1] INFO  r.i.i.p.service.GenerateDirService - create 3 state directory
2026-09-06 12:36:13.632 [grpc-default-executor-1] INFO  r.i.i.p.service.GenerateDirService - file: Z001002.VALIDINTIME_ENROLL2.298 move to success
2026-09-06 12:36:13.633 [grpc-default-executor-1] INFO  r.i.i.p.service.ProcessFileService - file: Z001002.VALIDINTIME_ENROLL2.298 move in success
2026-09-06 12:36:13.761 [grpc-default-executor-0] INFO  r.i.i.p.c.FileUploadGrpcService - get grpc-chunk for file: Z001002.ERRORBODY_ENROLL2.298
2026-09-06 12:36:13.762 [grpc-default-executor-0] INFO  r.i.i.p.service.GenerateDirService - create 3 state directory
2026-09-06 12:36:13.764 [grpc-default-executor-0] INFO  r.i.i.p.c.FileUploadGrpcService - gRPC stream end. get 229 byte for file 'Z001002.ERRORBODY_ENROLL2.298'
2026-09-06 12:36:13.770 [grpc-default-executor-0] INFO  r.i.i.p.service.ProcessFileService - start process file: Z001002.ERRORBODY_ENROLL2.298
2026-09-06 12:36:13.772 [grpc-default-executor-0] INFO  r.i.i.p.s.visitor.EnrollVisitor - title: Z001002.ERRORBODY_ENROLL2.298 is valid
2026-09-06 12:36:13.782 [grpc-default-executor-0] WARN  r.i.i.p.s.visitor.EnrollVisitor - body: Алексеев Алексей Алексеевич                                                                         40817810099910009999          DR            -5000.00, has error: [ValidationError[code=B05, message=amount mustn`t <0: -5000.00]]
2026-09-06 12:36:13.798 [grpc-default-executor-0] WARN  r.i.i.p.service.ProcessFileService - Validation failed for file Z001002.ERRORBODY_ENROLL2.298: File contains validation errors
2026-09-06 12:36:13.816 [grpc-default-executor-0] INFO  r.i.i.p.service.GenerateDirService - create 3 state directory
2026-09-06 12:36:13.817 [grpc-default-executor-0] INFO  r.i.i.p.service.GenerateDirService - file: Z001002.ERRORBODY_ENROLL2.298 move to error
2026-09-06 12:36:13.818 [grpc-default-executor-0] ERROR r.i.i.p.c.FileUploadGrpcService - error process file: Z001002.ERRORBODY_ENROLL2.298
ru.itone.illya4gurenko.publisher_change_food_card.exception.FileValidationException: File contains validation errors
	at ru.itone.illya4gurenko.publisher_change_food_card.service.visitor.EnrollVisitor.visit(EnrollVisitor.java:85)
	at java.base/java.nio.file.FileChannelLinesSpliterator.forEachRemaining(FileChannelLinesSpliterator.java:130)
	at java.base/java.util.stream.ReferencePipeline$Head.forEach(ReferencePipeline.java:762)
	at ru.itone.illya4gurenko.publisher_change_food_card.service.ProcessFileService.process(ProcessFileService.java:56)
	at ru.itone.illya4gurenko.publisher_change_food_card.controller.FileUploadGrpcService$1.onCompleted(FileUploadGrpcService.java:84)
	at io.grpc.stub.ServerCalls$StreamingServerCallHandler$StreamingServerCallListener.onHalfClose(ServerCalls.java:273)
	at io.grpc.PartialForwardingServerCallListener.onHalfClose(PartialForwardingServerCallListener.java:35)
	at io.grpc.ForwardingServerCallListener.onHalfClose(ForwardingServerCallListener.java:23)
	at io.grpc.ForwardingServerCallListener$SimpleForwardingServerCallListener.onHalfClose(ForwardingServerCallListener.java:40)
	at io.grpc.Contexts$ContextualizedServerCallListener.onHalfClose(Contexts.java:86)
	at io.grpc.internal.ServerCallImpl$ServerStreamListenerImpl.halfClosed(ServerCallImpl.java:356)
	at io.grpc.internal.ServerImpl$JumpToApplicationThreadServerStreamListener$1HalfClosed.runInContext(ServerImpl.java:861)
	at io.grpc.internal.ContextRunnable.run(ContextRunnable.java:37)
	at io.grpc.internal.SerializingExecutor.run(SerializingExecutor.java:133)
	at java.base/java.util.concurrent.ThreadPoolExecutor.runWorker(ThreadPoolExecutor.java:1144)
	at java.base/java.util.concurrent.ThreadPoolExecutor$Worker.run(ThreadPoolExecutor.java:642)
	at java.base/java.lang.Thread.run(Thread.java:1583)
2026-09-06 12:36:13.889 [grpc-default-executor-1] INFO  r.i.i.p.c.FileUploadGrpcService - get grpc-chunk for file: Z001002.ERRORTRAILER_ENROLL2.298
2026-09-06 12:36:13.889 [grpc-default-executor-1] INFO  r.i.i.p.service.GenerateDirService - create 3 state directory
2026-09-06 12:36:13.892 [grpc-default-executor-1] INFO  r.i.i.p.c.FileUploadGrpcService - gRPC stream end. get 230 byte for file 'Z001002.ERRORTRAILER_ENROLL2.298'
2026-09-06 12:36:13.895 [grpc-default-executor-1] INFO  r.i.i.p.service.ProcessFileService - start process file: Z001002.ERRORTRAILER_ENROLL2.298
2026-09-06 12:36:13.897 [grpc-default-executor-1] INFO  r.i.i.p.s.visitor.EnrollVisitor - title: Z001002.ERRORTRAILER_ENROLL2.298 is valid
2026-09-06 12:36:13.918 [grpc-default-executor-1] WARN  r.i.i.p.s.visitor.EnrollVisitor - invalid trailer: INVALID_TRAILER_STRING_FORMAT
2026-09-06 12:36:13.927 [grpc-default-executor-1] WARN  r.i.i.p.service.ProcessFileService - Validation failed for file Z001002.ERRORTRAILER_ENROLL2.298: File contains validation errors
2026-09-06 12:36:13.944 [grpc-default-executor-1] INFO  r.i.i.p.service.GenerateDirService - create 3 state directory
2026-09-06 12:36:13.945 [grpc-default-executor-1] INFO  r.i.i.p.service.GenerateDirService - file: Z001002.ERRORTRAILER_ENROLL2.298 move to error
2026-09-06 12:36:13.945 [grpc-default-executor-1] ERROR r.i.i.p.c.FileUploadGrpcService - error process file: Z001002.ERRORTRAILER_ENROLL2.298
ru.itone.illya4gurenko.publisher_change_food_card.exception.FileValidationException: File contains validation errors
	at ru.itone.illya4gurenko.publisher_change_food_card.service.visitor.EnrollVisitor.visit(EnrollVisitor.java:85)
	at java.base/java.nio.file.FileChannelLinesSpliterator.forEachRemaining(FileChannelLinesSpliterator.java:130)
	at java.base/java.util.stream.ReferencePipeline$Head.forEach(ReferencePipeline.java:762)
	at ru.itone.illya4gurenko.publisher_change_food_card.service.ProcessFileService.process(ProcessFileService.java:56)
	at ru.itone.illya4gurenko.publisher_change_food_card.controller.FileUploadGrpcService$1.onCompleted(FileUploadGrpcService.java:84)
	at io.grpc.stub.ServerCalls$StreamingServerCallHandler$StreamingServerCallListener.onHalfClose(ServerCalls.java:273)
	at io.grpc.PartialForwardingServerCallListener.onHalfClose(PartialForwardingServerCallListener.java:35)
	at io.grpc.ForwardingServerCallListener.onHalfClose(ForwardingServerCallListener.java:23)
	at io.grpc.ForwardingServerCallListener$SimpleForwardingServerCallListener.onHalfClose(ForwardingServerCallListener.java:40)
	at io.grpc.Contexts$ContextualizedServerCallListener.onHalfClose(Contexts.java:86)
	at io.grpc.internal.ServerCallImpl$ServerStreamListenerImpl.halfClosed(ServerCallImpl.java:356)
	at io.grpc.internal.ServerImpl$JumpToApplicationThreadServerStreamListener$1HalfClosed.runInContext(ServerImpl.java:861)
	at io.grpc.internal.ContextRunnable.run(ContextRunnable.java:37)
	at io.grpc.internal.SerializingExecutor.run(SerializingExecutor.java:133)
	at java.base/java.util.concurrent.ThreadPoolExecutor.runWorker(ThreadPoolExecutor.java:1144)
	at java.base/java.util.concurrent.ThreadPoolExecutor$Worker.run(ThreadPoolExecutor.java:642)
	at java.base/java.lang.Thread.run(Thread.java:1583)
2026-09-06 12:36:13.972 [Test worker] INFO  o.s.t.c.s.AnnotationConfigContextLoaderUtils - Could not detect default configuration classes for test class [ru.itone.illya4gurenko.publisher_change_food_card.local.SystemDirTest]: SystemDirTest does not declare any static, non-private, non-final, nested classes annotated with @Configuration.
2026-09-06 12:36:13.978 [Test worker] INFO  o.s.b.t.c.SpringBootTestContextBootstrapper - Found @SpringBootConfiguration ru.itone.illya4gurenko.publisher_change_food_card.PublisherChangeFoodCardApplication for test class ru.itone.illya4gurenko.publisher_change_food_card.local.SystemDirTest
2026-09-06 12:36:14.043 [Test worker] INFO  r.i.i.p.service.CheckDirService - service get new file: Z001002.VALID_ENROLL2.298
2026-09-06 12:36:14.046 [Test worker] INFO  r.i.i.p.service.ProcessFileService - start process file: Z001002.VALID_ENROLL2.298
2026-09-06 12:36:14.048 [Test worker] INFO  r.i.i.p.service.GenerateDirService - create 3 state directory
2026-09-06 12:36:14.049 [Test worker] INFO  r.i.i.p.service.GenerateDirService - file: Z001002.VALID_ENROLL2.298 move to in-progress
2026-09-06 12:36:14.052 [Test worker] INFO  r.i.i.p.s.visitor.EnrollVisitor - title: Z001002.VALID_ENROLL2.298 is valid
2026-09-06 12:36:14.095 [Test worker] INFO  r.i.i.p.service.GenerateDirService - create 3 state directory
2026-09-06 12:36:14.097 [Test worker] INFO  r.i.i.p.service.GenerateDirService - file: Z001002.VALID_ENROLL2.298 move to success
2026-09-06 12:36:14.097 [Test worker] INFO  r.i.i.p.service.ProcessFileService - file: Z001002.VALID_ENROLL2.298 move in success
2026-09-06 12:36:14.165 [Test worker] INFO  r.i.i.p.service.CheckDirService - service get new file: Z001002.ERRORCOUNT_ENROLL1.298
2026-09-06 12:36:14.171 [Test worker] INFO  r.i.i.p.service.ProcessFileService - start process file: Z001002.ERRORCOUNT_ENROLL1.298
2026-09-06 12:36:14.172 [Test worker] INFO  r.i.i.p.service.GenerateDirService - create 3 state directory
2026-09-06 12:36:14.172 [Test worker] INFO  r.i.i.p.service.GenerateDirService - file: Z001002.ERRORCOUNT_ENROLL1.298 move to in-progress
2026-09-06 12:36:14.174 [Test worker] INFO  r.i.i.p.s.visitor.EnrollVisitor - title: Z001002.ERRORCOUNT_ENROLL1.298 is valid
2026-09-06 12:36:14.201 [Test worker] WARN  r.i.i.p.s.visitor.EnrollVisitor - invalid trailer: T                  10
2026-09-06 12:36:14.210 [Test worker] WARN  r.i.i.p.service.ProcessFileService - Validation failed for file Z001002.ERRORCOUNT_ENROLL1.298: File contains validation errors
2026-09-06 12:36:14.235 [Test worker] INFO  r.i.i.p.service.GenerateDirService - create 3 state directory
2026-09-06 12:36:14.236 [Test worker] INFO  r.i.i.p.service.GenerateDirService - file: Z001002.ERRORCOUNT_ENROLL1.298 move to error
2026-09-06 12:36:14.236 [Test worker] WARN  r.i.i.p.service.CheckDirService - File Z001002.ERRORCOUNT_ENROLL1.298 processing completed with error: File contains validation errors
2026-09-06 12:36:14.294 [Test worker] INFO  r.i.i.p.service.CheckDirService - service get new file: Z001002.VALID_ENROLL2.298
2026-09-06 12:36:14.298 [Test worker] INFO  r.i.i.p.service.ProcessFileService - start process file: Z001002.VALID_ENROLL2.298
2026-09-06 12:36:14.300 [Test worker] INFO  r.i.i.p.service.GenerateDirService - create 3 state directory
2026-09-06 12:36:14.301 [Test worker] INFO  r.i.i.p.service.GenerateDirService - file: Z001002.VALID_ENROLL2.298 move to in-progress
2026-09-06 12:36:14.303 [Test worker] INFO  r.i.i.p.s.visitor.EnrollVisitor - title: Z001002.VALID_ENROLL2.298 is valid
2026-09-06 12:36:14.345 [Test worker] INFO  r.i.i.p.service.GenerateDirService - create 3 state directory
2026-09-06 12:36:14.346 [Test worker] INFO  r.i.i.p.service.GenerateDirService - file: Z001002.VALID_ENROLL2.298 move to success
2026-09-06 12:36:14.346 [Test worker] INFO  r.i.i.p.service.ProcessFileService - file: Z001002.VALID_ENROLL2.298 move in success
2026-09-06 12:36:14.421 [Test worker] INFO  r.i.i.p.service.CheckDirService - service get new file: Z001002.VALIDINTIME_ENROLL2.298
2026-09-06 12:36:14.425 [Test worker] INFO  r.i.i.p.service.ProcessFileService - start process file: Z001002.VALIDINTIME_ENROLL2.298
2026-09-06 12:36:14.426 [Test worker] INFO  r.i.i.p.service.GenerateDirService - create 3 state directory
2026-09-06 12:36:14.427 [Test worker] INFO  r.i.i.p.service.GenerateDirService - file: Z001002.VALIDINTIME_ENROLL2.298 move to in-progress
2026-09-06 12:36:14.428 [Test worker] INFO  r.i.i.p.s.visitor.EnrollVisitor - title: Z001002.VALIDINTIME_ENROLL2.298 is valid
2026-09-06 12:36:14.489 [Test worker] INFO  r.i.i.p.service.GenerateDirService - create 3 state directory
2026-09-06 12:36:14.490 [Test worker] INFO  r.i.i.p.service.GenerateDirService - file: Z001002.VALIDINTIME_ENROLL2.298 move to success
2026-09-06 12:36:14.490 [Test worker] INFO  r.i.i.p.service.ProcessFileService - file: Z001002.VALIDINTIME_ENROLL2.298 move in success
2026-09-06 12:36:14.828 [SpringApplicationShutdownHook] INFO  n.d.b.g.s.s.GrpcServerLifecycle - Completed gRPC server shutdown
2026-09-06 12:36:14.855 [SpringApplicationShutdownHook] INFO  o.s.o.j.LocalContainerEntityManagerFactoryBean - Closing JPA EntityManagerFactory for persistence unit 'postgres'
2026-09-06 12:36:14.857 [SpringApplicationShutdownHook] INFO  com.zaxxer.hikari.HikariDataSource - HikariPool-2 - Shutdown initiated...
2026-09-06 12:36:14.875 [SpringApplicationShutdownHook] INFO  com.zaxxer.hikari.HikariDataSource - HikariPool-2 - Shutdown completed.
2026-09-06 12:36:14.876 [SpringApplicationShutdownHook] INFO  o.s.o.j.LocalContainerEntityManagerFactoryBean - Closing JPA EntityManagerFactory for persistence unit 'oracle'
2026-09-06 12:36:14.877 [SpringApplicationShutdownHook] INFO  com.zaxxer.hikari.HikariDataSource - HikariPool-1 - Shutdown initiated...
2026-09-06 12:36:14.914 [SpringApplicationShutdownHook] INFO  com.zaxxer.hikari.HikariDataSource - HikariPool-1 - Shutdown completed.
